datetime,open,high,low,close,volume,ATR,log_close,log_ret,SMA_50,SMA_100,SMA_200,EMA_15,MACD,MACD_signal,RSI,trade_type,signals
2018-01-01 05:30:00,13715.65,13818.55,12750.0,13380.0,8609.915844,,9.50151633368222,,,,,13380.0,0.0,0.0,,HOLD,0
2018-01-02 05:30:00,13382.16,15473.49,12890.02,14675.11,20078.092111,,9.59390814040926,0.09239180672703995,,,,13541.88875,103.3136182336184,20.66272364672368,,HOLD,0
2018-01-03 05:30:00,14690.0,15307.56,14150.0,14919.51,15905.667639,,9.61042503139539,0.016516890986130406,,,,13714.09140625,202.57626934846303,57.04543278707155,,HOLD,0
2018-01-04 05:30:00,14919.51,15280.0,13918.04,15059.54,21329.649574,,9.61976695639868,0.00934192500328912,,,,13882.27248046875,289.20807555697866,103.47796134105297,,HOLD,0
2018-01-05 05:30:00,15059.56,17176.24,14600.0,16960.39,23251.491125,,9.738635904364525,0.11886894796584535,,,,14267.037170410156,505.4209371100078,183.86655649484396,,HOLD,0
2018-01-06 05:30:00,16960.39,17143.13,16011.21,17069.79,18571.457508,,9.745065513428102,0.006429609063577146,,,,14617.381274108888,677.7857609807852,282.65039739203223,,HOLD,0
2018-01-07 05:30:00,17069.79,17099.96,15610.0,16150.03,12493.125558,,9.689677186234217,-0.05538832719388509,,,,14808.962364845276,731.7342040592503,372.4671587254759,,HOLD,0
2018-01-08 05:30:00,16218.85,16322.3,12812.0,14902.54,26600.609912,,9.609286947203882,-0.0803902390303346,,,,14820.659569239619,666.1477796442668,431.2032829092341,,HOLD,0
2018-01-09 05:30:00,14902.54,15500.0,14011.05,14400.0,14315.004253,,9.574983485564092,-0.03430346163979081,,,,14768.077123084666,567.0823157334471,458.3790894740767,,HOLD,0
2018-01-10 05:30:00,14401.0,14955.66,13131.31,14907.09,17411.001655,,9.609592217684284,0.03460873212019244,,,,14785.453732699083,523.4560711795748,471.3944858151763,,HOLD,0
2018-01-11 05:30:00,14940.0,14968.68,11400.0,13238.78,33554.723751,,9.49090568023028,-0.11868653745400337,,,,14592.119516111698,350.22609529059264,447.16080771025963,,HOLD,0
2018-01-12 05:30:00,13238.76,14109.78,12500.0,13740.01,16417.162137,,9.528067293578113,0.0371616133478323,,,,14485.605826597735,250.49758318052773,407.82816280431325,,HOLD,0
2018-01-13 05:30:00,13749.95,14580.0,13706.15,14210.0,12221.508528,,9.561701221091147,0.03363392751303351,,,,14451.155098273019,207.00011547970098,367.6625533393908,,HOLD,0
2018-01-14 05:30:00,14210.0,14339.5,12569.2,13474.99,17017.894329,1858.2764285714288,9.508590653661894,-0.05311056742925224,,,,14329.134460988893,111.92865086532584,316.5157728445778,,HOLD,0
2018-01-15 05:30:00,13477.98,14249.99,13147.79,13539.93,14652.094705,1860.68,9.513398376585842,0.004807722923947821,,,,14230.483903365282,41.34731931998431,261.4820821396591,50.775895945624704,HOLD,0
2018-01-16 05:30:00,13500.0,13542.93,9035.0,10900.0,63401.169175,1998.1414285714288,9.296518068217235,-0.21688030836860683,,,,13814.173415444622,-225.0153457861379,164.1825965544997,33.79916006993409,HOLD,0
2018-01-17 05:30:00,10899.99,11680.99,9037.94,10988.79,72331.796646,2104.2478571428574,9.304630941245215,0.008112873027979361,,,,13461.000488514044,-424.05680311103424,46.5347166213929,32.903014781616235,HOLD,0
2018-01-18 05:30:00,10972.59,11878.82,10435.33,10961.97,48464.434937,2110.0714285714284,9.302187288875443,-0.0024436523697719537,,,,13148.621677449788,-577.307895851498,-78.23380587318528,32.00001757137271,HOLD,0
2018-01-19 05:30:00,10960.0,11795.0,10360.0,11474.98,34129.375421,2028.554285714286,9.347924292007837,0.045737003132394705,,,,12939.416467768564,-649.8735338008464,-192.5617514587175,22.55733512368539,HOLD,0
2018-01-20 05:30:00,11474.98,13099.0,11412.45,12799.94,28768.857827,2068.1707142857144,9.457195762396722,0.10927147038888485,,,,12921.981909297494,-593.6261728346562,-272.77463573390526,30.954953090446196,HOLD,0
2018-01-21 05:30:00,12799.8,12799.8,10965.0,11530.0,41379.773426,2092.8121428571426,9.352707613263105,-0.10448814913361737,,,,12747.984170635307,-644.0985119883862,-347.03941098480146,30.01725771082306,HOLD,0
2018-01-22 05:30:00,11530.0,11926.35,9900.24,10760.05,43752.606791,1986.7985714285714,9.283595480545127,-0.06911213271797756,,,,12499.492399305895,-737.7227262884498,-425.1760740455312,31.310686838992254,HOLD,0
2018-01-23 05:30:00,10760.05,11399.0,9905.0,10799.18,37473.922552,1987.1592857142857,9.287225484303866,0.0036300037587384537,,,,12286.953349392657,-799.546452862136,-500.0501498088522,33.04554999952916,HOLD,0
2018-01-24 05:30:00,10799.14,11570.48,10500.0,11349.99,27158.587762,1933.3114285714285,9.336972141851891,0.04974665754802565,,,,12169.832930718576,-794.9329457291315,-559.0267089929081,33.3200785533283,HOLD,0
2018-01-25 05:30:00,11349.96,11794.05,10950.21,11175.27,20839.954183,1738.68,9.321458580263721,-0.015513561588170077,,,,12045.512564378754,-796.197087482713,-606.4607846908691,38.74763747882865,HOLD,0
2018-01-26 05:30:00,11184.7,11643.0,10311.15,11089.0,33056.87196,1718.8278571428568,9.313708904953216,-0.0077496753105048555,,,,11925.948493831409,-794.9959781730358,-644.1678233873025,34.85876035351892,HOLD,0
2018-01-27 05:30:00,11089.0,11650.0,10842.69,11491.0,18860.768345,1714.075,9.349319399257634,0.03561049430441798,,,,11871.579932102482,-752.9267788201778,-665.9196144738776,34.34888122418343,HOLD,0
2018-01-28 05:30:00,11499.98,12244.0,11408.0,11879.95,16887.339524,1647.3392857142858,9.38260738415357,0.0332879848959351,,,,11872.626190589672,-680.358867317851,-668.8074650426723,40.43766231586219,HOLD,0
2018-01-29 05:30:00,11879.95,11975.02,11139.55,11251.0,14170.377538,1628.287142857143,9.328212292571072,-0.05439509158249756,,,,11794.922916765963,-665.9229381656842,-668.2305596672747,37.14695150507119,HOLD,0
2018-01-30 05:30:00,11250.11,11308.42,9900.0,10237.51,25554.372946,1406.8935714285715,9.233813704961825,-0.09439858760924658,,,,11600.246302170217,-727.8720769989905,-680.158863133618,45.44854962838994,HOLD,0
2018-01-31 05:30:00,10230.0,10425.85,9700.0,10285.1,18015.956805,1269.9507142857144,9.238451524937213,0.0046378199753878135,,,,11435.853014398941,-764.3165353213935,-696.9903975711732,45.13797244282183,HOLD,0
2018-02-01 05:30:00,10285.1,10335.0,8750.99,9224.52,33564.764311,1279.9878571428574,9.129620435034663,-0.10883108990254975,,,,11159.436387599073,-868.7643982768786,-731.3451977123143,39.495910088448504,HOLD,0
2018-02-02 05:30:00,9224.52,9250.0,8010.02,8873.03,49971.626975,1266.0578571428573,9.090771617873237,-0.0388488171614263,,,,10873.63558914919,-968.7354088741777,-778.8232399446871,33.95607011122445,HOLD,0
2018-02-03 05:30:00,8873.03,9473.01,8229.0,9199.96,28725.000735,1234.4478571428574,9.126954415201594,0.036182797328356386,,,,10664.42614050554,-1009.9406689276257,-825.0467257412749,24.68653316082579,HOLD,0
2018-02-04 05:30:00,9199.96,9368.0,7930.0,8184.81,32014.308449,1206.095,9.010035276340936,-0.11691913886065741,,,,10354.474122942347,-1111.6953237395555,-882.3764453409311,25.603959154085246,HOLD,0
2018-02-05 05:30:00,8179.99,8382.8,6625.0,6939.99,63403.182579,1186.93,8.845055612577621,-0.1649796637633152,,,,9927.663607574554,-1278.0506194042937,-961.5112801536037,23.945419922301284,HOLD,0
2018-02-06 05:30:00,6939.63,7878.0,6000.01,7652.14,100201.500307,1214.3578571428573,8.942740626263136,0.09768501368551519,,,,9643.223156627735,-1337.0115989774713,-1036.6113439183773,30.34058396531691,HOLD,0
2018-02-07 05:30:00,7655.02,8476.0,7150.01,7599.0,60778.460497,1232.6085714285714,8.935771938669784,-0.0069686875933516745,,,,9387.695262049268,-1372.2085875436078,-1103.7307926434235,25.01415490865587,HOLD,0
2018-02-08 05:30:00,7599.0,7844.0,7572.09,7784.02,1521.537318,1191.7564285714286,8.959828193235612,0.024056254565827828,,,,9187.23585429311,-1369.3874408356678,-1156.8621222818724,27.441385852248317,HOLD,0
2018-02-09 05:30:00,7789.9,8738.0,7789.9,8683.92,20482.910825,1164.7657142857142,9.069228318611207,0.10940012537559518,,,,9124.321372506472,-1279.7846912401528,-1181.4466360735285,35.56402277987458,HOLD,0
2018-02-10 05:30:00,8683.93,9065.78,8120.0,8533.98,49381.512653,1174.6564285714287,9.05181112017829,-0.017417198432918113,,,,9050.528700943163,-1206.9596915144339,-1186.5492471617097,31.697305059358015,HOLD,0
2018-02-11 05:30:00,8533.99,8549.0,7726.53,8063.88,45025.187952,1173.69,8.995150109248046,-0.05666101093024345,,,,8927.197613325268,-1173.6493960995322,-1183.9692769492742,26.61506878695957,HOLD,0
2018-02-12 05:30:00,8063.82,8989.0,8053.0,8903.0,41987.85049,1180.8707142857143,9.094143577573671,0.0989934683256255,,,,8924.17291165961,-1067.2383168303131,-1160.623084925482,35.9727436309804,HOLD,0
2018-02-13 05:30:00,8903.0,8950.0,8351.0,8539.9,35454.972956,1123.055,9.052504577112185,-0.04163900046148683,,,,8876.138797702159,-1000.6707952737415,-1128.632626995134,39.003734925243194,HOLD,0
2018-02-14 05:30:00,8535.17,9489.6,8533.0,9449.99,40811.952867,1139.537142857143,9.15376896228617,0.10126438517398562,,,,8947.870197989389,-864.5133263017979,-1075.8087668564667,45.13425927544389,HOLD,0
2018-02-15 05:30:00,9449.98,10219.5,9301.5,10000.09,52427.596715,1091.965,9.210349371935683,0.05658040964951283,,,,9079.397673240715,-704.1026218217648,-1001.4675378495264,54.80464127963524,HOLD,0
2018-02-16 05:30:00,10000.89,10323.37,9666.0,10159.98,38161.205974,1050.3500000000001,9.226211752626599,0.0158623806909155,,,,9214.470464085625,-557.6460001143678,-912.7032303024946,58.166496392514695,HOLD,0
2018-02-17 05:30:00,10156.07,11075.07,10050.0,11039.55,41882.108407,1034.7114285714285,9.309239558130773,0.08302780550417488,,,,9442.605406074923,-366.38071529957597,-803.438727301911,60.908268294100274,HOLD,0
2018-02-18 05:30:00,11039.55,11274.0,10080.0,10383.43,61137.380728,1017.2828571428571,9.247966545295485,-0.0612730128352883,,,,9560.208480315556,-264.6937746008134,-695.6897367616914,63.61701758688775,HOLD,0
2018-02-19 05:30:00,10375.01,11250.0,10270.33,11153.0,40831.417131,961.702142857143,9.319463798994537,0.07149725369905191,11399.3926,,,9759.30742027611,-120.61786636559009,-580.6753626824711,77.7251602764481,HOLD,0
2018-02-20 05:30:00,11147.11,11786.01,11100.59,11200.99,48153.354288,876.5185714285716,9.32375744623391,0.004293647239373755,11355.8124,,,9939.517742741598,-2.5350565930875746,-465.04730146459445,75.59149942670888,HOLD,0
2018-02-21 05:30:00,11195.07,11304.03,10200.0,10437.6,68113.818754,860.6642857142859,9.253169949951538,-0.07058749628237315,11271.0622,,,10001.7780248989,29.11164686506163,-366.2155117986633,68.56774683080627,HOLD,0
2018-02-22 05:30:00,10439.02,10933.44,9679.0,9811.04,67060.166483,930.8450000000001,9.191263561211445,-0.06190638874009302,11168.8928,,,9977.935771786539,3.5923216899354884,-292.25394510094355,62.53500118731944,HOLD,0
2018-02-23 05:30:00,9815.55,10435.0,9570.19,10131.04,57202.70237,924.4757142857145,9.223359257323446,0.032095696112001804,11070.3228,,,9997.073800313221,9.084675792728376,-231.98622092220918,59.64034566466904,HOLD,0
2018-02-24 05:30:00,10131.04,10496.97,9352.0,9694.51,40888.156299,938.7035714285715,9.179315024883241,-0.04404423244020528,10925.0052,,,9959.253325274067,-21.538632825227978,-189.89670330281294,57.446808510638306,HOLD,0
2018-02-25 05:30:00,9694.51,9847.0,9274.8,9590.0,28373.517586,920.827142857143,9.168476167877484,-0.010838857005756708,10775.409400000002,,,9913.096659614808,-53.622779089149844,-162.64191846008035,60.274771293226735,HOLD,0
2018-02-26 05:30:00,9590.0,10444.32,9350.0,10324.0,34878.292756,932.1357142857144,9.242226560838505,0.0737503929610206,10658.8888,,,9964.459577162957,-19.596138366136074,-134.0327624412915,59.7044016051531,HOLD,0
2018-02-27 05:30:00,10321.0,10870.0,10121.0,10569.04,30705.385123,942.8500000000001,9.265684251655417,0.023457690816911736,10572.218799999999,,,10040.03213001759,26.83357887686543,-101.85949417766014,64.08467715066303,HOLD,0
2018-02-28 05:30:00,10584.33,11098.0,10300.0,10326.76,30800.983782,931.5214285714288,9.242493863350996,-0.023190388304421106,10490.753999999999,,,10075.87311376539,43.57716271253048,-72.77216279962202,56.70769866346367,HOLD,0
2018-03-01 05:30:00,10325.64,11060.41,10240.0,10920.0,25092.55393,924.5507142857144,9.298351249298896,0.055857385947900795,10411.0122,,,10181.388974544716,103.522737937481,-37.51318265220142,56.99158951098167,HOLD,0
2018-03-02 05:30:00,10923.36,11200.0,10770.0,11039.0,23910.71009,908.3100000000001,9.309189736018352,0.010838486719455531,10367.016599999999,,,10288.590352726627,158.80177564435144,1.7498090071091497,56.72259781577902,HOLD,0
2018-03-03 05:30:00,11038.99,11544.0,11015.01,11464.48,21287.15328,872.8757142857141,9.347008838833847,0.0378191028154955,10321.506000000001,,,10435.576558635797,234.24328067800343,48.248503341288014,53.49235910324457,HOLD,0
2018-03-04 05:30:00,11464.47,11565.0,11050.02,11515.0,17295.918653,824.3742857142855,9.351405812254786,0.004396973420938366,10267.606000000002,,,10570.504488806322,294.7105193148727,97.54090653600497,60.32810586132808,HOLD,0
2018-03-05 05:30:00,11515.0,11710.0,11415.01,11454.0,15144.231063,775.4685714285715,9.346094292953802,-0.005311519300983392,10227.1862,,,10680.941427705531,333.8605151777774,144.80482826435946,53.15544056659552,HOLD,0
2018-03-06 05:30:00,11455.0,11455.0,10555.48,10716.48,29515.572363,790.7614285714286,9.279538022494478,-0.06655627045932455,10170.7172,,,10685.383749242339,301.8954063503934,176.22294388156624,45.56233937282357,HOLD,0
2018-03-07 05:30:00,10716.48,10899.0,9389.31,9910.0,50647.67108,819.7371428571429,9.201299627324033,-0.07823839517044462,10150.9172,,,10588.460780587047,209.07652728221,182.793660561695,45.20551928697093,HOLD,0
2018-03-08 05:30:00,9910.0,10099.0,9060.0,9271.64,41109.473226,804.3485714285713,9.134715557691184,-0.06658406963284946,10116.574200000001,,,10423.858183013666,83.04923995207173,162.84477643977036,45.10877844598073,HOLD,0
2018-03-09 05:30:00,9267.07,9410.0,8329.0,9227.0,64112.291407,819.7907142857142,9.129889247578555,-0.0048263101126284624,10081.8748,,,10274.250910136958,-20.197543454187326,126.23631246097884,41.371358759974036,HOLD,0
2018-03-10 05:30:00,9230.0,9490.0,8667.07,8770.22,37180.012857,796.7878571428571,9.079117170570406,-0.05077207700814945,10027.7796,,,10086.247046369837,-137.29701713767645,73.52964654124779,41.21205206461488,HOLD,0
2018-03-11 05:30:00,8770.22,9740.0,8450.0,9533.57,44325.973386,848.0592857142856,9.16257453300652,0.08345736243611412,9962.4522,,,10017.162415573606,-166.5829635604914,25.50712452089995,49.52320922522132,HOLD,0
2018-03-12 05:30:00,9533.57,9888.88,8780.0,9131.34,42230.77793,849.0992857142857,9.119467731713272,-0.04310680129324851,9914.479,,,9906.434613626905,-219.7161356745437,-23.537527518188778,39.32440851283227,HOLD,0
2018-03-13 05:30:00,9131.34,9474.0,8823.0,9150.0,40191.409358,842.0992857142857,9.121509158269568,0.002041426556296244,9882.278,,,9811.880286923542,-257.3522547305729,-70.3004729606656,36.76155043156688,HOLD,0
2018-03-14 05:30:00,9151.92,9333.78,7900.28,8170.0,49708.094108,887.4921428571428,9.008224187854049,-0.11328497041551877,9829.6944,,,9606.6452510581,-362.0830915439219,-128.65699667731687,32.3136950039854,HOLD,0
2018-03-15 05:30:00,8184.01,8430.0,7650.0,8240.98,52291.022277,884.6057142857143,9.016874547870499,0.00865036001644981,9767.5142,,,9435.937094675837,-434.34864071057564,-189.79532548396864,25.972914798206276,HOLD,0
2018-03-16 05:30:00,8240.98,8611.64,7900.0,8260.0,38815.409893,904.722857142857,9.019179866515024,0.0023053186445256557,9709.2088,,,9288.944957841357,-484.4998414455822,-248.73622867629138,24.6210972745305,HOLD,0
2018-03-17 05:30:00,8260.0,8348.62,7721.99,7824.8,33110.206329,911.697142857143,8.965053455976284,-0.0541264105387409,9643.9248,,,9105.926838111187,-552.9875361360228,-309.5864901682377,16.81994041650107,HOLD,0
2018-03-18 05:30:00,7824.01,8317.4,7322.0,8189.99,59488.231711,946.0128571428573,9.010667955845149,0.04561449986886501,9577.9046,,,8991.434733347289,-571.2121683164405,-361.9116257978783,21.33320458460429,HOLD,0
2018-03-19 05:30:00,8189.0,8705.23,8088.4,8600.0,55297.084942,969.0014285714287,9.0595174822416,0.04884952639645057,9512.3056,,,8942.505391678878,-546.2738354855264,-398.7840677354079,26.79078527491616,HOLD,0
2018-03-20 05:30:00,8595.01,9050.0,8280.0,8909.98,44865.105835,959.75,9.094927275793424,0.03540979355182472,9465.485200000001,,,8938.439717719019,-495.782163489961,-418.1836868863186,34.21134510774566,HOLD,0
2018-03-21 05:30:00,8909.96,9177.01,8750.6,8885.0,39972.405371,882.3728571428572,9.092119740588751,-0.0028075352046723623,9438.435,,,8931.759753004142,-452.56592858186923,-425.0601352254288,39.62420384744644,HOLD,0
2018-03-22 05:30:00,8884.82,9100.0,8465.1,8722.9,40617.556809,853.5085714285715,9.073707030421616,-0.018412710167135415,9407.190999999999,,,8905.652283878624,-426.4806627298676,-425.34424072631657,43.85250676656689,HOLD,0
2018-03-23 05:30:00,8720.0,8909.0,8269.0,8898.03,39991.007666,822.0085714285714,9.093585182904471,0.01987815248285507,9400.6612,,,8904.699498393797,-387.2128258061639,-417.71795774228605,46.41926502249866,HOLD,0
2018-03-24 05:30:00,8898.04,8999.95,8491.0,8546.86,35466.609572,799.5814285714285,9.053319243015483,-0.040265939888987745,9394.1378,,,8859.969561094571,-380.04830598495937,-410.18402739082075,47.51158645276294,HOLD,0
2018-03-25 05:30:00,8531.25,8669.85,8365.77,8470.15,29001.769316,729.1585714285713,9.044303497052452,-0.009015745963031563,9379.5416,,,8811.24211595775,-376.2233596180886,-403.39189383627433,36.01263758233896,HOLD,0
2018-03-26 05:30:00,8470.14,8514.89,7831.0,8134.23,44033.59566,698.8021428571428,9.00383636243819,-0.040467134614262434,9378.53,,,8726.61560146303,-395.7361981099366,-401.86075469100683,36.65198591718986,HOLD,0
2018-03-27 05:30:00,8134.22,8215.94,7730.0,7795.51,37427.64805,687.0121428571429,8.961303205907138,-0.04253315653105183,9395.6404,,,8610.227401280152,-433.5346191720964,-408.1955275872248,33.298973394063296,HOLD,0
2018-03-28 05:30:00,7795.51,8109.0,7728.0,7949.3,26401.33167,611.8335714285714,8.980839153457255,0.019535947550117783,9401.5836,,,8527.611476120133,-445.94005311912224,-415.74443269360427,46.58242745207347,HOLD,0
2018-03-29 05:30:00,7949.3,7975.0,6941.11,7090.14,54620.915125,629.9685714285715,8.866460365452518,-0.11437878800473733,9391.4064,,,8347.927541605117,-519.1144523298208,-436.4184366208476,35.675664910830776,HOLD,0
2018-03-30 05:30:00,7090.16,7292.43,6600.1,6840.23,65306.031976,628.5892857142857,8.830576635782258,-0.03588372967026032,9372.5306,,,8159.465348904478,-590.4648283230481,-467.22771496128775,33.288841493701696,HOLD,0
2018-03-31 05:30:00,6840.24,7223.36,6777.0,6923.91,36868.539087,615.7128571428572,8.842735917944724,0.012159282162466312,9337.3304,,,8005.020930291417,-632.9618485077926,-500.37454167058877,38.439605281730806,HOLD,0
2018-04-01 05:30:00,6922.0,7049.98,6430.0,6813.01,44071.430463,588.8971428571429,8.826589298554772,-0.016146619389951766,9302.911,,,7856.019564004991,-667.8907179003108,-533.8777769165332,31.096656928855424,HOLD,0
2018-04-02 05:30:00,6813.01,7125.0,6765.0,7056.0,32123.560072,570.5521428571428,8.861633597686627,0.03504429913185447,9282.7534,,,7756.017118504366,-668.2615333172362,-560.7545281966738,27.785067651950726,HOLD,0
2018-04-03 05:30:00,7063.97,7520.0,7011.01,7405.21,37787.331811,551.9085714285713,8.90993908551653,0.048305487829903626,9252.7976,,,7712.166228691321,-633.0793341901299,-575.2194893953651,28.591184195175828,HOLD,0
2018-04-04 05:30:00,7405.21,7427.52,6707.0,6796.1,42227.183804,572.9164285714286,8.824104197221528,-0.08583488829500219,9217.9216,,,7597.6579501049055,-646.8903253675817,-589.5536565898085,24.516286446260835,HOLD,0
2018-04-05 05:30:00,6796.1,6902.0,6566.69,6770.76,39029.73146,551.5171428571429,8.820368619576099,-0.003735577645429089,9164.337,,,7494.2957063417925,-652.3603574824783,-602.1149967683425,25.36259320399624,HOLD,0
2018-04-06 05:30:00,6770.0,6850.0,6500.0,6601.39,27455.01192,530.8028571428572,8.79503551190078,-0.025333107675319155,9096.363000000001,,,7382.682493049068,-662.7226862621546,-614.2365346671049,20.97255294516151,HOLD,0
2018-04-07 05:30:00,6601.39,7070.0,6586.28,6895.8,32269.578267,529.0007142857143,8.838667809602768,0.043632297701988065,9031.079399999999,,,7321.822181417935,-639.80322663071,-619.349873059826,28.828329768517804,HOLD,0
2018-04-08 05:30:00,6895.81,7109.13,6880.0,7018.0,21427.673165,523.6471428571429,8.85623355614316,0.017565746540391558,8950.6484,,,7283.844408740693,-604.8070320290853,-616.4413048536779,31.593703973169127,HOLD,0
2018-04-09 05:30:00,7011.04,7185.0,6611.0,6782.72,34078.297206,515.7978571428572,8.822133480424288,-0.034100075718871636,8878.6342,,,7221.203857648106,-589.26474814429,-611.0059935118004,32.42084561415375,HOLD,0
2018-04-10 05:30:00,6781.55,6890.0,6656.0,6843.9,22326.728095,497.8021428571429,8.831113023566939,0.008979543142650925,8792.4522,10095.9224,,7174.040875442093,-565.49202147507,-601.9031991044544,36.6591617061962,HOLD,0
2018-04-11 05:30:00,6839.56,6990.0,6787.0,6953.79,23997.871177,485.08785714285716,8.847042113664887,0.015929090097948517,8707.5082,10031.6603,,7146.509516011832,-531.656158455311,-587.8537909746258,35.869790469052944,HOLD,0
2018-04-12 05:30:00,6953.78,8012.23,6743.2,7923.0,64861.595987,501.88357142857143,8.977525200965243,0.1304830873003553,8657.2162,9964.1392,,7243.570826510353,-421.77192208991164,-554.637417197683,61.46343746214916,HOLD,0
2018-04-13 05:30:00,7922.99,8233.39,7732.0,7877.41,55044.523148,488.24499999999995,8.971754448621702,-0.0057707523435404084,8618.543599999999,9893.718200000001,,7322.8007231965585,-334.5105753980479,-510.61204883775605,65.12647446592541,HOLD,0
2018-04-14 05:30:00,7877.48,8186.0,7810.0,7999.01,31621.286357,483.2192857142857,8.98707306300431,0.01531861438260762,8575.903,9823.1129,,7407.326882796989,-252.63105220188027,-459.01584951058095,65.50797973620135,HOLD,0
2018-04-15 05:30:00,8004.0,8429.54,7999.02,8355.0,27946.720444,469.68714285714293,9.030615441029495,0.0435423780251849,8549.1128,9737.059,,7525.786022447365,-157.20337958719756,-398.6533555259043,70.77386517647122,HOLD,0
2018-04-16 05:30:00,8355.07,8419.0,7867.0,8064.92,36664.069715,483.40142857142865,8.995279071105276,-0.0353363699242184,8518.6112,9647.0103,,7593.177769641445,-103.78690241515596,-339.68006490375467,63.421986664750996,HOLD,0
2018-04-17 05:30:00,8064.92,8173.7,7825.4,7885.02,32152.603567,471.9235714285715,8.972720035855557,-0.022559035249718917,8469.8316,9564.360200000001,,7629.658048436264,-75.10462654059211,-286.76497723112215,56.68417313291448,HOLD,0
2018-04-18 05:30:00,7890.96,8236.43,7868.0,8173.0,26969.04457,446.7742857142858,9.00859131751613,0.03587128166057241,8421.9108,9497.0648,,7697.575792381731,-28.804101265186546,-235.17280203793504,71.06627254423168,HOLD,0
2018-04-19 05:30:00,8173.99,8296.0,8080.0,8278.0,27113.847464,438.2521428571429,9.021356672308677,0.012765354792547257,8380.9356,9435.844799999999,,7770.128818334015,16.175559292641083,-184.9031297718198,72.51170960187355,HOLD,0
2018-04-20 05:30:00,8273.84,8930.0,8177.09,8856.98,39795.337485,467.0314285714286,9.088961127706096,0.06760445539741866,8339.6752,9375.3437,,7905.985216042263,97.41813597706278,-128.4388766220433,80.01618187576685,HOLD,0
2018-04-21 05:30:00,8852.12,9035.0,8565.0,8915.31,40872.229909,466.0514285714286,9.095525302547419,0.006564174841322767,8297.2014,9332.109,,8032.150814036981,164.61265462181382,-69.82857037327187,78.6763640907529,HOLD,0
2018-04-22 05:30:00,8915.31,9020.67,8727.68,8787.02,29458.25348,470.61285714285714,9.08103091158293,-0.014494390964488346,8243.6522,9282.579099999999,,8126.509462282358,205.1480449603314,-14.833247306551222,75.07612054545973,HOLD,0
2018-04-23 05:30:00,8785.7,8985.0,8745.0,8934.01,25838.114709,446.7557142857143,9.097620621230892,0.01658970964796147,8192.0324,9229.8192,,8227.447029497063,246.29437021175727,37.392276197110476,81.27775144591033,HOLD,0
2018-04-24 05:30:00,8934.0,9731.01,8922.0,9619.99,46268.790106,487.82785714285717,9.171598504158172,0.0739778829272808,8155.352199999999,9191.269199999999,,8401.51490080993,330.4467974576128,96.00318044921094,84.15624746235677,HOLD,0
2018-04-25 05:30:00,9618.96,9759.82,8730.0,8869.99,81110.037589,546.8864285714286,9.090428947907274,-0.08116955625089872,8118.4223999999995,9144.569800000001,,8460.074288208689,332.7833510267865,143.35921456472607,70.36811850541676,HOLD,0
2018-04-26 05:30:00,8869.99,9307.48,8651.62,9266.0,43300.304245,503.08857142857136,9.134107065976593,0.04367811806931954,8105.5424,9128.229800000001,,8560.815002182602,362.41212261486544,187.16979617475397,66.25624588449472,HOLD,0
2018-04-27 05:30:00,9267.03,9395.0,8889.0,8915.35,37241.347036,503.4178571428571,9.095529789201306,-0.03857727677528722,8098.4166,9107.4954,,8605.131876909778,353.52341519680886,220.44051997916495,61.699633435382296,HOLD,0
2018-04-28 05:30:00,8915.35,9427.48,8870.0,9348.0,34759.62842,516.3807142857142,9.142917695658749,0.04738790645744295,8100.836599999999,9091.3557,,8697.990392296055,377.0439616334097,251.76120831001393,64.20937762675302,HOLD,0
2018-04-29 05:30:00,9348.0,9570.51,9163.74,9419.0,38149.850035,514.6835714285713,9.150484204822817,0.0075665091640679805,8113.812199999999,9070.795900000001,,8788.116593259048,396.83876056085137,280.77671876018144,61.92333207824576,HOLD,0
2018-04-30 05:30:00,9417.04,9458.64,9124.99,9246.01,35002.033875,499.08714285714274,9.131947386096364,-0.018536818726452964,8108.061,9035.2566,,8845.353269101666,394.02535504177104,303.42644601649937,63.59215144714887,HOLD,0
2018-05-01 05:30:00,9246.01,9248.99,8800.49,9071.48,41018.463633,506.2442857142856,9.112890705100737,-0.019056680995626962,8106.8638,9010.6714,,8873.619110463958,373.40818142947865,317.4227930990952,63.67084698735764,HOLD,0
2018-05-02 05:30:00,9071.48,9268.0,8970.2,9247.84,26123.543961,501.1992857142855,9.132145289724432,0.019254584623695337,8108.820599999999,8995.549299999999,,8920.396721655963,367.0683652782027,327.3519075349167,62.71169602815676,HOLD,0
2018-05-03 05:30:00,9247.81,9844.0,9168.4,9750.0,38768.388288,534.027857142857,9.185022563991893,0.052877274267460805,8140.4205999999995,8985.0575,,9024.097131448969,397.97650515651003,341.4768270592354,65.91378877904916,HOLD,0
2018-05-04 05:30:00,9750.0,9830.04,9520.85,9713.99,28681.588879,502.3335714285713,9.181322393463118,-0.0037001705287753595,8169.8808,8968.6975,,9110.333740017848,414.784346882745,356.1383310239373,60.497556314996515,HOLD,0
2018-05-05 05:30:00,9714.0,10020.0,9682.0,9864.0,24990.018345,492.90499999999986,9.19664704484418,0.015324651381062537,8201.960799999999,8955.5848,,9204.542022515616,435.1926063903902,371.94918609722794,61.365286333479496,HOLD,0
2018-05-06 05:30:00,9863.99,9970.0,9417.03,9659.01,27690.351559,511.47499999999985,9.175646437482621,-0.021000607361559176,8238.645,8941.2849,,9261.350519701164,429.87004496315603,383.5333578704136,60.257909385859456,HOLD,0
2018-05-07 05:30:00,9661.02,9689.67,9181.0,9365.0,33787.640012,530.6657142857141,9.144734614878189,-0.03091182260443226,8262.1452,8920.0249,,9274.30670473852,397.34735387386354,386.29615707110366,54.900565113079466,HOLD,0
2018-05-08 05:30:00,9365.0,9475.7,9060.54,9187.56,25533.831889,502.53357142857124,9.125605674112013,-0.019128940766176328,8273.8964,8893.101,,9263.463366646205,353.1836801842601,379.67366169373497,44.44007292719367,HOLD,0
2018-05-09 05:30:00,9178.0,9390.0,8965.0,9310.0,25673.524899,459.3321428571427,9.138844370271112,0.013238696159099561,8281.896799999999,8873.691,,9269.28044581543,324.32491954215766,368.60391326341954,56.74603296282101,HOLD,0
2018-05-10 05:30:00,9310.0,9395.12,8970.0,9002.2,25055.063718,442.8507142857143,9.105224270891126,-0.033620099379986,8284.2408,8861.3379,,9235.8953900885,273.4649228049875,349.57611517173314,45.84310314398811,HOLD,0
2018-05-11 05:30:00,9002.21,9016.8,8341.0,8400.0,48227.048061,454.97928571428565,9.035986984831405,-0.06923728605972101,8277.7828,8842.4869,,9131.408466327437,182.46219119831403,316.1533303770493,42.47574162162478,HOLD,0
2018-05-12 05:30:00,8405.94,8646.88,8153.0,8465.94,40241.32081,450.4364285714285,9.043806333883536,0.007819349052130775,8269.141,8834.901100000001,,9048.224908036507,114.34458448427358,275.79158119849416,35.57726267871861,HOLD,0
2018-05-13 05:30:00,8475.44,8763.36,8298.0,8679.71,25632.869362,454.6214285714285,9.068743396958016,0.024937063074480292,8271.798,8832.9679,,9002.160544531944,76.72589450051964,235.97844385889925,38.45093965288301,HOLD,0
2018-05-14 05:30:00,8679.71,8879.99,8277.0,8663.34,37389.666533,473.85999999999996,9.06685560849387,-0.0018877884641455012,8275.6618,8827.601700000001,,8959.80797646545,45.07232377819673,197.79721984275878,40.42929931702381,HOLD,0
2018-05-15 05:30:00,8663.37,8859.99,8401.3,8462.0,28126.956136,474.5878571428571,9.043340831280013,-0.023514777213858196,8282.2172,8830.373599999999,,8897.581979407269,3.6975623999896925,158.97728835420497,40.07633090620157,HOLD,0
2018-05-16 05:30:00,8462.0,8488.0,8083.01,8330.0,31130.718908,482.2442857142857,9.027618735160889,-0.015722096119123563,8292.907,8844.2737,,8826.63423198136,-39.29061318008826,119.32370804734633,34.836509740688854,HOLD,0
2018-05-17 05:30:00,8330.0,8464.0,7979.0,8041.46,25439.844799,468.63,8.992365937726975,-0.035252797433914296,8294.7502,8848.1669,,8728.48745298369,-95.54048734476419,76.35086896892423,19.62984293565978,HOLD,0
2018-05-18 05:30:00,8038.82,8273.21,7911.9,8239.81,23476.158251,472.35285714285703,9.016732564385245,0.024366626658270718,8317.7436,8854.575,,8667.40277136073,-122.69932907099428,36.540829360940535,25.225531056735676,HOLD,0
2018-05-19 05:30:00,8238.01,8390.8,8095.73,8233.49,17193.424276,469.2864285714285,9.015965262107004,-0.0007673022782412886,8345.6088,8859.0697,,8613.163674940639,-143.08350046253145,0.615963396246137,21.2077654678952,HOLD,0
2018-05-20 05:30:00,8233.49,8609.0,8163.9,8526.98,19957.057109,461.58142857142855,9.050990533248505,0.035025271141501335,8377.670199999999,8857.5003,,8602.39071557306,-134.0111162198591,-26.309452526974916,30.61599104112655,HOLD,0
2018-05-21 05:30:00,8526.97,8595.31,8305.0,8381.24,21516.596486,445.98428571428565,9.03375115388983,-0.017239379358676032,8409.0348,8855.972899999999,,8574.746876126428,-137.00191356568757,-48.44794473471745,32.25374674392256,HOLD,0
2018-05-22 05:30:00,8386.89,8400.18,7935.11,7977.11,23710.902858,449.5492857142857,8.984331469461283,-0.04941968442854616,8427.457,8855.105199999998,,8500.042266610624,-170.02214608944814,-72.7627850056636,29.815269991295438,HOLD,0
2018-05-23 05:30:00,7977.12,8031.9,7425.0,7501.95,42910.666774,462.5421428571428,8.92291826573026,-0.0614132037310231,8429.391800000001,8841.0947,,8375.280733284297,-231.859625746647,-104.58215315386028,23.023439714724773,HOLD,0
2018-05-24 05:30:00,7501.95,7730.73,7266.99,7575.01,37845.446595,465.30071428571415,8.932609950508711,0.009691684778450949,8444.97,8831.445800000001,,8275.24689162376,-271.8373704838059,-138.0331966198494,27.102018027153022,HOLD,0
2018-05-25 05:30:00,7578.99,7649.55,7308.15,7457.0,26739.95664,441.41499999999996,8.916908467543795,-0.015701482964916025,8458.6948,8811.5159,,8172.96603017079,-309.47500672535443,-172.32155864095043,32.08736351824693,HOLD,0
2018-05-26 05:30:00,7456.99,7620.0,7300.0,7333.96,19464.086071,428.995,8.900270894566766,-0.016637572977028725,8473.3462,8784.854599999999,,8068.090276399441,-345.2515592596128,-206.9075587646829,28.95415941576306,HOLD,0
2018-05-27 05:30:00,7334.0,7400.0,7231.11,7338.99,18706.945515,407.81857142857143,8.900956509960675,0.0006856153939089893,8482.21,8756.644699999999,,7976.952741849511,-368.94587752138705,-239.31522251602374,22.975675043739756,HOLD,0
2018-05-28 05:30:00,7338.99,7437.0,7058.02,7099.0,27219.438963,391.8178571428571,8.867709208039386,-0.03324730192128911,8483.83,8717.2392,,7867.208649118322,-402.4497920852118,-271.94213642986136,21.075734043339978,HOLD,0
2018-05-29 05:30:00,7099.0,7540.0,7032.95,7461.29,39407.21183,395.2721428571428,8.917483600500487,0.04977439246110116,8497.4014,8688.0178,,7816.468817978532,-395.21234860005643,-296.5961788639004,32.53651641275326,HOLD,0
2018-05-30 05:30:00,7467.98,7569.0,7260.5,7375.96,32041.583623,388.38,8.905981342228232,-0.011502258272255261,8508.0426,8650.2474,,7761.405215731215,-391.84509403362335,-315.645961897845,33.07527461610512,HOLD,0
2018-05-31 05:30:00,7382.07,7699.0,7327.51,7485.01,30776.063102,380.2721428571428,8.92065763285818,0.014676290629948241,8518.667,8613.0876,,7726.855813764813,-376.04231516780237,-327.7252325518365,39.45714080007881,HOLD,0
2018-06-01 05:30:00,7485.01,7608.55,7355.54,7521.01,28259.124078,372.5364285714286,8.925455716435943,0.0047980835777625686,8510.627199999999,8583.9217,,7701.125087044212,-356.5040432339774,-333.4809946882647,35.48840364364624,HOLD,0
2018-06-02 05:30:00,7521.01,7697.33,7437.0,7640.03,26720.690219,370.055,8.941156808854428,0.015701092418485274,8505.8796,8562.2116,,7693.4882011636855,-327.63908324897056,-332.3126124004059,38.54032301667606,HOLD,0
2018-06-03 05:30:00,7636.81,7786.69,7600.0,7714.26,27505.158951,351.59714285714284,8.95082584315221,0.00966903429778121,8500.1846,8538.0438,,7696.084676018225,-295.36882590175355,-324.92385510067544,32.8545871869304,HOLD,0
2018-06-04 05:30:00,7714.26,7760.52,7446.5,7487.0,32258.835115,353.29071428571433,8.920923462230686,-0.02990238092152353,8482.8246,8515.9687,,7669.949091515947,-284.84883708667803,-316.90885149787596,31.762114537444944,HOLD,0
2018-06-05 05:30:00,7487.0,7679.49,7358.0,7625.0,31722.973384,343.03499999999997,8.939187601475613,0.01826413924492698,8474.0262,8496.3187,,7664.330455076453,-262.3519930055036,-305.9974797994015,41.94429573501353,HOLD,0
2018-06-06 05:30:00,7626.64,7699.0,7467.05,7658.84,27229.991898,316.2528571428571,8.943615815235711,0.004428213760098387,8469.5026,8469.667099999999,,7663.644148191897,-239.03700698172906,-292.605385235867,54.497606283863206,HOLD,0
2018-06-07 05:30:00,7658.79,7765.0,7620.0,7691.08,25062.227202,293.4857142857143,8.947816494771256,0.004200679535545149,8459.8642,8440.8875,,7667.073629667911,-215.47435973254142,-277.17918013520193,53.407149524754445,HOLD,0
2018-06-08 05:30:00,7691.08,7703.5,7531.0,7603.44,23396.804671,281.4214285714285,8.936356055446597,-0.011460439324659788,8446.373,8413.6543,,7659.119425959422,-201.54927303038494,-262.05319871423853,54.376673680183615,HOLD,0
2018-06-09 05:30:00,7603.44,7683.98,7450.0,7491.73,19339.885176,275.2771428571428,8.921555024473575,-0.014801030973021767,8419.068000000001,8379.3716,,7638.195747714495,-197.25378603547142,-249.0933161784851,54.747446784181776,HOLD,0
2018-06-10 05:30:00,7491.73,7491.73,6622.81,6764.99,52342.020032,325.27928571428555,8.819516062407196,-0.10203896206637886,8376.0616,8336.6315,,7529.045029250183,-249.61403085671554,-249.19745911413122,37.958075641746454,HOLD,0
2018-06-11 05:30:00,6765.0,6922.0,6610.0,6872.0,34552.162303,320.4949999999999,8.835210463664092,0.01569440125689603,8337.7612,8290.7067,,7446.91440059391,-279.25600009436675,-255.20916731017834,44.95636253754955,HOLD,0
2018-06-12 05:30:00,6872.0,6890.51,6435.0,6530.0,36722.211191,316.8135714285713,8.784162222270476,-0.05104824139361597,8289.681,8240.8567,,7332.300100519671,-326.57941188917175,-269.483216225977,29.11971373095912,HOLD,0
2018-06-13 05:30:00,6530.0,6627.6,6118.68,6292.78,46185.5181,331.12928571428563,8.74715822343705,-0.0370039988334252,8223.1368,8189.244500000001,,7202.360087954712,-378.85798908579545,-291.3581707979407,27.262842365111084,HOLD,0
2018-06-14 05:30:00,6292.78,6720.0,6260.0,6635.98,44478.130837,337.4514285714285,8.80026163744202,0.053103414004969096,8178.4566,8148.4394999999995,,7131.562576960372,-388.12174057504944,-310.7108847533625,33.773044711422685,HOLD,0
2018-06-15 05:30:00,6638.67,6666.66,6362.31,6388.9,30018.329905,341.1185714285713,8.762317388578145,-0.03794424886387482,8120.9146,8113.2285,,7038.729754840326,-410.66671122246953,-330.70205004718395,29.978176210300674,HOLD,0
2018-06-16 05:30:00,6380.01,6560.0,6320.86,6483.98,22277.241147,339.6049999999999,8.777089798335078,0.014772409756933058,8072.287200000001,8085.351900000001,,6969.386035485284,-416.0654578981121,-347.7747316173696,29.380183715330432,HOLD,0
2018-06-17 05:30:00,6482.5,6589.03,6422.0,6449.61,19847.247688,338.2007142857142,8.77177494284545,-0.0053148554896278455,8014.319399999999,8057.578,,6904.414031049624,-418.2955248616727,-361.8788902662302,27.117779249400186,HOLD,0
2018-06-18 05:30:00,6444.06,6794.38,6380.0,6712.46,31821.434995,345.3692857142856,8.811720779767708,0.03994583692225717,7960.1885999999995,8037.000399999999,,6880.419777168421,-394.30773658683484,-368.3646595303511,36.16388827358538,HOLD,0
2018-06-19 05:30:00,6711.39,6841.74,6653.0,6741.21,24311.421143,335.88714285714275,8.815994713016181,0.004273933248473583,7910.0926,8009.076800000001,,6863.018555022369,-368.7269026212298,-368.4371081485268,33.57102757525848,HOLD,0
2018-06-20 05:30:00,6740.0,6817.23,6551.81,6761.51,26359.752452,338.277857142857,8.81900151687409,0.0030068038579091905,7863.8931999999995,7985.378500000001,,6850.329985644573,-342.86354948440294,-363.3223964157021,33.23493473931224,HOLD,0
2018-06-21 05:30:00,6763.21,6795.0,6672.57,6718.84,25428.854048,336.66571428571416,8.812670799569194,-0.006330717304896538,7813.3132000000005,7961.066900000001,,6833.893737439001,-322.09683634888916,-355.0772844023395,31.905889184179387,HOLD,0
2018-06-22 05:30:00,6717.69,6733.97,5918.94,6045.0,52157.370833,382.5607142857142,8.706986763048892,-0.10568403652030156,7739.213200000001,7939.816900000001,,6735.282020259126,-355.9096185207927,-355.2437512260302,26.19117458338681,HOLD,0
2018-06-23 05:30:00,6045.92,6260.0,6008.48,6149.98,26622.788589,383.8135714285714,8.724204108762756,0.017217345713863352,7667.933000000001,7918.906899999999,,6662.119267726735,-369.97069152133554,-358.1891392850913,29.459384156590914,HOLD,0
2018-06-24 05:30:00,6149.98,6259.8,5750.0,6136.97,47445.998955,358.1621428571429,8.722086413995203,-0.0021176947675520807,7593.3924,7897.676599999999,,6596.475609260893,-377.80884624801365,-362.1130806776758,37.69726841041233,HOLD,0
2018-06-25 05:30:00,6137.95,6350.0,6061.97,6252.0,39164.515306,356.45,8.740656691541368,0.01857027754616425,7525.2522,7881.9486,,6553.416158103281,-370.46815440996306,-363.7840954241333,37.89242221857693,HOLD,0
2018-06-26 05:30:00,6252.0,6272.54,6035.0,6070.78,19377.240484,340.8807142857143,8.711242376621744,-0.029414314919623763,7459.3678,7860.7565,,6493.086638340371,-374.95133710767277,-366.0175437608412,40.43132188698116,HOLD,0
2018-06-27 05:30:00,6065.89,6190.43,5971.0,6133.73,19225.671098,320.20285714285717,8.721558326750744,0.010315950128999773,7398.2912,7836.0938,,6448.167058547824,-369.16920005194424,-366.64787501906187,46.42637271775421,HOLD,0
2018-06-28 05:30:00,6134.73,6173.01,5827.0,5853.98,30585.266026,312.0607142857143,8.674877050778623,-0.04668127597212113,7329.170800000001,7805.5338,,6373.893676229345,-382.74821859743497,-369.8679437347365,31.91388976261402,HOLD,0
2018-06-29 05:30:00,5851.01,6300.0,5780.0,6197.92,33911.287278,327.4642857142858,8.731969030874913,0.05709198009629013,7273.0852,7778.6630000000005,,6351.896966700677,-361.5884386134476,-368.2120427104787,45.77242179268088,HOLD,0
2018-06-30 05:30:00,6197.92,6528.99,6186.03,6390.07,37919.61284,334.88000000000005,8.762500501928168,0.030531471053254933,7232.886600000001,7755.334699999999,,6356.668595863092,-325.56139231700763,-359.68191263178454,48.006842657090345,HOLD,0
2018-07-01 05:30:00,6391.08,6441.06,6251.0,6356.81,27562.965974,336.5250000000001,8.757281958177648,-0.005218543750519444,7190.704000000001,7729.9225,,6356.686271380206,-296.2781920298594,-347.0011685113995,48.02947296895572,HOLD,0
2018-07-02 05:30:00,6360.82,6685.0,6271.62,6615.29,36230.452264,336.45357142857154,8.797138915346247,0.03985695716859894,7149.415599999999,7710.6068000000005,,6389.01173745768,-249.33963690995824,-327.46886219111127,47.93284347304421,HOLD,0
2018-07-03 05:30:00,6615.29,6679.35,6463.01,6513.86,38657.781691,338.4250000000001,8.781687493434509,-0.015451421911738095,7106.4259999999995,7691.043900000001,,6404.61777027547,-217.81422036975255,-305.53793382683955,45.30852121947494,HOLD,0
2018-07-04 05:30:00,6511.01,6784.92,6441.11,6586.98,23571.892777,344.0242857142859,8.792850252352494,0.011162758917985016,7068.9256000000005,7675.5714,,6427.413048991037,-184.7996721360323,-281.3902814886781,46.475323426891165,HOLD,0
2018-07-05 05:30:00,6585.53,6712.0,6453.33,6529.2,35071.972898,353.7557142857145,8.78403970327988,-0.008810549072613583,7032.9096,7662.908299999999,,6440.1364178671565,-161.43682469210762,-257.399590129364,46.19340489935525,HOLD,0
2018-07-06 05:30:00,6529.2,6648.54,6425.0,6609.78,29397.094748,311.5064285714287,8.796305649387154,0.012265946107273606,7004.276,7649.513099999999,,6461.341865633762,-134.86482940479345,-232.89263798444992,64.88080182117113,HOLD,0
2018-07-07 05:30:00,6609.79,6818.16,6508.88,6756.98,23973.876886,315.6321428571429,8.81833132365435,0.022025674267196038,6974.6194,7646.181500000001,,6498.296632429541,-100.76694330328064,-206.46749904821607,65.64513634723441,HOLD,0
2018-07-08 05:30:00,6753.48,6780.0,6667.44,6712.1,24622.947794,287.25785714285723,8.811667146724973,-0.006664176929376708,6944.1916,7644.900199999999,,6525.022053375848,-76.48390498097615,-180.47078023476809,64.58410463695057,HOLD,0
2018-07-09 05:30:00,6712.1,6802.06,6612.24,6662.12,26732.40655,280.2428571428573,8.804193031200226,-0.0074741155247473046,6906.894400000001,7642.2823,,6542.159296703868,-60.57412960046986,-156.49145010790846,60.754594277083164,HOLD,0
2018-07-10 05:30:00,6662.78,6681.0,6263.0,6296.91,38560.672702,293.1328571428573,8.747814315866355,-0.056378715333870844,6865.207799999999,7637.1213,,6511.503134615885,-76.55246365163566,-140.5036528166539,55.4079714546733,HOLD,0
2018-07-11 05:30:00,6296.91,6406.0,6278.99,6378.07,28715.498487,286.53142857142876,8.760620822737119,0.012806506870763457,6833.227,7630.342000000001,,6494.823992788899,-81.7244066985404,-128.74780359303122,55.79301253722285,HOLD,0
2018-07-12 05:30:00,6378.07,6380.28,6070.0,6250.57,31306.663348,283.9792857142858,8.74042793857198,-0.02019288416513909,6808.1993999999995,7618.7955999999995,,6464.292243690286,-95.01610673017785,-122.00146422046056,60.134309822300146,HOLD,0
2018-07-13 05:30:00,6251.4,6350.0,6110.0,6214.57,26375.325286,263.9792857142858,8.73465181410153,-0.005776124470449062,6780.990600000001,7612.980299999999,,6433.076963229,-107.2188220628841,-119.04493578894528,50.504934100792724,HOLD,0
2018-07-14 05:30:00,6214.57,6335.0,6178.0,6251.99,17783.071999,250.6964285714287,8.740655092051924,0.006003277950393127,6756.8904,7607.792599999999,,6410.441092825375,-112.57241587554108,-117.75043180626446,45.37884872824631,HOLD,0
2018-07-15 05:30:00,6250.9,6395.0,6225.4,6353.01,22979.211508,249.23500000000013,8.756683995324794,0.01602890327287021,6737.2714000000005,7605.308799999999,,6403.262206222203,-107.42537494955377,-115.68542043492234,49.87834238295256,HOLD,0
2018-07-16 05:30:00,6354.15,6747.3,6330.4,6723.35,36204.87708,249.48642857142872,8.813341821206178,0.05665782588138413,6724.9586,7603.5843,,6443.273180444427,-72.62578020754518,-107.07349238944691,53.2283314013934,HOLD,0
2018-07-17 05:30:00,6723.33,7468.99,6652.04,7317.44,52105.423459,292.387142857143,8.89801581901073,0.08467399780455231,6729.3274,7606.5787,,6552.544032888874,2.8582986382734816,-85.08713418390285,68.547463855088,HOLD,0
2018-07-18 05:30:00,7317.44,7588.08,7225.38,7381.9,59487.64345,293.7364285714287,8.906786337033816,0.008770518023085927,6727.7396,7612.570500000001,,6656.2135287777655,67.10778151020168,-54.64815104508194,68.42122338502611,HOLD,0
2018-07-19 05:30:00,7381.88,7576.28,7270.0,7466.21,41218.256437,297.1371428571429,8.918142786590343,0.011356449556526371,6729.544599999999,7618.7936,8857.358,6757.463087680545,123.40651844393324,-19.037217147278902,71.45022090973606,HOLD,0
2018-07-20 05:30:00,7468.86,7700.0,7273.0,7337.53,46140.313447,311.6700000000001,8.900757552714024,-0.017385233876318296,6726.595,7622.630999999999,8827.145649999999,6829.971451720477,155.84380215618512,15.938986713413904,66.30081756075708,HOLD,0
2018-07-21 05:30:00,7337.47,7458.47,7211.0,7398.78,28886.490291,307.2550000000001,8.90907040073569,0.008312848021665431,6724.1503999999995,7617.3888,8790.764,6901.072520255417,184.36767056713688,49.6247234841585,64.95131155942786,HOLD,0
2018-07-22 05:30:00,7399.25,7582.4,7335.5,7394.79,30270.21844,316.85071428571433,8.908530977175758,-0.000539423559931862,6719.2456,7612.562599999999,8753.140399999998,6962.78720522349,204.2960840450396,80.55899559633474,66.21275666022294,HOLD,0
2018-07-23 05:30:00,7394.78,7833.0,7375.0,7721.01,41646.346671,336.00642857142856,8.951700463476996,0.04316948630123818,6719.3806,7609.7826000000005,8716.44775,7057.565054570554,243.6046007693776,113.16811663094332,72.23017655826843,HOLD,0
2018-07-24 05:30:00,7721.65,8486.0,7696.0,8397.24,60121.163749,362.57785714285717,9.035658359411414,0.08395789593441805,6737.5854,7610.205,8673.632,7225.024422749234,325.570024405034,155.64849818576147,89.00088016726892,HOLD,0
2018-07-25 05:30:00,8397.24,8491.77,8050.0,8175.64,48257.649124,385.0607142857143,9.008914280162925,-0.026744079248489427,6748.5982,7611.312199999999,8629.16125,7343.851369905579,368.400256320092,198.1988498126276,81.7243241526097,HOLD,0
2018-07-26 05:30:00,8175.63,8315.69,7850.06,7920.0,43223.481682,396.1571428571429,8.977146484808472,-0.031767795354452844,6753.8214,7611.661999999999,8588.0111,7415.869948667382,377.36547783394053,234.0321754168902,78.18792739552555,HOLD,0
2018-07-27 05:30:00,7920.0,8285.0,7805.0,8188.57,43671.005891,413.30000000000007,9.010494558427602,0.0333480736191305,6763.771199999999,7611.8177000000005,8554.44125,7512.45745508396,401.51343796206675,267.5284279259255,80.90343225353965,HOLD,0
2018-07-28 05:30:00,8188.57,8246.54,8067.0,8225.04,26215.173839,414.91000000000014,9.014938438843632,0.004443880416030055,6776.203200000001,7611.2881,8523.56645,7601.530273198465,418.7664159774122,297.77602553622285,80.89775029988695,HOLD,0
2018-07-29 05:30:00,8225.04,8294.51,8115.0,8211.0,25531.226185,415.61785714285725,9.01322999770879,-0.0017084411348431416,6790.5886,7604.828299999999,8490.086,7677.713989048657,426.3914395965303,323.4991083482844,79.91075021974376,HOLD,0
2018-07-30 05:30:00,8210.99,8273.0,7866.0,8173.92,39692.416542,414.91071428571433,9.008703876946404,-0.004526120762385233,6818.767199999999,7597.4144,8464.761700000001,7739.7397404175745,424.5483505277871,343.708956784185,76.15873737209796,HOLD,0
2018-07-31 05:30:00,8171.4,8180.0,7633.0,7730.93,48296.915587,395.6285714285715,8.952984444823397,-0.05571943212300745,6835.9457999999995,7586.853500000001,8434.7163,7738.638522865378,382.92794341663284,351.5527541106746,57.886425102897924,HOLD,0
2018-08-01 05:30:00,7735.67,7750.0,7430.0,7604.58,42582.312932,392.57857142857154,8.936505976343879,-0.016478468479517616,6857.4374,7573.559200000001,8401.689199999999,7721.8812075072055,335.87630886041006,348.4174650606217,54.14918275931461,HOLD,0
2018-08-02 05:30:00,7600.08,7709.46,7455.72,7525.71,37665.696684,388.82571428571435,8.926080437325659,-0.010425539018219965,6882.096000000001,7552.6164,8371.9428,7697.359806568805,288.8932184376099,336.51261573601937,51.110911956026555,HOLD,0
2018-08-03 05:30:00,7525.71,7540.0,7282.44,7418.78,44669.486047,376.72285714285726,8.91176990215772,-0.014310535167938454,6897.7519999999995,7538.104299999999,8341.33705,7662.537330747704,240.26084595891916,317.2622617805993,51.52942328036352,HOLD,0
2018-08-04 05:30:00,7412.27,7494.81,6926.0,7009.84,36288.42601,399.67571428571443,8.855070155231775,-0.05669974692594515,6910.170800000001,7515.542699999999,8321.88625,7580.950164404241,166.79855018833405,287.16951946214624,43.52612586220672,HOLD,0
2018-08-05 05:30:00,7009.84,7089.87,6882.29,7024.19,32894.849782,396.867142857143,8.857115185063,0.002045029831224454,6920.975,7496.6311,8302.06325,7511.3551438537115,108.48651161948965,251.43291789361493,43.85259498122271,HOLD,0
2018-08-06 05:30:00,7024.19,7160.0,6821.0,6934.82,32760.191643,388.367142857143,8.84431037711288,-0.012804807950120178,6930.6792,7472.4992999999995,8281.9275,7439.288250871998,54.43489722373397,212.03331375963876,35.84680802036415,HOLD,0
2018-08-07 05:30:00,6935.0,7150.46,6670.0,6720.06,45438.473501,366.25714285714304,8.812852362048764,-0.03145801506411594,6930.8312,7445.5099,8258.152900000001,7349.384719512997,-5.665426274065794,168.49356575289787,13.790825402856711,HOLD,0
2018-08-08 05:30:00,6720.63,6721.54,6123.0,6285.0,59550.536319,377.4550000000001,8.745921121024347,-0.06693124102441672,6921.707,7415.8998,8225.5782,7216.336629573872,-87.39365207691117,117.31612218693606,12.627005400447544,HOLD,0
2018-08-09 05:30:00,6283.27,6622.81,6178.6,6529.79,51941.185111,375.9250000000001,8.784130062488426,0.03820894146407916,6917.0726,7390.482899999999,8200.577150000001,7130.518300877138,-130.9023913574656,67.67241947805573,22.400806807037327,HOLD,0
2018-08-10 05:30:00,6529.79,6575.88,6026.39,6144.01,59034.974902,380.88857142857154,8.72323290243035,-0.06089716005807588,6905.576,7359.4446,8177.496950000001,7007.204763267496,-194.2731427441404,15.283307033616502,11.215275933499782,HOLD,0
2018-08-11 05:30:00,6148.13,6488.0,5971.0,6232.35,47133.418555,404.9928571428572,8.737508747719401,0.014275845289050793,6909.322999999999,7324.2681,8154.662799999999,6910.347917859059,-234.66158736054786,-34.70567184521637,12.928766766506044,HOLD,0
2018-08-12 05:30:00,6222.55,6472.3,6130.0,6308.33,38567.770712,416.6207142857143,8.749626261235814,0.012117513516413325,6912.49,7290.2115,8129.4545,6835.095678126677,-257.5696669049057,-79.27847085715425,15.400841580017357,HOLD,0
2018-08-13 05:30:00,6308.56,6545.0,6145.04,6246.35,53895.828783,416.1178571428572,8.739752572136027,-0.009873689099787697,6914.6776,7254.035,8104.8099,6761.502468360842,-277.5265991188053,-118.92809650948445,15.262624842763884,HOLD,0
2018-08-14 05:30:00,6248.25,6250.33,5880.0,6188.08,50186.745091,403.49857142857144,8.73038013985761,-0.009372432278416554,6913.399200000001,7219.325699999999,8080.305299999999,6689.824659815737,-294.6479950229286,-154.07207621217327,17.719696874594604,HOLD,0
2018-08-15 05:30:00,6188.08,6609.0,6172.11,6267.16,68806.687026,411.8478571428572,8.743078580455661,0.012698440598050809,6917.326799999999,7188.347299999999,8054.1861,6636.991577338769,-298.3960061156413,-182.9368621928669,21.453148345784385,HOLD,0
2018-08-16 05:30:00,6265.27,6480.0,6205.6,6311.75,48515.254618,413.3235714285715,8.750168254643736,0.007089674188074824,6920.8872,7159.589199999999,8026.3451000000005,6596.336380171423,-294.3749207197252,-205.22447389823856,23.703546455710438,HOLD,0
2018-08-17 05:30:00,6316.0,6585.0,6285.4,6584.49,57851.610803,416.3264285714286,8.79247216243092,0.042303907787184514,6935.4974,7132.334099999999,8003.01255,6594.855582649995,-266.11276070047734,-217.40213125868632,33.13904843514426,HOLD,0
2018-08-18 05:30:00,6579.04,6620.0,6288.0,6387.96,53742.322172,399.4114285714286,8.762170247574534,-0.030301914856385892,6939.298199999999,7106.1917,7983.7648,6568.993634818746,-256.6150255207194,-225.24471011109296,36.251448077042106,HOLD,0
2018-08-19 05:30:00,6387.96,6541.0,6300.0,6477.53,45190.847994,401.79857142857145,8.776094543841982,0.01392429626744729,6941.0473999999995,7086.967,7964.72695,6557.560680466402,-239.10420706910645,-228.01660950269567,38.30343540850036,HOLD,0
2018-08-20 05:30:00,6477.53,6530.0,6220.0,6254.84,49435.55526,399.7271428571429,8.741110843037479,-0.03498370080450286,6939.007999999999,7064.856,7949.878549999999,6519.720595408102,-240.42451503927714,-230.498190610012,36.236114259805035,HOLD,0
2018-08-21 05:30:00,6251.0,6500.0,6235.08,6480.0,41569.947408,384.3314285714286,8.776475789346321,0.03536494630884235,6936.3022,7042.8589,7937.9133999999995,6514.755520982089,-220.75758236588626,-228.55006896118687,45.161173283452115,HOLD,0
2018-08-22 05:30:00,6479.98,6882.54,6251.2,6360.89,77909.391359,386.67428571428576,8.757923583650802,-0.018552205695518964,6933.2428,7019.834400000001,7923.71805,6495.522330859329,-212.33491337829037,-225.30703784460758,51.75297166695157,HOLD,0
2018-08-23 05:30:00,6362.57,6576.99,6342.28,6525.01,40358.166825,371.71000000000004,8.783397764756769,0.025474181105966665,6932.0034,7000.464499999999,7915.41905,6499.208289501913,-190.22399136945296,-218.29042854957666,49.88531339673888,HOLD,0
2018-08-24 05:30:00,6525.0,6725.0,6440.5,6681.64,38305.675322,352.7821428571429,8.807118745380329,0.023720980623560095,6935.052200000001,6983.9809,7914.1273,6522.012253314174,-158.23812379706487,-206.27996759907433,64.49301538179526,HOLD,0
2018-08-25 05:30:00,6686.98,6789.0,6650.61,6733.64,19220.505929,325.7385714285715,8.81487113823852,0.0077523928581904045,6937.529399999999,6970.902700000001,7909.534800000001,6548.465721649902,-127.22653953041208,-190.46928198534187,63.78344194231352,HOLD,0
2018-08-26 05:30:00,6733.64,6775.27,6568.0,6700.0,20107.297208,316.0935714285715,8.809862805379057,-0.005008332859462783,6936.3898,6955.504599999999,7905.039800000001,6567.407506443664,-104.16337191944149,-173.2080999721618,61.02606257495314,HOLD,0
2018-08-27 05:30:00,6700.0,6940.51,6646.5,6908.64,37747.078747,308.5257142857144,8.84052808118247,0.03066527580341294,6940.320599999999,6942.2561,7900.6629,6610.061568138206,-68.2632449089133,-152.2191289595121,67.2222886772729,HOLD,0
2018-08-28 05:30:00,6907.26,7135.0,6860.0,7076.11,48352.917163,301.7164285714287,8.864479600664781,0.023951519482311667,6948.600399999999,6927.7474,7892.62385,6668.3176221209305,-25.999005856119766,-126.97510433883363,71.85145449982038,HOLD,0
2018-08-29 05:30:00,7077.0,7133.81,6912.34,7031.22,43252.487392,286.32928571428585,8.858115511711063,-0.00636408895371865,6963.2866,6914.2472,7885.11005,6713.680419355815,3.82931825482774,-100.81421982010137,69.12272622611101,HOLD,0
2018-08-30 05:30:00,7033.21,7063.63,6784.81,6984.84,44716.77462,286.6450000000001,8.85149736520108,-0.006618146509982381,6975.422,6904.324500000001,7879.71485,6747.5753669363385,23.455619843121895,-75.96025188745672,66.83086863675692,HOLD,0
2018-08-31 05:30:00,6984.84,7089.0,6888.0,7011.21,40467.400638,279.60214285714295,8.855265575689495,0.0037682104884151357,6990.6348,6899.4171,7870.255900000001,6780.529696069296,40.668641089299854,-52.63447329210541,62.16974674880221,HOLD,0
2018-09-01 05:30:00,7011.21,7275.0,7008.74,7200.01,40323.414093,274.90642857142865,8.881837693892072,0.026572118202576434,7010.3436,6895.6671,7863.556449999999,6832.964734060634,68.75213475978944,-28.357151681726442,73.26164299586934,HOLD,0
2018-09-02 05:30:00,7201.57,7345.45,7127.0,7302.01,39814.840352,273.2957142857144,8.895904931702455,0.01406723781038366,7031.344,6894.1172,7852.81655,6891.595392303056,98.10812399154293,-3.064096547072566,73.4507082314125,HOLD,0
2018-09-03 05:30:00,7302.0,7338.28,7191.63,7263.02,32396.018371,261.6278571428572,8.890550999285429,-0.005353932417026641,7049.544199999999,6893.4078,7839.1312,6938.0234682651735,116.87947596523463,20.924617955388875,82.02197941811717,HOLD,0
2018-09-04 05:30:00,7263.0,7410.0,7227.17,7359.06,35300.640518,255.76428571428576,8.903687486175057,0.01313648688962843,7062.258400000001,6893.608499999999,7825.1266000000005,6990.653034732027,137.91572636097317,44.32283963650573,80.41561712846351,HOLD,0
2018-09-05 05:30:00,7359.05,7397.3,6682.0,6700.0,63715.256267,261.7614285714286,8.809862805379057,-0.09382468079600059,7049.909600000001,6889.6185,7803.42885,6954.321405390523,100.2508430372809,55.50844031666077,58.54168450854647,HOLD,0
2018-09-06 05:30:00,6697.27,6725.0,6265.0,6516.01,60644.464227,277.85357142857146,8.782017504404614,-0.02784530097444282,7032.591799999999,6880.1657,7784.09175,6899.532479716708,54.92159435875055,55.39107112507873,49.77554990273829,HOLD,0
2018-09-07 05:30:00,6516.84,6544.0,6320.0,6395.54,38906.28805,273.5321428571429,8.763356151417513,-0.0186613529871007,7011.178400000001,6870.3615,7760.30445,6836.53341975212,9.171196170628718,46.147096134188736,42.733931346952865,HOLD,0
2018-09-08 05:30:00,6395.54,6478.0,6111.0,6185.05,38215.032171,289.8614285714286,8.729890368868286,-0.03346578254922683,6988.1288,6857.3619,7735.224749999999,6755.097992283105,-43.568873021439686,28.20390230306305,37.10553160683141,HOLD,0
2018-09-09 05:30:00,6185.06,6441.0,6141.53,6250.81,37053.92382,296.44714285714286,8.740466334333092,0.010575965464806103,6965.169400000001,6844.6599,7714.290800000001,6692.061993247717,-79.14711671298664,6.733698499853112,39.598953388751255,HOLD,0
2018-09-10 05:30:00,6252.26,6373.98,6221.0,6312.0,32439.456432,286.3735714285714,8.750207862525711,0.009741528192618532,6943.5136,6831.379599999999,7696.7956,6644.5542440917525,-101.23859405863823,-14.860760011845159,35.17222525970473,HOLD,0
2018-09-11 05:30:00,6311.99,6404.0,6169.68,6294.91,33104.88859,283.4678571428571,8.747496649315083,-0.0027112132106275055,6914.991599999999,6817.1861,7677.61495,6600.848713580284,-118.75632025185587,-35.639872059847306,29.017147277493663,HOLD,0
2018-09-12 05:30:00,6293.0,6360.0,6192.37,6338.62,31433.645939,279.6221428571428,8.754416358123532,0.006919708808448277,6873.819200000001,6805.7023,7660.835499999999,6568.070124382749,-127.64084852002543,-54.04006735188293,31.385123149531807,HOLD,0
2018-09-13 05:30:00,6338.62,6535.0,6337.4,6487.38,40465.063107,273.82071428571425,8.777614030193243,0.023197672069711572,6840.053999999999,6794.3261,7645.3224,6557.983858834905,-121.2801701145163,-67.48808790440961,37.32728050868183,HOLD,0
2018-09-14 05:30:00,6487.39,6584.99,6385.62,6476.63,37173.339277,273.7042857142857,8.77595559233892,-0.0016584378543225142,6811.186599999999,6782.504,7626.08555,6547.814626480541,-115.77217227413712,-77.14490477835511,36.272405115299684,HOLD,0
2018-09-15 05:30:00,6476.63,6565.45,6466.13,6514.96,25243.656612,261.7799999999999,8.78185634986243,0.00590075752350927,6777.714400000001,6770.7428,7605.8151499999985,6543.707798170473,-107.0797845385232,-83.13188073038873,30.935139678175247,HOLD,0
2018-09-16 05:30:00,6514.96,6524.62,6370.0,6505.0,27568.132897,257.2207142857142,8.780326390946605,-0.0015299589158246363,6743.3135999999995,6759.7584,7586.70635,6538.869323399164,-99.84375671673479,-86.47425592765794,26.621650954188382,HOLD,0
2018-09-17 05:30:00,6500.08,6533.84,6201.0,6248.69,35987.254738,270.52,8.740127120761297,-0.04019927018530822,6704.0674,6747.3279999999995,7563.3498,6502.596907974269,-113.48306532682273,-91.8760178074909,23.611407402011523,HOLD,0
2018-09-18 05:30:00,6248.69,6390.0,6224.98,6336.45,32620.86667,269.2478571428572,8.75407395369954,0.013946832938243503,6667.318,6743.0426,7539.837049999999,6481.828544477485,-115.87508129966409,-96.67583050592553,23.280885019570135,HOLD,0
2018-09-19 05:30:00,6336.39,6517.7,6123.0,6391.89,39044.080082,246.34785714285712,8.76278527828677,0.008711324587229896,6640.537200000001,6738.2415,7514.474099999999,6470.5862264177995,-112.0060900385024,-99.74188241244092,38.24016610560227,HOLD,0
2018-09-20 05:30:00,6392.0,6540.0,6325.0,6492.0,25189.024728,228.84785714285712,8.778325928634482,0.015540650347711349,6618.2856,6737.8615,7489.359099999999,6473.2629481155745,-99.71242349441945,-99.73599062883663,49.02090316687463,HOLD,0
2018-09-21 05:30:00,6492.0,6784.86,6491.0,6759.02,51779.343463,233.8378571428571,8.818633188113582,0.040307259479099855,6602.951799999999,6742.5239,7465.8841999999995,6508.982579601128,-67.6435688117972,-93.31750626542876,63.239793688259475,HOLD,0
2018-09-22 05:30:00,6759.01,6839.03,6627.0,6723.05,29349.690667,222.7685714285714,8.813297199597413,-0.00533598851616901,6589.0372,6743.3946,7445.91705,6535.741007150988,-44.616932592513876,-83.57739153084579,72.45109167389995,HOLD,0
2018-09-23 05:30:00,6723.05,6788.23,6661.75,6708.0,30286.229773,210.41214285714275,8.8110561229431,-0.0022410766543128346,6583.000399999999,6746.585599999999,7429.90705,6557.273381257114,-27.268235468089188,-72.31556031829446,69.92200095864739,HOLD,0
2018-09-24 05:30:00,6706.81,6730.0,6557.0,6581.39,35305.73991,211.8421428571428,8.792001248210633,-0.019054874732466587,6574.144399999999,6747.5597,7416.455800000001,6560.287958599974,-23.465145294046124,-62.54547731344479,61.1054770915267,HOLD,0
2018-09-25 05:30:00,6581.42,6584.01,6325.02,6447.54,40301.029452,213.60428571428565,8.771453941691277,-0.020547306519356212,6564.398800000001,6747.539000000001,7402.5585,6546.1944637749775,-30.895600054621355,-56.21550186168011,55.73956664636027,HOLD,0
2018-09-26 05:30:00,6445.11,6557.99,6379.7,6465.12,33484.54207,214.3657142857142,8.774176852518615,0.0027229108273374436,6559.3,6745.065600000001,7391.033,6536.060155803106,-34.962701647041285,-51.96494181875235,54.852320675105474,HOLD,0
2018-09-27 05:30:00,6467.84,6750.0,6434.0,6689.13,33087.428297,222.82285714285703,8.80823909982266,0.03406224730404617,6567.3826,6744.5448,7376.810799999999,6555.193886327717,-19.880998317490594,-45.548153118500004,57.31640979147778,HOLD,0
2018-09-28 05:30:00,6689.12,6814.8,6540.88,6634.58,42399.448523,228.14785714285705,8.800050644084514,-0.008188455738146416,6569.4784,6743.2755,7364.326999999999,6565.117150536753,-12.189851853397158,-38.876492865479435,55.55165020561666,HOLD,0
2018-09-29 05:30:00,6634.58,6636.0,6464.57,6596.38,30255.9597,233.2985714285714,8.794276292693194,-0.005774351391320209,6578.525799999999,6742.050899999999,7351.5589,6569.025006719658,-9.07240260827166,-32.915674814037885,52.862023874804905,HOLD,0
2018-09-30 05:30:00,6597.66,6662.0,6533.0,6626.57,27764.724519,231.46857142857138,8.798842603910906,0.004566311217711672,6586.4102,6747.8666,7343.84175,6576.218130879701,-4.118248326670255,-27.15618951656436,54.213426680067926,HOLD,0
2018-10-01 05:30:00,6626.57,6667.09,6510.0,6611.61,20621.506894,218.91499999999996,8.796582473535247,-0.00226013037565842,6592.475799999999,6752.4829,7335.6948999999995,6580.642114519738,-1.3832471279592937,-22.00160103884335,65.10530258886206,HOLD,0
2018-10-02 05:30:00,6610.0,6640.0,6494.0,6525.79,28245.810088,217.5564285714285,8.78351729765911,-0.013065175876137758,6598.064600000001,6756.3711,7327.0238500000005,6573.785600204771,-6.070716306999202,-18.815424092474522,57.89337646744931,HOLD,0
2018-10-03 05:30:00,6525.79,6549.0,6430.0,6510.0,28451.969138,197.86357142857136,8.781094735202615,-0.002422562456494859,6604.503000000001,6758.9511,7320.44985,6565.812400179175,-10.933654081950408,-17.2390700903697,55.09222133119486,HOLD,0
2018-10-04 05:30:00,6510.01,6643.46,6505.09,6593.79,20074.300818,192.38999999999993,8.793883575990789,0.012788840788173772,6611.0356,6764.1812,7312.46885,6569.309600156778,-7.934945454554509,-15.378245163206664,54.45123711069714,HOLD,0
2018-10-05 05:30:00,6591.69,6697.0,6543.08,6635.65,16096.552392,182.39428571428567,8.80021190730336,0.006328331312571933,6617.513600000001,6769.200400000001,7302.647099999999,6577.6021501371815,-2.155843875202663,-12.733764905605865,43.28218420221508,HOLD,0
2018-10-06 05:30:00,6635.65,6651.0,6566.77,6594.27,10939.505391,173.26571428571424,8.79395636910823,-0.006255538195130583,6617.709199999999,6776.603300000001,7291.06855,6579.685631370034,-0.9044583771328689,-10.367903599911267,43.0286691784678,HOLD,0
2018-10-07 05:30:00,6596.44,6640.0,6525.0,6615.26,17406.831762,172.44571428571427,8.797134380387384,0.0031780112791537363,6622.2552000000005,6780.7767,7279.7198499999995,6584.13242744878,1.7606950287863583,-7.942183874171743,45.01172572559651,HOLD,0
2018-10-08 05:30:00,6615.26,6715.6,6587.0,6673.01,23123.419541,169.27428571428572,8.805826311478835,0.008691931091451721,6626.1648,6783.6061,7269.4704,6595.242124017683,8.435550887797035,-4.666636921777988,55.322288316758076,HOLD,0
2018-10-09 05:30:00,6673.01,6685.38,6607.0,6656.61,15354.779469,156.37357142857147,8.803365624936363,-0.0024606865424718904,6634.2002,6786.6041000000005,7258.2633,6602.913108515472,12.260745069212135,-1.2811605235799632,64.06420277960903,HOLD,0
2018-10-10 05:30:00,6656.67,6659.95,6530.0,6631.0,15390.661444,152.9207142857143,8.799510901368867,-0.0038547235674961655,6637.2202,6786.7612,7248.683999999999,6606.423969951038,13.075005523946857,1.5900726859254006,61.03953147877016,HOLD,0
2018-10-11 05:30:00,6630.21,6633.92,6205.0,6252.68,48712.400332,160.9864285714286,8.740765450822,-0.05874545054686742,6635.056,6784.149399999999,7237.59665,6562.205973707159,-16.61541725965253,-2.051025303190186,25.9029825200693,HOLD,0
2018-10-12 05:30:00,6252.71,6360.0,6209.0,6298.01,29004.071419,152.2064285714286,8.747988989465362,0.007223538643362559,6630.516,6781.2597,7228.415550000001,6529.181476993764,-36.07172665125108,-8.855165572802367,31.226363524805024,HOLD,0
2018-10-13 05:30:00,6298.0,6345.0,6285.07,6332.93,19098.070025,144.24214285714288,8.753518283242016,0.0055292937766537875,6623.541799999999,6779.2970000000005,7221.10265,6504.650042369543,-48.118559061747874,-16.70784427059147,35.25097692333529,HOLD,0
2018-10-14 05:30:00,6332.92,6416.0,6308.0,6339.34,15627.411314,142.74214285714288,8.75452994106602,0.0010116578240033647,6615.6558,6776.5926,7213.052849999999,6483.9862870733505,-56.497261844197965,-24.665727785312768,33.479806287600795,HOLD,0
2018-10-15 05:30:00,6339.34,7680.0,6300.0,6752.5,90748.031246,230.09285714285716,8.81766808566677,0.06313814460075129,6616.705800000001,6776.5478,7211.3646499999995,6517.550501189182,-29.459296652735247,-25.624441558797265,55.557659384787755,HOLD,0
2018-10-16 05:30:00,6752.5,6900.0,6670.0,6759.27,27557.957764,236.09285714285716,8.818670175040188,0.0010020893734168368,6613.718400000001,6777.0195,7210.95985,6547.765438540535,-7.399930230333666,-21.979539293104548,59.82263058696826,HOLD,0
2018-10-17 05:30:00,6762.76,6811.12,6676.01,6740.89,26641.431379,237.2435714285714,8.815947242666597,-0.0027229323735902256,6607.014,6777.807200000001,7210.04475,6571.906008722968,8.501168023460195,-15.8833978297916,59.69254535837527,HOLD,0
2018-10-18 05:30:00,6739.01,6796.0,6567.0,6618.96,20116.521941,243.71714285714285,8.79769353689172,-0.01825370577487817,6598.7688,6781.027700000001,7209.0745,6577.787757632597,11.135804341693074,-10.479557395494666,51.0238283124934,HOLD,0
2018-10-19 05:30:00,6618.96,6648.14,6523.0,6528.88,20772.60077,241.6614285714286,8.783990691480279,-0.013702845411440734,6589.649600000001,6782.5358,7206.438899999999,6571.674287928522,5.88720539624228,-7.206204837147278,45.820906037904244,HOLD,0
2018-10-20 05:30:00,6528.88,6617.65,6505.55,6588.4,19240.722247,243.65214285714288,8.79306580590852,0.00907511442824216,6581.1934,6785.9141,7202.35485,6573.765001937457,6.455998753554013,-4.47376411900702,49.77345878648005,HOLD,0
2018-10-21 05:30:00,6585.72,6663.9,6580.0,6590.11,6515.357792,241.43071428571426,8.793325319314755,0.000259513406234646,6568.995400000001,6789.669500000001,7201.3249,6575.808126695275,6.964472195851158,-2.1861168560353845,49.01472235933837,HOLD,0
2018-10-22 05:30:00,6590.12,6639.0,6535.27,6581.2,16213.69266,239.65428571428563,8.791972378512495,-0.0013529408022598943,6554.579199999999,6792.9616000000005,7200.377100000001,6576.482110858366,6.572712389152002,-0.4343510069979073,46.260132795633204,HOLD,0
2018-10-23 05:30:00,6581.2,6595.0,6515.45,6553.51,13856.601756,239.73785714285708,8.787756062960625,-0.004216315551870409,6540.388999999999,6794.966600000001,7200.1377,6573.61059700107,3.9819864734845396,0.44891648909858217,45.83851332805918,HOLD,0
2018-10-24 05:30:00,6553.51,6630.0,6547.53,6565.5,11951.543977,236.34642857142853,8.789583945299059,0.001827882338433895,6524.517799999999,6793.388099999999,7198.4862,6572.596772375937,2.8633039301730605,0.9317939773134779,47.32679247747159,HOLD,0
2018-10-25 05:30:00,6566.81,6575.09,6502.8,6528.09,10342.701244,210.8728571428571,8.783869683313613,-0.005714261985446001,6521.0796,6785.4946,7196.036649999999,6567.033425828944,-1.030060500399486,0.5394230817708852,65.57378903201729,HOLD,0
2018-10-26 05:30:00,6528.13,6600.0,6515.01,6538.63,9443.504156,206.15785714285707,8.785482942384895,0.0016132590712825134,6521.532000000001,6777.0619,7194.8162,6563.482997600326,-3.2278809460003686,-0.2140377237833656,64.16378234560054,HOLD,0
2018-10-27 05:30:00,6538.63,6558.35,6463.04,6505.6,7776.907864,208.68499999999995,8.780418623434027,-0.005064318950868341,6523.7332,6767.455800000001,7193.124699999999,6556.247622900285,-7.547906868382597,-1.6808115527032121,60.18666005923097,HOLD,0
2018-10-28 05:30:00,6505.6,6514.17,6453.0,6489.93,5743.933728,205.33999999999995,8.778007023815624,-0.002411599618403315,6529.8308,6758.9798,7190.8054,6547.957920037749,-12.096555019898915,-3.7639602461423527,58.788034407497776,HOLD,0
2018-10-29 05:30:00,6489.93,6505.01,6315.0,6344.5,13827.224067,120.34071428571426,8.755343574836969,-0.0226634489786548,6531.7046,6748.437,7182.9129,6522.525680033031,-27.123711776556775,-8.435910552225238,15.368553288289789,HOLD,0
2018-10-30 05:30:00,6344.5,6395.0,6317.01,6330.87,8877.175385,109.4828571428571,8.7531929464524,-0.002150628384569586,6532.081999999999,6737.7978,7175.1802,6498.568720028902,-39.67531650867841,-14.683791743515872,14.055577929923388,HOLD,0
2018-10-31 05:30:00,6330.01,6428.0,6245.02,6371.93,12148.888216,112.9021428571428,8.759657685407765,0.00646473895536559,6533.622400000001,6724.307000000001,7167.0448,6482.738880025289,-45.781612905541806,-20.90335597592106,20.177820885871284,HOLD,0
2018-11-01 05:30:00,6369.52,6442.65,6348.66,6410.0,9099.035841,103.25857142857136,8.765614549914716,0.005956864506950765,6535.05,6704.4346000000005,7157.3198,6473.646520022128,-47.007097399886334,-26.124104260714116,30.46153270748397,HOLD,0
2018-11-02 05:30:00,6410.0,6460.34,6388.2,6433.98,9739.440679,99.47285714285707,8.769348599307973,0.003734049393257166,6533.982000000001,6687.018,7149.165099999999,6468.688205019362,-45.51860693363324,-30.00300479529794,39.87495732331845,HOLD,0
2018-11-03 05:30:00,6432.8,6439.97,6345.0,6387.09,7661.241476,98.2492857142857,8.762034044584903,-0.007314554723070188,6532.1912,6671.6889,7141.675450000001,6458.488429391942,-47.574192956555635,-33.51724242754948,27.927019144316986,HOLD,0
2018-11-04 05:30:00,6388.0,6525.0,6359.0,6485.85,10592.394943,104.11357142857143,8.77737815986533,0.015344115280427673,6531.609,6654.6617,7133.239700000001,6461.908625717949,-40.76424818298801,-34.96664357863719,40.57425957400647,HOLD,0
2018-11-05 05:30:00,6485.85,6504.39,6431.02,6468.99,8987.882156,101.94500000000004,8.774775270208814,-0.0026028896565168935,6530.8888,6637.101200000001,7124.194650000001,6462.793797503205,-36.30922879420359,-35.235160621750474,39.99928700023171,HOLD,0
2018-11-06 05:30:00,6468.99,6531.31,6445.18,6519.11,11926.565699,102.41500000000003,8.782493142535822,0.007717872327008379,6536.2972,6620.182300000001,7112.505299999999,6469.833322815304,-28.40687196487943,-33.86950289037627,47.05196764020288,HOLD,0
2018-11-07 05:30:00,6522.73,6615.15,6509.0,6578.46,14271.591117,104.10642857142855,8.791555954373939,0.009062811838116858,6541.1374,6604.2277,7100.82105,6483.411657463391,-17.157368785610743,-30.527076069423163,51.0272669625872,HOLD,0
2018-11-08 05:30:00,6578.46,6594.0,6468.22,6479.84,13259.789282,107.92714285714283,8.77645109768346,-0.015104856690479451,6542.896399999999,6591.716799999999,7089.28515,6482.965200280467,-16.015252405436513,-27.624711336625836,46.5137787026199,HOLD,0
2018-11-09 05:30:00,6479.84,6511.53,6391.01,6419.99,11787.616583,110.46499999999995,8.767171839050395,-0.009279258633064558,6541.4562,6579.8709,7076.71505,6475.0933002454085,-19.712280855093923,-26.042225240319453,41.998057519020115,HOLD,0
2018-11-10 05:30:00,6419.99,6475.55,6411.0,6433.05,7714.829926,108.26785714285708,8.769204043804237,0.0020322047538421373,6534.9368,6568.9443,7060.78035,6469.8378877147325,-21.34234837713393,-25.10224986768235,44.971234490885145,HOLD,0
2018-11-11 05:30:00,6435.16,6462.14,6355.0,6449.81,8213.507117,111.55142857142853,8.7718059519916,0.0026019081873638328,6529.472000000001,6559.254599999999,7048.6794500000005,6467.3344017503905,-21.03926910377868,-24.28965371490162,47.22329882066332,HOLD,0
2018-11-12 05:30:00,6450.71,6497.0,6421.0,6453.07,10132.782567,103.40785714285708,8.772311265544756,0.0005053135531554176,6524.3734,6553.686900000001,7034.614799999999,6465.5513515315915,-20.301993102103552,-23.492121592342006,59.355127785341274,HOLD,0
2018-11-13 05:30:00,6451.68,6498.0,6391.15,6457.66,11790.564933,105.46928571428569,8.773022302053672,0.0007110365089157966,6521.8988,6548.0216,7022.32635,6464.564932590143,-19.126839618145823,-22.61906519750277,61.097981548588116,HOLD,0
2018-11-14 05:30:00,6458.98,6482.84,5656.87,5922.41,46478.964003,151.39714285714288,8.686498739632123,-0.08652356242154902,6511.3962,6537.8975,7005.198399999999,6396.795566016375,-60.68617133734551,-30.232486425471322,28.90409416004954,HOLD,0
2018-11-15 05:30:00,5917.2,5939.54,5403.42,5753.4,47700.829401,182.97785714285718,8.65754626338769,-0.028952476244432646,6497.161799999999,6528.2309,6986.870400000001,6316.371120264329,-106.03760021891503,-45.39350918416007,22.558427229262094,HOLD,0
2018-11-16 05:30:00,5757.09,5782.89,5549.25,5655.94,38721.802274,194.51357142857145,8.640461599316463,-0.017084664071226996,6476.498,6521.9403,6968.92005,6233.817230231288,-148.1355276877348,-65.94191288487502,19.36464436464439,HOLD,0
2018-11-17 05:30:00,5650.57,5656.6,5565.43,5628.29,26411.241413,194.24214285714288,8.63556094498067,-0.004900654335793675,6456.3722,6512.9253,6951.7041,6158.126326452377,-181.6357782380892,-89.08068595551785,19.662561970254302,HOLD,0
2018-11-18 05:30:00,5630.49,5738.17,5617.0,5662.0,23844.999347,191.04000000000002,8.641532465671846,0.005971520691176124,6437.6846,6508.1052,6933.7749,6096.11053564583,-203.12337307682265,-111.88922337977883,15.254523217072261,HOLD,0
2018-11-19 05:30:00,5661.94,5664.0,4855.0,4910.03,70580.892856,243.58500000000004,8.499035330749534,-0.14249713492231209,6403.3538,6494.882,6909.57505,5947.8504686901015,-277.6297978299399,-145.03733826981104,9.41603407162124,HOLD,0
2018-11-20 05:30:00,4913.4,5048.24,4326.0,4558.86,117380.95159,289.0214285714286,8.424827871253223,-0.07420745949631069,6362.2988000000005,6477.387299999999,6883.7994,5774.226660103839,-360.85346625098737,-188.2005638660463,5.884206309554372,HOLD,0
2018-11-21 05:30:00,4559.91,4787.2,4413.85,4661.07,61071.829475,308.10714285714283,8.447000314496398,0.02217244324317491,6325.0044,6461.534500000001,6857.78475,5635.082077590859,-413.7914005837056,-233.31873120957817,7.665472915387923,HOLD,0
2018-11-22 05:30:00,4661.08,4721.77,4335.0,4370.0,34531.119143,326.74928571428575,8.382518288089635,-0.06448202640676293,6282.2044,6443.3537000000015,6831.3396999999995,5476.9468178920015,-473.7706779032569,-281.4091205483139,7.065062555453352,HOLD,0
2018-11-23 05:30:00,4370.9,4484.0,4222.94,4420.61,49371.920322,336.78785714285726,8.394032974599146,0.011514686509510597,6238.7408,6424.8882,6806.617749999999,5344.904715655502,-511.32662819175766,-327.39262207700267,9.159319873518044,HOLD,0
2018-11-24 05:30:00,4415.63,4527.0,3824.69,3932.44,61693.111006,382.3421428571429,8.277015377346233,-0.11701759725291261,6184.676599999999,6401.0951000000005,6780.34215,5168.346626198564,-573.8660578685967,-376.68730923532155,7.2236724611599925,HOLD,0
2018-11-25 05:30:00,3933.68,4233.0,3652.66,4085.78,101693.975588,416.14214285714297,8.31526793153937,0.038252554193137556,6134.5068,6376.108,6754.22105,5033.025797923743,-604.0921516852814,-422.16827772531354,11.365367204123572,HOLD,0
2018-11-26 05:30:00,4088.69,4206.0,3701.0,3862.2,94504.865717,446.78500000000014,8.258992248286624,-0.056275683252746234,6079.445600000001,6350.850399999999,6728.521049999999,4886.672573183275,-638.7247647703161,-465.47957513431413,10.502501684559078,HOLD,0
2018-11-27 05:30:00,3864.45,3940.0,3689.12,3875.21,67480.607212,457.0728571428572,8.262355133867418,0.003362885580793673,6023.4896,6324.827200000001,6705.897099999999,4760.239751535365,-657.5418289848549,-503.8920259044223,10.731674680145133,HOLD,0
2018-11-28 05:30:00,3875.63,4394.47,3874.27,4264.85,91983.567949,435.23214285714295,8.358162289319024,0.09580715545160601,5975.6544,6304.927299999999,6684.89165,4698.316032593444,-633.7087957741969,-529.8553798783773,23.627569528415975,HOLD,0
2018-11-29 05:30:00,4262.06,4450.38,4125.65,4295.84,73980.198669,420.13285714285723,8.365402391547269,0.0072401022282448935,5928.9511999999995,6283.0857,6662.972299999999,4648.006528519263,-605.3423019963402,-544.95276430197,25.744363604896535,HOLD,0
2018-11-30 05:30:00,4295.72,4341.36,3943.0,4041.32,67758.446283,431.8985714285715,8.304326650262967,-0.061075741284302154,5884.724,6259.89,6639.8622,4572.170712454355,-596.5229430308245,-555.266800047741,24.46546728912844,HOLD,0
2018-12-01 05:30:00,4041.27,4299.99,3963.01,4190.02,44840.073481,449.4564285714286,8.34046078617448,0.03613413591151371,5842.564200000001,6236.5401,6618.5023,4524.401873397561,-570.9530983366931,-558.4040597055314,28.093118753217638,HOLD,0
2018-12-02 05:30:00,4190.98,4312.99,4103.04,4161.01,38912.15479,455.79785714285714,8.333513112248498,-0.006947673925981945,5799.125800000001,6211.3338,6597.6573499999995,4478.977889222866,-546.7273442505584,-556.0687166145368,27.10502472551778,HOLD,0
2018-12-03 05:30:00,4160.55,4179.0,3827.0,3884.01,49094.369163,423.15500000000003,8.264623404073195,-0.06888970817530371,5750.019199999999,6182.8375,6576.8701,4404.606903070008,-543.6134076389089,-553.5776548194112,31.69795434923762,HOLD,0
2018-12-04 05:30:00,3884.76,4085.0,3781.0,3951.64,48489.551613,393.2807142857143,8.28188596160112,0.017262557527924827,5694.0019999999995,6155.3539,6555.42925,4347.986040186257,-529.5837033689395,-548.7788645293169,37.94949751536032,HOLD,0
2018-12-05 05:30:00,3950.98,3970.0,3745.0,3769.84,44004.799448,382.68428571428575,8.234787839223138,-0.04709812237798161,5634.2134,6123.965899999999,6533.111,4275.717785162975,-527.0591920079214,-544.4349300250378,32.854828842624485,HOLD,0
2018-12-06 05:30:00,3768.44,3899.99,3500.0,3508.75,68378.796943,383.62857142857143,8.163015127676092,-0.07177271154704634,5569.570600000001,6088.2923,6508.01985,4179.846812017603,-539.9026182406515,-543.5284676681606,33.238228322090706,HOLD,0
2018-12-07 05:30:00,3508.75,3549.99,3224.6,3403.55,95145.457442,388.22357142857135,8.13257428353961,-0.03044084413648207,5505.2624,6052.015600000001,6483.1314,4082.8097105154025,-552.2044180726693,-545.2636577490624,30.61768203439445,HOLD,0
2018-12-08 05:30:00,3403.57,3495.0,3222.0,3410.93,55365.949949,357.5585714285714,8.134740260366968,0.002165976827358307,5442.903399999999,6016.2765,6460.3005,3998.8247467009774,-554.9609345442191,-547.2031131080938,37.831619915161305,HOLD,0
2018-12-09 05:30:00,3411.36,3658.0,3394.04,3545.37,45956.893296,334.96000000000004,8.173397805875243,0.038657545508275604,5382.0428,5981.618100000001,6440.5176,3942.142903363355,-540.0716989074658,-545.7768302679683,37.27842409804189,SHORT,-1
2018-12-10 05:30:00,3548.49,3610.0,3370.11,3432.88,40989.244553,316.0235714285714,8.14115483799677,-0.032242967878472584,5318.8982,5943.946800000001,6419.806950000001,3878.4850404429358,-531.2252413697533,-542.8665124883254,39.33578419196186,HOLD,0
2018-12-11 05:30:00,3434.01,3480.0,3324.32,3380.39,35920.864154,309.22357142857135,8.125746366436156,-0.015408471560615311,5254.882,5904.730599999999,6399.4239,3816.223160387569,-522.4276436821474,-538.7787387270898,37.945214823765575,HOLD,0
2018-12-12 05:30:00,3379.23,3492.0,3350.0,3445.0,33922.931286,282.2092857142856,8.144679183447758,0.018932817011602765,5192.7118,5866.550399999999,6379.9791,3769.8202653391227,-504.4272734860774,-531.9084456788873,26.268561669609497,HOLD,0
2018-12-13 05:30:00,3446.38,3460.0,3255.5,3302.06,40040.917013,273.62142857142845,8.102301795120558,-0.04237738832719984,5127.443,5825.9804,6359.794449999999,3711.3502321717324,-495.9785814693728,-524.7224728369845,22.984831185777182,HOLD,0
2018-12-14 05:30:00,3302.06,3335.39,3177.0,3224.17,44492.983807,256.4807142857142,8.078430831764901,-0.023870963355657082,5061.3646,5791.222100000001,6340.420299999999,3650.4527031502657,-489.9205055990842,-517.7620793894044,25.426572921866622,HOLD,0
2018-12-15 05:30:00,3225.19,3276.5,3156.26,3211.72,29796.041436,240.99928571428563,8.074561898165985,-0.0038689335989161577,4994.8264,5758.1792000000005,6319.17245,3595.6111152564827,-480.5841725884693,-510.3264980292174,17.95442931827411,HOLD,0
2018-12-16 05:30:00,3211.71,3294.0,3186.0,3228.67,24628.808538,233.7171428571428,8.079825566712454,0.005263668546469091,4929.2878,5726.510499999999,6298.436,3549.743475849422,-466.44050230848916,-501.54929888507183,19.216698803454904,HOLD,0
2018-12-17 05:30:00,3229.22,3585.0,3216.0,3509.08,66762.216388,234.9314285714285,8.163109173841429,0.08328360712897442,4869.6708,5699.750800000001,6278.556349999999,3544.6605413682446,-427.67482898590106,-486.7744049052377,37.648655593403475,HOLD,0
2018-12-18 05:30:00,3509.03,3678.59,3424.47,3652.98,61369.615257,231.36857142857139,8.203298551828201,0.04018937798677236,4815.8404,5673.7725,6259.216200000001,3558.200473697214,-380.94987320340715,-465.6094985648716,40.631979122230305,HOLD,0
2018-12-19 05:30:00,3653.0,3912.73,3622.55,3662.22,94137.341014,236.02428571428567,8.205824799890888,0.0025262480626864203,4762.4673999999995,5647.2747,6239.327150000001,3571.202914485062,-339.2635987504177,-440.34031860198087,46.214508821791355,HOLD,0
2018-12-20 05:30:00,3660.01,4120.0,3635.0,4049.62,101543.835986,242.09642857142853,8.306378328538047,0.1005535286471595,4716.0212,5624.8218,6221.00395,3631.0050501744295,-271.8334566718595,-406.63894621595665,67.47233151784155,CLOSE_STOP,1
2018-12-21 05:30:00,4051.86,4139.99,3764.0,3838.66,82343.850112,245.71071428571423,8.252878626348311,-0.0534997021897361,4664.5944,5599.8222,6202.762250000001,3656.9619189026257,-232.73447405564593,-371.85805178389455,63.15684436515375,HOLD,0
2018-12-22 05:30:00,3840.25,3979.0,3785.0,3948.91,42822.350872,240.0678571428571,8.281194870447047,0.02831624409873612,4614.893,5574.4375,6184.3818,3693.4554290397973,-190.65425150384817,-335.6172917278853,65.31467416677104,HOLD,0
2018-12-23 05:30:00,3948.91,4021.53,3870.0,3929.71,40117.531529,232.0371428571428,8.276320910791991,-0.004873959655055771,4565.7454,5548.9682999999995,6165.73615,3722.9872504098225,-157.04434208003067,-299.9027017983144,61.709257972921925,HOLD,0
2018-12-24 05:30:00,3929.71,4198.0,3924.83,4008.01,64647.809129,234.41428571428568,8.296050137771568,0.019729226979576353,4516.1885999999995,5523.8988,6147.3207999999995,3758.6150941085943,-122.67595900347806,-264.4573532393471,67.89463531198078,HOLD,0
2018-12-25 05:30:00,4010.11,4020.0,3646.41,3745.79,62725.629432,249.9792857142857,8.228387821635508,-0.06766231613605989,4461.7246000000005,5496.3067,6128.03255,3757.01195734502,-115.26898127679442,-234.6196788468366,60.05658549473777,HOLD,0
2018-12-26 05:30:00,3745.56,3837.15,3656.74,3777.74,42629.375817,252.72285714285718,8.236881226212079,0.008493404576570995,4406.8972,5471.597200000001,6109.4626,3759.6029626768923,-105.6034690262386,-208.816436882717,59.32535901258925,HOLD,0
2018-12-27 05:30:00,3777.74,3813.98,3535.0,3567.91,44097.392912,258.04285714285714,8.179735269166517,-0.057145957045561246,4346.6862,5443.911799999999,6093.477199999999,3735.6413423422805,-113.56589140513324,-189.76632778720025,57.18144736486669,LONG,1
2018-12-28 05:30:00,3567.89,3887.25,3540.04,3839.26,45964.304987,271.53000000000003,8.253034918677802,0.07329964951128431,4293.874599999999,5418.385499999999,6078.3135,3748.5936745494955,-96.8639044779984,-171.1858431253599,65.04321540199862,HOLD,0
2018-12-29 05:30:00,3839.0,3892.0,3670.0,3695.32,38874.373903,278.7985714285715,8.214822433150703,-0.038212485527099105,4239.3812,5390.4187,6064.1401000000005,3741.9344652308087,-94.15683318775882,-155.78004113783967,61.11264304425755,HOLD,0
2018-12-30 05:30:00,3696.71,3903.5,3657.9,3801.91,33222.369262,288.6271428571429,8.243258851016485,0.028436417865782104,4186.7584,5360.8476,6051.68575,3749.4314070769574,-82.45999006078728,-141.11603092242922,62.6512884345454,HOLD,0
2018-12-31 05:30:00,3803.12,3810.0,3630.33,3702.9,29991.77835,275.10357142857146,8.216871575417994,-0.0263872755984913,4131.820199999999,5330.6461,6037.020350000001,3743.614981192338,-80.25431535947564,-128.9436878098385,54.6498795666318,HOLD,0
2019-01-01 05:30:00,3701.23,3810.16,3642.0,3797.14,23741.687033,268.96357142857147,8.242003430766193,0.025131855348199394,4078.7016000000003,5301.5375,6024.06155,3750.3056085432954,-70.09392275463642,-117.17373479879811,53.542920058196685,HOLD,0
2019-01-02 05:30:00,3796.45,3882.14,3750.45,3858.56,35156.463369,257.64285714285717,8.258049335860987,0.016045905094793866,4026.7196000000004,5274.309200000001,6010.934450000001,3763.8374074753838,-56.435108916034096,-105.02600962224531,54.70464761868249,HOLD,0
2019-01-03 05:30:00,3857.57,3862.74,3730.0,3766.78,29406.948359,232.48142857142858,8.233975804075248,-0.024073531785738567,3983.607,5247.5016,5997.5203,3764.2052315409605,-52.41210537962479,-94.50322877372122,42.10402894407719,REVERSE_LONG_TO_SHORT,-2
2019-01-04 05:30:00,3767.2,3823.64,3703.57,3792.01,29519.554671,214.20142857142858,8.240651500502237,0.006675696426988509,3944.3792000000003,5220.7705,5982.91805,3767.6808275983403,-46.650241009166166,-84.93263122081021,48.54700961185068,HOLD,0
2019-01-05 05:30:00,3790.09,3840.99,3751.0,3770.96,30490.667751,206.77214285714285,8.235084889936122,-0.00556661056611496,3906.6796000000004,5191.5887999999995,5968.0668000000005,3768.0907241485475,-43.28353540827493,-76.60281205830316,44.13136250008245,HOLD,0
2019-01-06 05:30:00,3771.12,4027.71,3740.0,3987.6,36553.806709,216.4992857142857,8.290944825148548,0.05585993521242649,3873.8658,5165.119000000001,5954.19725,3795.529383629979,-22.870720075288318,-65.8563936617002,51.689183274488634,HOLD,0
2019-01-07 05:30:00,3987.62,4017.9,3921.53,3975.45,31869.846264,203.87071428571426,8.28789322822811,-0.0030515969204376603,3840.1348,5138.9097,5940.4803,3818.0194606762316,-7.586369371947967,-54.202388803749756,49.011776132086915,HOLD,0
2019-01-08 05:30:00,3976.76,4069.8,3903.0,3955.13,38901.423122,189.09999999999997,8.282768749446637,-0.005124478781473485,3821.0368,5112.1953,5930.030949999999,3835.158278091703,2.8540349611184865,-42.79110405077611,57.44717182497333,REVERSE_SHORT_TO_LONG,2
2019-01-09 05:30:00,3955.45,4006.81,3930.04,3966.65,28989.439511,181.6971428571428,8.285677188742012,0.002908439295374876,3809.1925999999994,5085.7457,5919.1143,3851.5947433302404,11.92028866980445,-31.848825506660003,56.81951092724556,HOLD,0
2019-01-10 05:30:00,3966.06,3996.01,3540.0,3585.88,59402.22851,194.34214285714282,8.184759190136118,-0.1009179986058939,3787.6888,5056.3466,5906.3588500000005,3818.3804004139606,-11.487179662932704,-27.776496337914544,50.57743844833903,CLOSE_STOP,-1
2019-01-11 05:30:00,3585.88,3658.0,3465.0,3601.31,38338.654733,183.32714285714283,8.189052947141585,0.004293757005466858,3772.315,5027.2597,5893.1054,3791.2466003622158,-28.464573032878434,-27.914111676907325,40.84871047389026,HOLD,0
2019-01-12 05:30:00,3601.31,3618.19,3530.0,3583.13,21999.928354,173.76928571428567,8.18399199909164,-0.0050609480499446136,3755.5654,4997.1530999999995,5880.667149999999,3765.2320253169387,-42.89182341636433,-30.909654024798726,45.223233673669235,HOLD,0
2019-01-13 05:30:00,3584.1,3611.1,3441.3,3476.81,26385.757454,168.35499999999996,8.153870485706037,-0.03012151338560365,3746.4527999999996,4965.5647,5867.38255,3729.1792721523216,-62.187796526885904,-37.16528252521616,36.15488135189001,HOLD,0
2019-01-14 05:30:00,3477.56,3671.87,3467.02,3626.09,35235.211215,170.15357142857138,8.195910211745874,0.04203972603983708,3737.2589999999996,4935.8829000000005,5856.243100000001,3716.293113133281,-64.68865527128992,-42.66995707443091,46.863182311958376,SHORT,-1
2019-01-15 05:30:00,3626.08,3648.42,3516.62,3553.06,34137.997459,167.55642857142854,8.175564483016071,-0.02034572872980256,3731.0762,4905.2609,5843.0188,3695.8889739916212,-71.73657986851504,-48.48328163324774,39.85637342908438,HOLD,0
2019-01-16 05:30:00,3553.06,3645.0,3543.51,3591.84,27480.179977,165.39928571428567,8.186419885000157,0.0108554019840863,3725.4088,4874.4492,5829.02765,3682.882852242669,-73.34738597895057,-53.45610250238831,38.70290051504474,HOLD,0
2019-01-17 05:30:00,3591.84,3634.7,3530.39,3616.21,29755.440838,163.36857142857139,8.193181795047005,0.0067619100468476745,3712.436,4844.0452000000005,5815.32465,3674.548745712335,-71.82950032782219,-57.13078206747509,43.23627444814791,HOLD,0
2019-01-18 05:30:00,3613.32,3620.0,3565.75,3594.87,22713.446755,158.66714285714284,8.187263108166123,-0.005918686880882262,3698.4166000000005,4813.6839,5800.22255,3664.588902498293,-71.52404005610788,-60.00943366520165,41.11325483690653,HOLD,0
2019-01-19 05:30:00,3594.87,3720.0,3594.23,3665.3,22171.578123,161.22285714285712,8.206665466359595,0.01940235819347258,3690.8962,4787.8101,5785.979750000001,3664.6777896860062,-64.85128297648998,-60.977803527459315,45.440029001519136,HOLD,0
2019-01-20 05:30:00,3665.75,3693.73,3475.0,3539.28,27901.938598,156.29571428571427,8.171678595610794,-0.034986870748801024,3677.8813999999998,4760.2228000000005,5770.74125,3649.003065975255,-68.93717092862471,-62.5696770076924,29.010056744760973,HOLD,0
2019-01-21 05:30:00,3539.26,3559.51,3475.5,3526.9,19644.436839,155.41285714285715,8.168174577126424,-0.0035040184843708744,3665.1992000000005,4732.1625,5755.7297499999995,3633.7401827283484,-72.34033475518436,-64.52380855719079,29.003810254921987,HOLD,0
2019-01-22 05:30:00,3526.88,3608.5,3434.85,3570.93,29336.442967,155.90214285714288,8.180581345050037,0.01240676792361306,3658.9376,4704.4784,5740.535500000001,3625.888909887305,-70.66987524886872,-65.75302189552639,32.40649155584863,HOLD,0
2019-01-23 05:30:00,3570.41,3607.98,3514.5,3552.82,24938.842698,157.0957142857143,8.175496933324803,-0.005084411725233551,3650.9611999999997,4672.4816,5724.5147,3616.755296151392,-70.0004283393755,-66.60250318429621,31.16334538039274,HOLD,0
2019-01-24 05:30:00,3552.97,3589.0,3529.22,3569.62,20826.25118,128.79357142857143,8.18021442653124,0.004717493206436885,3646.9568,4640.585099999999,5708.802299999999,3610.8633841324677,-67.33803627821226,-66.74960980307942,48.89312457454049,HOLD,0
2019-01-25 05:30:00,3569.07,3587.15,3522.51,3565.29,17608.346671,119.625,8.179000675963518,-0.001213750567721661,3648.0875999999994,4608.8291,5693.318149999999,3605.1667111159095,-64.83014464877442,-66.36571677221843,47.510367708045344,HOLD,0
2019-01-26 05:30:00,3566.69,3662.94,3545.0,3565.25,19476.532344,121.75,8.178989456616875,-1.1219346642832306e-05,3651.3215999999998,4578.292,5679.65985,3600.1771222264206,-62.129658105496674,-65.51850503887408,48.73238238380171,HOLD,0
2019-01-27 05:30:00,3565.62,3579.0,3486.0,3550.84,22735.598162,116.26428571428573,8.17493947419774,-0.004049982419134679,3654.1198000000004,4548.5116,5665.5237,3594.009981948118,-60.45537767295173,-64.50587956568961,56.03489035624034,REVERSE_SHORT_TO_LONG,2
2019-01-28 05:30:00,3550.05,3557.75,3380.27,3434.15,40405.111401,114.30928571428574,8.141524721342114,-0.03341475285562723,3651.8954000000003,4516.9691,5651.4416,3574.0274842046033,-67.7632733149976,-65.15735831555122,33.47510159101866,HOLD,0
2019-01-29 05:30:00,3434.0,3443.45,3349.92,3411.04,29544.928977,111.57571428571428,8.134772509116232,-0.0067522122258818484,3651.4586000000004,4485.1784,5637.42395,3553.654048679028,-74.56013430731309,-67.0379135139036,36.623087936101264,HOLD,0
2019-01-30 05:30:00,3410.04,3478.0,3387.1,3458.18,23968.260243,110.81928571428573,8.148497718098463,0.013725208982231507,3653.0144,4453.9482,5623.4549,3541.7197925941496,-75.27516631773369,-68.68536407466962,37.60571216617206,HOLD,0
2019-01-31 05:30:00,3457.5,3489.2,3418.8,3434.1,29607.190253,108.39714285714285,8.14151016159254,-0.006987556505922754,3652.7964,4422.7541,5608.86035,3528.2673185198805,-76.89845161002631,-70.32798158174096,33.103857787014505,HOLD,0
2019-02-01 05:30:00,3434.1,3488.0,3401.2,3462.07,25260.476159,110.72214285714287,8.149621955058029,0.008111793465488404,3655.9966,4391.719800000001,5592.55395,3519.9926537048955,-75.06269562410125,-71.27492439021302,37.82857352348134,HOLD,0
2019-02-02 05:30:00,3462.2,3526.4,3440.29,3504.77,17920.802,107.88928571428573,8.161880176773487,0.012258221715457651,3661.6086000000005,4361.4866,5573.490600000001,3518.0898219917835,-69.36274212374292,-70.892487936919,34.499140611421126,REVERSE_LONG_TO_SHORT,-2
2019-02-03 05:30:00,3504.06,3511.09,3426.0,3458.11,19867.33639,98.34357142857145,8.148477476032268,-0.013402700741218965,3666.5364,4330.6814,5553.87165,3510.5923442428107,-67.82867323173878,-70.27972499588296,40.74352833846502,HOLD,0
2019-02-04 05:30:00,3458.11,3484.88,3433.31,3463.22,23131.981108,96.0264285714286,8.14995407111687,0.0014765950846022946,3671.2273999999998,4300.2576,5533.856699999999,3504.6708012124595,-65.44615574390946,-69.31301114548826,42.61561296906158,HOLD,0
2019-02-05 05:30:00,3463.22,3478.97,3448.43,3471.59,25264.41503,85.80428571428573,8.152367981249753,0.002413910132883501,3670.4776,4270.0742,5514.527000000001,3500.5357010609023,-62.16599354411255,-67.88360762521313,37.441848705501634,HOLD,0
2019-02-06 05:30:00,3471.57,3482.72,3380.0,3405.37,35310.244846,86.46428571428571,8.133108876409946,-0.01925910483980786,3665.5254,4240.682900000001,5494.55995,3488.6399884282896,-64.17012864633307,-67.14091182943713,33.38142145481591,HOLD,0
2019-02-07 05:30:00,3407.0,3426.45,3390.0,3398.4,18665.538638,84.79785714285711,8.131060011607564,-0.0020488648023810896,3660.2490000000003,4211.3582,5474.578,3477.3599898747534,-65.56504784440995,-66.8257390324317,30.265099124020296,HOLD,0
2019-02-08 05:30:00,3398.4,3733.58,3373.1,3659.04,47968.058013,105.9292857142857,8.204956096908074,0.07389608530050928,3652.4374,4184.2293,5454.268150000001,3500.0699911404095,-45.11895835179939,-62.48438289630524,56.79239541522366,CLOSE_STOP,1
2019-02-09 05:30:00,3660.27,3680.02,3625.13,3665.18,24759.833719,101.42571428571425,8.206632726348024,0.0016766294399506165,3648.9678000000004,4156.7811,5430.60785,3520.7087422478585,-28.095965634206095,-55.60669944388541,57.176713922523376,HOLD,0
2019-02-10 05:30:00,3665.18,3684.99,3609.76,3680.06,23250.602634,100.1564285714285,8.210684335377888,0.004051609029863457,3643.5908,4129.2419,5408.12995,3540.6276494668764,-13.251672586129644,-47.13569407233426,59.273985186886364,HOLD,0
2019-02-11 05:30:00,3679.75,3684.9,3615.53,3631.05,24954.614571,92.43428571428565,8.197277141630735,-0.01340719374715249,3637.6176,4101.681500000001,5386.6852,3551.9304432835165,-5.380141877965798,-38.78458363346057,65.65182829888714,HOLD,0
2019-02-12 05:30:00,3631.05,3667.6,3582.34,3631.46,29479.59823,91.84357142857137,8.197390050253356,0.00011290862262036683,3630.0865999999996,4073.1376,5363.899650000001,3561.871637873077,0.8810305216265988,-30.85146080244314,68.17746989938976,HOLD,0
2019-02-13 05:30:00,3631.51,3670.0,3591.75,3609.4,25773.997648,90.93999999999993,8.191296832527197,-0.006093217726158784,3627.3588,4044.5416999999998,5340.82145,3567.8126831389427,4.016695159237315,-23.87782961010705,63.00884346718974,LONG,1
2019-02-14 05:30:00,3608.34,3626.4,3568.11,3590.56,21753.501261,90.07499999999995,8.186063458175266,-0.005233374351931275,3623.6152,4015.2562,5317.71925,3570.656097746575,4.924732181191757,-18.117317251847286,63.582068821834106,HOLD,0
2019-02-15 05:30:00,3590.57,3653.23,3573.45,3602.47,20777.872899,89.57357142857138,8.18937500028869,0.003311542113424437,3624.3064,3985.4963000000002,5294.861999999999,3574.6328355282535,6.530120364418508,-13.187829728594128,62.53750535790826,HOLD,0
2019-02-16 05:30:00,3602.49,3648.2,3597.91,3618.41,19565.992751,87.01499999999994,8.193789981812257,0.004414981523567008,3619.8894,3956.882,5274.2994,3580.104981087222,8.985052754532262,-8.75325323196885,60.65721359441818,HOLD,0
2019-02-17 05:30:00,3617.22,3700.11,3604.4,3667.58,25690.227779,87.77357142857136,8.207287323003499,0.013497341191241574,3619.3346,3929.3579,5254.6143999999995,3591.0393584513195,14.728432231065199,-4.05691613936204,69.5521496443706,HOLD,0
2019-02-18 05:30:00,3667.62,3925.0,3655.0,3898.6,64042.730492,103.37571428571421,8.268372793312045,0.061085470308546164,3621.2684000000004,3904.0134,5236.47885,3629.4844386449045,37.489331453635714,4.252333379237511,78.58399642847765,HOLD,0
2019-02-19 05:30:00,3897.35,3994.52,3856.0,3907.79,50207.172667,111.08857142857134,8.270727275792542,0.0023544824804968556,3625.3662,3878.5932000000003,5218.9239,3664.2726338142916,55.62782136928308,14.527430977246627,78.60703043022036,HOLD,0
2019-02-20 05:30:00,3907.35,3986.98,3870.66,3969.74,36205.14085,112.05999999999995,8.286455880352715,0.015728604560173665,3628.8182,3853.7599,5203.7234,3702.4560545875047,74.14683402263381,26.451311586324067,87.22118897814363,HOLD,0
2019-02-21 05:30:00,3969.74,4016.48,3901.03,3937.31,31103.884728,117.70285714285708,8.278253028001375,-0.00820285235134044,3630.3932,3828.5564,5188.289,3731.8127977640665,85.22404525790671,38.2058583206406,84.38724332878166,HOLD,0
2019-02-22 05:30:00,3937.31,3988.0,3926.65,3962.0,23943.16375,96.33642857142851,8.284504227258497,0.006251199257121698,3634.2976,3808.9523,5173.4249,3760.5861980435584,94.90113046778833,49.544912750070154,77.66050690234464,HOLD,0
2019-02-23 05:30:00,3962.0,4162.02,3933.15,4117.76,33657.942883,108.7635714285714,8.323064605170552,0.0385603779120558,3640.8125999999993,3792.5959000000003,5160.4133999999995,3805.232923288114,113.82669716535611,62.40126963312734,82.45417778160231,HOLD,0
2019-02-24 05:30:00,4118.0,4198.0,3712.66,3743.56,62224.18689,138.05714285714288,8.227792309323783,-0.09527229584676888,3640.2646000000004,3773.4721000000004,5147.7062,3797.5238078771,97.50653777267735,69.42232326103735,53.00497832629806,CLOSE_STOP,-1
2019-02-25 05:30:00,3743.56,3872.66,3740.0,3827.92,38102.966245,142.57785714285714,8.250076853712876,0.022284544389092886,3637.071,3755.4684,5134.19685,3801.323331892462,90.33847513997853,73.60555363682559,59.014772009194715,LONG,1
2019-02-26 05:30:00,3828.44,3841.51,3777.0,3809.23,28838.748036,141.09571428571434,8.245182347958309,-0.004894505754567291,3633.7466000000004,3736.9406999999997,5122.5229500000005,3802.3116654059045,82.20203318968788,75.32484954739806,58.00614298195836,HOLD,0
2019-02-27 05:30:00,3809.31,3838.85,3677.17,3818.07,31500.995466,147.05500000000004,8.247500338324015,0.002317990365705569,3631.0054000000005,3726.0211,5110.45155,3804.2814572301663,75.59573783615815,75.37902720515008,59.51102562466385,HOLD,0
2019-02-28 05:30:00,3818.04,3888.0,3763.87,3813.69,32561.961044,151.75785714285718,8.246352503360416,-0.001147834963598271,3627.9462,3718.5694,5097.97835,3805.4575250763955,69.20897380890665,74.1450165259014,60.305949950578736,HOLD,0
2019-03-01 05:30:00,3814.26,3857.0,3813.01,3823.0,23174.57217,149.20142857142858,8.248790733696413,0.0024382303359971047,3632.6886,3710.1887,5085.8616,3807.650334441846,64.15907066722639,72.1478273541664,60.210384006370795,HOLD,0
2019-03-02 05:30:00,3822.17,3841.31,3772.25,3819.93,19445.838355,150.54214285714286,8.247987376825394,-0.0008033568710192895,3637.061,3704.688,5074.02085,3809.1852926366155,59.22653606144013,69.56356909562115,59.442767979307625,HOLD,0
2019-03-03 05:30:00,3819.97,3835.0,3781.32,3807.75,16718.16541,147.54,8.244793742495613,-0.0031936343297811476,3641.5534000000002,3698.5594,5061.7238,3809.0058810570386,53.71544443512403,66.39394416352172,56.80390653062413,HOLD,0
2019-03-04 05:30:00,3807.32,3830.0,3670.69,3715.3,34742.84166,139.63357142857143,8.220214707592666,-0.024579034902947328,3646.3232000000003,3696.3880000000004,5048.741550000001,3797.292645924909,41.41056701353591,61.39726873352456,39.719573752103216,HOLD,0
2019-03-05 05:30:00,3716.1,3877.1,3703.55,3857.73,32962.536162,142.13571428571427,8.257834206568749,0.037619498976082966,3650.956,3694.1075,5035.10775,3804.847315184295,42.66001556341962,57.64981809950358,47.55742920155357,REVERSE_LONG_TO_SHORT,-2
2019-03-06 05:30:00,3857.58,3907.0,3813.09,3861.84,24775.11883,140.53499999999994,8.258899032819004,0.0010648262502552797,3657.1316,3694.1038999999996,5022.47715,3811.971400786258,43.480637469300746,54.81598197346301,44.4203123384011,HOLD,0
2019-03-07 05:30:00,3861.84,3905.4,3840.4,3873.64,26455.257661,136.93142857142854,8.261949912441919,0.003050879622914948,3662.7675999999997,3694.0882,5009.4577,3819.679975687976,44.569379561153255,52.76666149100106,46.635738214251745,HOLD,0
2019-03-08 05:30:00,3873.63,3932.0,3800.0,3864.89,34730.366592,141.97785714285712,8.259688500073176,-0.0022614123687425547,3667.7412,3690.0886,4997.50795,3825.3312287269787,44.21646376917306,51.05662194663546,44.780884202379795,HOLD,0
2019-03-09 05:30:00,3864.88,3971.75,3854.75,3943.04,30979.747653,133.9871428571428,8.279707278386152,0.02001877831297527,3674.7046,3686.5606,4984.82315,3840.0448251361063,49.6702595017332,50.77934945765501,39.7551365043625,HOLD,0
2019-03-10 05:30:00,3943.43,3943.43,3881.69,3916.82,23187.561412,103.72999999999992,8.273035379074066,-0.006671899312085117,3679.735,3685.3156,4972.6028,3849.641721994093,51.285509611268935,50.8805814883778,67.16329199191665,HOLD,0
2019-03-11 05:30:00,3915.99,3936.98,3830.0,3871.61,38066.885705,101.89571428571422,8.261425720183055,-0.011609658891011065,3686.3816,3682.1314999999995,4959.3358,3852.3877567448317,48.360072977870914,50.37647978627643,54.69189630361478,HOLD,0
2019-03-12 05:30:00,3871.61,3905.2,3826.06,3882.73,26921.008622,102.9407142857142,8.264293793448509,0.0028680732654535745,3693.4981999999995,3679.3487,4945.34125,3856.1805371517275,46.404017803808074,49.58198738978275,58.02366708877342,HOLD,0
2019-03-13 05:30:00,3882.69,3893.56,3840.0,3866.0,24461.008757,95.21785714285706,8.259975659768276,-0.004318133680232705,3699.3995999999997,3679.1686,4931.00305,3857.407970007762,43.00808833348765,48.26720757852373,55.143697280590665,HOLD,0
2019-03-14 05:30:00,3866.0,3920.0,3810.43,3877.12,27048.74853,94.17785714285706,8.262847888958763,0.002872229190487019,3705.8856,3678.4234,4916.88865,3859.8719737567912,40.74440469339606,46.7626470014982,56.71003914101343,HOLD,0
2019-03-15 05:30:00,3877.12,3939.22,3872.2,3923.76,21740.061498,95.82285714285707,8.274805656735266,0.011957767776502592,3712.9683999999997,3679.9626000000003,4901.96425,3867.8579770371925,42.22710948029453,45.85553949725747,59.87881877720698,HOLD,0
2019-03-16 05:30:00,3924.46,4056.98,3921.98,4005.98,28568.376124,100.53285714285708,8.295543523702067,0.020737866966801022,3721.7822,3684.9348999999997,4886.6136,3885.123229907543,49.46641255287523,46.57771410838102,65.79023305552258,HOLD,0
2019-03-17 05:30:00,4005.98,4012.0,3950.01,3981.14,18814.255577,101.1264285714285,8.289323489425428,-0.006220034276639197,3730.1,3690.7108000000003,4871.3632,3897.1253261691004,52.59297293677355,47.78076587405953,64.40618820518785,HOLD,0
2019-03-18 05:30:00,3981.85,4037.0,3953.33,3987.81,22454.47801,95.72357142857138,8.290997487017982,0.0016739975925545991,3738.8394,3696.4796,4856.37805,3908.460910397963,54.97528693627419,49.21967008650247,76.40549601751903,HOLD,0
2019-03-19 05:30:00,3987.83,4031.0,3970.0,4015.53,19893.741815,87.68428571428568,8.29792462265029,0.006927135632308179,3750.467,3701.1812,4841.39965,3921.844546598217,58.426555318375904,51.06104713287716,69.66110142038377,HOLD,0
2019-03-20 05:30:00,4017.48,4050.0,3980.5,4043.04,23432.300255,85.94071428571426,8.304752163235163,0.006827540584872338,3763.1069999999995,3707.2828000000004,4825.614799999999,3936.99397827344,62.659240742320435,53.380685854765815,71.33270543913349,HOLD,0
2019-03-21 05:30:00,4043.04,4069.32,3880.01,3980.64,35997.682119,94.81999999999996,8.289197889371003,-0.01555427386415964,3773.5562,3713.2852999999996,4809.00795,3942.44973098926,60.283604071709306,54.76126949815452,61.25604881127708,REVERSE_SHORT_TO_LONG,2
2019-03-22 05:30:00,3980.85,4008.0,3968.25,3986.93,20022.606318,88.23071428571426,8.290776790166781,0.0015789007957778267,3784.6128,3718.7046,4792.6275,3948.0097646156023,58.237124012721324,55.45644040106788,62.90499957702393,HOLD,0
2019-03-23 05:30:00,3987.89,4018.83,3978.01,4006.01,17302.604318,82.78928571428567,8.295551012478265,0.004774222311484166,3795.4916000000003,3725.7441,4775.86225,3955.259794038652,57.4921367982688,55.86357968050807,57.60929985257513,HOLD,0
2019-03-24 05:30:00,4006.01,4006.02,3950.0,3992.18,17179.850648,82.38071428571425,8.292092726595184,-0.003458285883080947,3805.2398,3733.4242000000004,4762.32315,3959.874819783821,55.15002844736409,55.72086943387927,59.387612736060525,HOLD,0
2019-03-25 05:30:00,3991.35,3999.3,3888.71,3936.12,33192.890217,82.6385714285714,8.277950745512278,-0.014141981082905986,3814.8,3740.6682,4749.4237,3956.905467310843,48.21453012745451,54.21960157259432,57.824515440409435,HOLD,0
2019-03-26 05:30:00,3935.47,3958.98,3894.0,3948.55,29349.537627,81.62714285714284,8.281103701894056,0.003152956381777372,3824.5066,3747.867,4737.18875,3955.8610338969875,43.22284876424965,52.02025101092539,57.958117715335874,REVERSE_LONG_TO_SHORT,-2
2019-03-27 05:30:00,3948.77,4048.0,3936.15,4038.05,32364.555852,85.79071428571426,8.303517181163631,0.022413479269575376,3835.8358000000003,3753.1567,4726.45375,3966.134654659864,45.95902035986728,50.808004880713774,67.68933396393244,HOLD,0
2019-03-28 05:30:00,4039.58,4039.7,4002.0,4027.81,20089.293875,80.65714285714282,8.300978082914602,-0.0025390982490289815,3848.2846000000004,3756.905,4715.33875,3973.844072827381,46.76212892783133,49.99882969013729,65.52129040232367,HOLD,0
2019-03-29 05:30:00,4028.22,4123.71,4024.03,4103.25,30084.217444,82.98999999999994,8.319534621612044,0.01855653869744245,3862.3815999999997,3761.3153,4704.295,3990.019813723958,52.87644898617509,50.57435354934485,67.45230733329437,HOLD,0
2019-03-30 05:30:00,4104.24,4140.0,4052.0,4106.97,19509.292601,79.63285714285709,8.32044080932798,0.0009061877159357579,3871.3402,3761.8888,4693.355299999999,4004.6385870084637,57.361042205832746,51.93169128064243,61.58859844399053,HOLD,0
2019-03-31 05:30:00,4106.99,4116.12,4082.57,4103.95,13525.087433,77.60142857142851,8.319705203540522,-0.0007356057874581268,3880.1156,3764.5416999999998,4682.18195,4017.052513632406,59.980013620597674,53.541355748633485,64.83535068009945,HOLD,0
2019-04-01 05:30:00,4102.44,4158.7,4067.0,4144.56,25507.067641,78.17499999999993,8.329551909944524,0.009846706404001537,3889.4056,3766.4982,4670.46785,4032.990949428355,64.58792554247248,55.750669707401286,67.50027911130954,CLOSE_STOP,1
2019-04-02 05:30:00,4144.54,4897.99,4140.54,4857.29,105383.639263,127.92142857142848,8.488235948201774,0.15868403825725075,3913.9303999999997,3775.7740000000003,4662.37115,4136.02833074981,124.31802262607789,69.4641402911366,87.15198700633786,HOLD,0
2019-04-03 05:30:00,4857.19,5275.01,4753.5,4932.6,109890.125743,160.20785714285708,8.503621511386143,0.015385563184368678,3939.9532,3785.0199,4654.45935,4235.599789406084,175.70601296079985,90.71251482506926,87.6721494757169,HOLD,0
2019-04-04 05:30:00,4932.59,5039.08,4777.0,4898.66,61054.254168,165.4057142857142,8.496716977311392,-0.006904534074751112,3965.7383999999997,3796.5486000000005,4646.4276500000005,4318.4823157303235,211.25744683602898,114.82150122726122,89.83770178788394,HOLD,0
2019-04-05 05:30:00,4898.64,5028.22,4880.62,5004.95,39768.552806,173.10928571428568,8.51818270168943,0.02146572437803762,3994.0262,3808.8207,4640.20895,4404.2907762640325,245.18261643245023,140.89372426829902,90.64925730713934,HOLD,0
2019-04-06 05:30:00,5004.96,5205.0,4928.59,5043.89,41770.842313,189.93714285714282,8.525932888758192,0.00775018706876196,4022.8545999999997,3823.5805,4633.74615,4484.2406792310285,272.0743861569117,167.12985664602158,90.79524550728729,HOLD,0
2019-04-07 05:30:00,5042.07,5234.0,5026.0,5170.27,37615.486804,200.79285714285712,8.550680190510203,0.024747301752011452,4053.8918000000003,3836.8906,4627.63805,4569.9943443271495,300.12446914722295,193.72877914626184,92.54230433118344,HOLD,0
2019-04-08 05:30:00,5170.27,5305.0,5039.0,5236.9,50178.430782,211.8935714285714,8.563484999195516,0.012804808685313418,4085.2782,3852.3063999999995,4621.36255,4653.357551286256,323.99602169920763,219.78222765685103,96.61692398113497,HOLD,0
2019-04-09 05:30:00,5238.38,5238.4,5076.68,5150.0,34067.012311,218.80357142857133,8.546751993657782,-0.016733005537734158,4110.3062,3865.7873,4613.31745,4715.437857375475,332.0743489499164,242.24065191546413,90.87537849147752,HOLD,0
2019-04-10 05:30:00,5150.0,5422.0,5135.0,5308.25,40073.620471,231.31428571428563,8.577017493061904,0.0302654994041216,4138.3154,3881.8407999999995,4606.24345,4789.539375203541,347.24313128081485,263.2411477885343,91.283151326053,HOLD,0
2019-04-11 05:30:00,5307.86,5332.67,4927.0,5017.37,54696.600686,257.5978571428571,8.520661171017451,-0.05635632204445251,4159.268,3894.0431,4597.790300000001,4818.018203303099,331.9662156565237,276.9861613621322,77.2000615709385,LONG,1
2019-04-12 05:30:00,5017.37,5080.58,4861.22,5048.01,33276.678614,266.1464285714285,8.526749385201654,0.006088214184202911,4181.482,3905.9376,4590.1234,4846.767177890211,318.6582479661929,285.3205786829443,76.624357471368,HOLD,0
2019-04-13 05:30:00,5047.0,5099.0,5004.0,5045.22,17292.456802,266.6464285714285,8.526196539369138,-0.0005528458325159136,4203.1464000000005,3918.722,4583.1118,4871.573780653935,304.37778042572063,289.13201903149957,76.45476538225125,HOLD,0
2019-04-14 05:30:00,5047.45,5152.99,5000.0,5131.3,18281.607739,275.1778571428571,8.543114317367637,0.016917777998498806,4223.4172,3932.1149,4576.4427000000005,4904.039558072193,296.587467903405,290.62310880588063,77.6709384443834,HOLD,0
2019-04-15 05:30:00,5131.28,5167.38,4950.0,5024.95,29057.191581,284.1549999999999,8.522170782629017,-0.02094353473862043,4249.045,3944.6548000000003,4568.1218,4919.1533633131685,278.62027184856106,288.22254141441675,72.90165495210991,HOLD,0
2019-04-16 05:30:00,5024.95,5197.72,5003.94,5173.72,24242.229493,243.89285714285714,8.551347244544077,0.029176461915060514,4275.961,3956.5159999999996,4560.8175,4950.9741928990225,273.23594135717485,285.2252214029684,61.64930235982771,HOLD,0
2019-04-17 05:30:00,5173.72,5230.4,5146.8,5202.82,23307.536134,212.61357142857136,8.556956065266151,0.005608820722073915,4303.8328,3968.7897,4553.849700000001,4982.454918786644,268.2250164268062,281.82518040773596,60.29848926017955,HOLD,0
2019-04-18 05:30:00,5202.41,5287.0,5198.8,5258.44,22619.239001,200.19357142857137,8.56758968379705,0.010633618530899724,4332.6402,3981.8228,4547.00905,5016.953053938314,265.6793058240737,278.59600549100355,63.488849897272075,HOLD,0
2019-04-19 05:30:00,5258.44,5320.0,5175.0,5258.68,24611.236323,200.00785714285706,8.56763532366805,4.563987099892586e-05,4361.54,3994.7431,4540.2444,5047.168922196025,260.6762641173864,275.01205721628014,60.33464486750247,HOLD,0
2019-04-20 05:30:00,5258.68,5333.42,5230.1,5291.73,19168.908274,187.64428571428562,8.573900503525097,0.006265179857047443,4390.9146,4011.8016000000002,4534.074100000001,5077.739056921522,256.42229965639217,271.2941057043025,60.14340907602643,HOLD,0
2019-04-21 05:30:00,5292.91,5314.35,5165.0,5256.14,25549.570939,183.45499999999993,8.567152196034975,-0.0067483074901222295,4419.6388,4028.3498999999997,4527.804800000001,5100.039174806332,247.32814174927262,266.50091291329653,53.796567305396636,HOLD,0
2019-04-22 05:30:00,5257.41,5400.0,5208.35,5357.14,29563.852309,178.14428571428562,8.586185529569713,0.019033333534737906,4450.6266,4046.09,4521.62155,5132.17677795554,245.44151499299005,262.2890333292353,55.15936357551107,HOLD,0
2019-04-23 05:30:00,5357.14,5600.0,5332.41,5493.31,41262.103917,185.70642857142852,8.611286267213517,0.02510073764380394,4486.1867999999995,4066.255,4515.90985,5177.318430711098,252.0288984176359,260.23700634691545,64.13345079989793,HOLD,0
2019-04-24 05:30:00,5490.91,5582.2,5333.35,5415.0,48224.152413,182.9814285714285,8.596928159435091,-0.014358107778425833,4517.3322,4084.1440999999995,4510.0135,5207.02862687221,248.07087804187177,257.80378068590676,54.70434253783305,HOLD,0
2019-04-25 05:30:00,5415.0,5491.84,5102.0,5219.9,49636.089948,181.85071428571422,8.560233523605062,-0.0366946358300293,4544.493399999999,4100.8125,4503.0367,5208.637548513184,226.5793136102402,251.55888727077348,59.74817339070666,HOLD,0
2019-04-26 05:30:00,5220.47,5510.0,5161.62,5314.1,48912.294513,191.06642857142853,8.578118944358732,0.017885420753669834,4573.3026,4118.0351,4496.24215,5221.820354949035,214.6736228035752,244.18183437733384,62.06899679780836,HOLD,0
2019-04-27 05:30:00,5315.0,5342.5,5257.67,5295.69,15422.896935,190.33999999999995,8.574648561160418,-0.003470383198314053,4601.9186,4134.8299,4489.43755,5231.054060580406,201.43077533050564,235.63162256796824,61.201799658315316,HOLD,0
2019-04-28 05:30:00,5295.69,5340.0,5259.48,5307.52,14371.433869,185.16357142857143,8.576879961822785,0.0022314006623673777,4629.2082,4151.9564,4482.82015,5240.612303007856,189.70352132362223,226.44600231909905,58.4417575258206,HOLD,0
2019-04-29 05:30:00,5309.81,5332.0,5178.8,5238.14,19918.135079,180.5792857142857,8.563721752469164,-0.01315820935362133,4655.6346,4167.6848,4477.74745,5240.303265131874,172.81905141710558,215.72061213870035,60.58782045551616,HOLD,0
2019-04-30 05:30:00,5238.14,5339.98,5192.15,5320.81,22238.06823,177.29714285714277,8.579380826385075,0.015659073915911037,4684.6186,4185.5001,4472.86145,5250.366606990389,164.21578808388495,205.41964732773727,57.81836350686212,HOLD,0
2019-05-01 05:30:00,5321.94,5402.0,5316.2,5383.2,17217.473216,177.4542857142857,8.591038271874108,0.011657445489033691,4714.628000000001,4204.0631,4468.1128,5266.97078111659,160.58091466801216,196.45190079579226,59.260133886401896,HOLD,0
2019-05-02 05:30:00,5383.2,5538.0,5370.0,5492.87,22795.787835,183.1542857142857,8.611206166577947,0.02016789470383884,4747.165400000001,4223.2825,4463.88045,5295.208183477017,164.65170142574152,190.09186092178211,61.402126438458765,HOLD,0
2019-05-03 05:30:00,5494.81,5844.0,5477.57,5772.69,46297.172849,198.9707142857143,8.660893455368655,0.049687288790707385,4785.0768,4245.4812,4458.981400000001,5354.8934105423905,188.28651496611928,189.73079173064954,69.65486123326114,HOLD,0
2019-05-04 05:30:00,5770.62,5900.0,5587.45,5829.45,39682.408991,213.91571428571433,8.670677935271634,0.00978447990297937,4823.1906,4268.0795,4454.3323,5414.212984224591,209.1859669995647,193.62182678443259,70.19529782918949,HOLD,0
2019-05-05 05:30:00,5829.83,5839.9,5696.0,5775.62,23822.543775,213.52642857142857,8.661400888934756,-0.009277046336878314,4858.5834,4290.1828,4449.50595,5459.388861196518,218.88216483773977,198.67389439509404,69.24655808645903,HOLD,0
2019-05-06 05:30:00,5773.18,5805.0,5619.14,5747.79,25256.596325,213.11285714285714,8.656570712084752,-0.004830176850003198,4893.9164,4312.0082,4445.1501,5495.439003546953,221.76446041080817,203.2920075982369,65.30316444291228,HOLD,0
2019-05-07 05:30:00,5749.92,6028.41,5747.74,5846.34,39905.064422,214.04714285714286,8.673571103405246,0.01700039132049369,4931.0869999999995,4334.9632,4441.7374,5539.301628103583,229.35697733659435,208.5050015459084,64.24944500504537,HOLD,0
2019-05-08 05:30:00,5846.34,6014.72,5772.2,5987.29,23074.186907,213.59500000000006,8.697394168035203,0.023823064629956647,4970.522199999999,4360.4946,4438.73185,5595.300174590636,243.93565039996975,215.5911313167207,71.98764398066679,HOLD,0
2019-05-09 05:30:00,5986.66,6224.55,5983.71,6209.18,27453.011436,202.95214285714292,8.733784121120237,0.036389953085034676,5013.845,4388.476000000001,4436.8272,5672.035152766806,270.2784210291102,226.5285892591986,87.2419400984806,HOLD,0
2019-05-10 05:30:00,6209.95,6468.92,6172.0,6373.33,36623.61079,199.27642857142862,8.759877374924594,0.026093253804356564,5061.6988,4417.6275,4435.787850000001,5759.697008670955,300.931834815141,241.4092383703871,87.88024003490372,HOLD,0
2019-05-11 05:30:00,6375.16,7343.99,6372.85,7076.22,74022.424393,262.5842857142857,8.864495145808231,0.1046177708836371,5123.4846,4454.0487,4438.4014,5924.262382587086,377.5896167293795,268.6453140421856,92.74756195351026,HOLD,0
2019-05-12 05:30:00,7076.24,7521.78,6750.0,6967.31,86948.975339,311.96,8.84898448951891,-0.015510656289320579,5182.7106,4489.1011,4440.410449999999,6054.6433347637,424.65813969091414,299.8478791719313,88.07399217319895,HOLD,0
2019-05-13 05:30:00,6968.24,8100.0,6870.0,7790.71,85804.735333,388.8742857142857,8.960687277201941,0.11170278768303099,5258.6812,4531.9605,4446.723550000001,6271.651667918238,522.3801090802535,344.35432515359577,93.50412958336032,HOLD,0
2019-05-14 05:30:00,7795.62,8366.0,7599.56,7947.56,76583.722603,433.06071428571425,8.980620242300342,0.019932965098400146,5338.91,4576.855,4453.7682,6481.140209428458,605.502106646486,396.58388145217384,93.66432948013392,HOLD,0
2019-05-15 05:30:00,7945.26,8249.0,7850.0,8169.87,37884.327211,455.4321428571428,9.008208275854749,0.027588033554406977,5423.3364,4623.9215,4462.08955,6692.231433249901,681.46000096024,453.5591053537871,93.98417203051952,HOLD,0
2019-05-16 05:30:00,8169.08,8320.0,7705.0,7866.59,69630.513996,487.3607142857142,8.970379956535389,-0.03782831931935959,5499.907200000001,4667.871499999999,4468.97285,6839.026254093664,709.0119694287332,504.64967816877635,85.30829232883723,HOLD,0
2019-05-17 05:30:00,7868.67,7925.0,6913.0,7355.26,88752.008159,533.472857142857,8.903170982512709,-0.06720897402268022,5566.4562,4707.3704,4474.026650000001,6903.555472331956,681.7285034775114,540.0654432305234,72.02339038055294,HOLD,0
2019-05-18 05:30:00,7355.28,7458.0,7156.61,7257.45,37054.944779,532.6757142857142,8.88978380645032,-0.013387176062389372,5629.5401999999995,4745.9609,4478.65955,6947.79228829046,644.7810756983199,561.0085697240827,69.64787918480565,CLOSE_STOP,-1
2019-05-19 05:30:00,7257.32,8275.09,7243.08,8148.48,65577.442058,596.1121428571429,9.005586685773563,0.11580287932324396,5710.370400000001,4790.855299999999,4487.5423,7097.878252254153,679.5650445243282,584.7198646841318,76.53505338635439,HOLD,0
2019-05-20 05:30:00,8147.94,8156.03,7553.0,7938.15,65859.208564,625.91,8.979435529611942,-0.026151156161621003,5787.054399999999,4833.585,4495.18305,7202.9122207223845,682.294649222491,604.2348215918037,73.53363359749704,HOLD,0
2019-05-21 05:30:00,7937.16,8042.32,7771.0,7904.87,52301.752247,625.2421428571428,8.975234304220555,-0.004201225391387453,5862.2606,4875.8331,4502.5375,7290.656943132087,674.0029759891713,618.1884524712772,72.43184458232808,HOLD,0
2019-05-22 05:30:00,7904.48,8016.0,7465.0,7628.43,49136.994589,647.2764285714285,8.939637336395275,-0.035596967825279435,5917.683400000001,4915.8069,4508.7442,7332.878575240576,637.7735114788593,622.1054642727936,67.37060479688394,HOLD,0
2019-05-23 05:30:00,7627.8,7940.98,7461.0,7851.51,49648.184701,664.357857142857,8.968461148966176,0.028823812570900387,5976.061599999999,4958.0073999999995,4515.5725,7397.707503335504,619.9160847374023,621.6675883657153,67.3788224139646,HOLD,0
2019-05-24 05:30:00,7849.95,8130.0,7766.0,7964.87,46664.785325,669.1492857142856,8.9827959008048,0.014334751838624982,6037.3858,5001.5621,4523.0519,7468.602815418566,607.9036155270032,618.914793797973,67.02436728494106,HOLD,0
2019-05-25 05:30:00,7964.52,8091.8,7908.34,8025.41,28414.328817,612.8864285714286,8.990368037035829,0.007572136231027926,6097.795,5045.9106,4530.5833999999995,7538.203713491246,596.3938619800865,614.4106074343956,61.77085529334441,HOLD,0
2019-05-26 05:30:00,8023.0,8740.0,7833.42,8614.43,49652.144567,622.515,9.061193983105097,0.0708259460692684,6169.2058,5096.0302,4540.76325,7672.73199930484,627.5670879820163,617.0419035439198,68.25241685615883,HOLD,0
2019-05-27 05:30:00,8612.54,8908.32,8589.0,8756.32,51886.768793,557.4664285714285,9.077531004343156,0.01633702123805847,6240.9268,5147.4093,4552.14565,7808.180499391735,656.1576543598021,624.8650537070963,62.60406469044916,HOLD,0
2019-05-28 05:30:00,8752.52,8798.49,8510.63,8715.64,31470.551534,523.2821428571428,9.072874391861342,-0.004656612481813482,6310.5016000000005,5197.8899,4563.6239000000005,7921.612936967768,667.8349624408611,633.4590354538493,60.33927600299376,HOLD,0
2019-05-29 05:30:00,8716.87,8750.0,8406.6,8645.68,33880.865922,519.3107142857142,9.06481505320792,-0.008059338653422898,6380.4152,5245.360700000001,4574.68705,8012.121319846798,663.7923409950708,639.5256965620937,56.678916235966575,HOLD,0
2019-05-30 05:30:00,8646.5,9074.26,8005.0,8269.54,70379.998521,551.7578571428571,9.020334163737967,-0.04448088946995199,6439.641,5288.9782,4583.7857,8044.298654865948,623.0549898225008,636.2315552141752,55.542808723235105,HOLD,0
2019-05-31 05:30:00,8267.1,8594.0,8108.5,8555.0,44727.49162,514.1507142857142,9.054271186326293,0.03393702258832576,6510.393599999999,5334.8308,4594.295349999999,8108.136323007705,606.8096578232216,630.3471757359845,67.59655267496231,HOLD,0
2019-06-01 05:30:00,8555.0,8626.0,8442.36,8544.07,31868.234157,505.7399999999999,9.05299275405031,-0.0012784322759831213,6580.3148,5380.898400000001,4604.7274,8162.628032631742,586.2947149995907,621.5366835887057,69.36432540470904,HOLD,0
2019-06-02 05:30:00,8545.1,8814.78,8524.0,8725.98,27835.133265,452.79499999999996,9.074060061680012,0.02106730762970166,6653.93,5428.538200000001,4618.74525,8233.047028552774,578.0516718756662,612.8396812460978,61.0504320671101,HOLD,0
2019-06-03 05:30:00,8726.0,8800.95,8080.8,8115.82,45692.965104,461.1607142857143,9.00157052228675,-0.07248953939326164,6713.620399999999,5468.5188,4630.55735,8218.393649983678,516.3322315720152,593.5381913112814,52.948537099424136,LONG,1
2019-06-04 05:30:00,8115.66,8115.66,7481.02,7687.03,74143.948941,487.1235714285714,8.947289772034374,-0.05428075025237611,6766.862000000001,5507.9535,4640.712799999999,8151.973193735718,427.88694664383365,560.4079423777919,46.804328181295396,HOLD,0
2019-06-05 05:30:00,7687.04,7896.7,7572.78,7776.5,48679.656455,470.9035714285714,8.958861644484616,0.011571872450241827,6818.9176,5547.439299999999,4651.45385,8105.039044518753,360.8532111970371,520.4969961416409,52.29823150875864,HOLD,0
2019-06-06 05:30:00,7778.08,7868.13,7444.58,7786.7,36624.118747,466.8728571428572,8.960172429086809,0.001310784602193138,6870.5952,5587.213999999999,4662.07735,8065.246663953909,305.0352907051356,477.4046550543399,48.922888738943854,HOLD,0
2019-06-07 05:30:00,7787.57,8100.0,7737.49,7980.53,33942.225658,466.7664285714286,8.984760104278507,0.024587675191698466,6925.036999999999,5628.8386,4677.4298499999995,8054.657080959671,273.28933828891513,436.581591701255,50.2534817318338,REVERSE_LONG_TO_SHORT,-2
2019-06-08 05:30:00,7978.94,8044.65,7751.0,7893.62,22657.329634,474.63714285714286,8.973810117237933,-0.010949987040573816,6977.7357999999995,5669.637899999999,4694.10365,8034.527445839712,238.36975348089163,396.93922405718234,47.88482834994463,HOLD,0
2019-06-09 05:30:00,7895.28,7935.0,7506.66,7628.13,31568.465157,440.4771428571429,8.93959800905018,-0.034212108187754,7024.4638,5707.689199999999,4708.93895,7983.727765109747,187.11595052895336,354.9745693515366,32.33589558066062,HOLD,0
2019-06-10 05:30:00,7627.57,8020.0,7511.0,7982.75,36756.078468,454.02571428571434,8.985038242607763,0.0454402335575832,7078.996,5749.3174,4727.0027,7983.605544471029,173.116236529243,318.60290278707794,37.12669118503603,HOLD,0
2019-06-11 05:30:00,7981.0,8010.0,7692.23,7884.9,30334.999427,456.1621428571429,8.972704817008538,-0.012333425599225123,7129.5512,5790.0889,4744.3241499999995,7971.267351412151,152.3692670248629,285.35617563463495,36.43344264008466,HOLD,0
2019-06-12 05:30:00,7884.9,8200.0,7788.99,8127.64,41597.082622,460.9914285714286,9.003025877498791,0.030321060490253515,7182.237799999999,5834.2123,4765.30015,7990.813932485632,153.74199157812745,259.03333882333345,41.99196166331736,HOLD,0
2019-06-13 05:30:00,8127.64,8309.82,8010.03,8218.54,30467.764341,406.0292857142858,9.014147856702936,0.011121979204144594,7238.3086,5877.8204000000005,4785.96395,8019.279690924928,160.31672458620596,239.29001597590798,49.13537633168998,HOLD,0
2019-06-14 05:30:00,8216.44,8684.41,8144.32,8650.0,39835.246255,409.9285714285715,9.065314599925925,0.0511667432229892,7306.9106,5925.702000000001,4809.902950000001,8098.119729559312,198.0593589989603,231.04388458051844,51.53460452433721,CLOSE_STOP,1
2019-06-15 05:30:00,8650.88,8864.99,8567.63,8808.7,31791.636039,418.05142857142874,9.083495148450865,0.01818054852494022,7376.8026,5975.0526,4834.5704,8186.942263364397,238.03254141352227,232.4416159471192,54.079980758734905,HOLD,0
2019-06-16 05:30:00,8810.77,9333.0,8760.0,8953.33,63289.251219,438.2100000000001,9.09978080910823,0.016285660657365142,7449.955399999999,6025.937,4858.0127999999995,8282.740730443847,278.17537616665777,241.58836799102693,53.5459720814162,HOLD,0
2019-06-17 05:30:00,8953.0,9444.0,8950.0,9313.96,47895.485374,422.0564285714286,9.139269628922836,0.03948881981460595,7530.0842,6079.6462,4883.1034,8411.643139138367,335.22443044712963,260.31558048224747,70.26472995920466,HOLD,0
2019-06-18 05:30:00,9312.13,9336.36,8950.0,9081.55,51554.569401,404.3107142857144,9.11400016187274,-0.02526946705009614,7606.9524,6131.2935,4908.30455,8495.381496746071,357.56093245665033,279.7646508771281,75.26450808742536,LONG,1
2019-06-19 05:30:00,9081.97,9304.0,8960.0,9255.49,32147.706495,405.7450000000002,9.132972167960498,0.01897200608775762,7685.646,6185.1323,4933.6319,8590.395059652812,384.86182796317735,300.78408629433795,75.99909995745892,HOLD,0
2019-06-20 05:30:00,9253.76,9590.0,9175.2,9517.12,34556.053982,405.12000000000006,9.160847561008296,0.027875393047798624,7768.3243999999995,6241.4762,4960.41245,8706.23567719621,422.7362979131558,325.17452861810153,77.9484065199274,HOLD,0
2019-06-21 05:30:00,9518.06,10174.99,9518.06,10159.86,50484.415892,426.21714285714285,9.226199941509975,0.06535238050167891,7861.6642,6304.414800000001,4991.791700000001,8887.938717546684,498.86522681512724,359.9126682575067,80.74111689447477,HOLD,0
2019-06-22 05:30:00,10159.86,11160.0,9921.72,10729.5,104169.447976,493.69071428571436,9.280752236216548,0.05455229470657308,7960.8004,6372.938600000001,5025.6810000000005,9118.133877853348,598.2666927432783,407.583473154661,85.20750463080216,HOLD,0
2019-06-23 05:30:00,10729.0,11392.64,10555.18,10906.07,57445.323945,522.9135714285715,9.297074793950646,0.016322557734097742,8062.332799999999,6442.7617,5061.36215,9341.62589312168,683.4128362169777,462.7493457671244,91.61448891190973,HOLD,0
2019-06-24 05:30:00,10905.95,11143.63,10620.8,11056.59,43101.045285,523.9014285714286,9.310781909272464,0.013707115321818009,8167.9522,6513.2678000000005,5099.10135,9555.99640648147,754.3418906625593,521.0678547462114,91.15618204993626,HOLD,0
2019-06-25 05:30:00,11056.59,11850.0,11026.0,11820.86,61276.686648,560.0607142857142,9.377621046350576,0.06683913707811229,8289.4136,6591.665,5141.1879,9839.104355671287,862.2840057904359,589.3110849550563,94.71889074209572,HOLD,0
2019-06-26 05:30:00,11821.28,13970.0,11741.0,13093.8,155930.147386,689.9171428571428,9.479894114713009,0.10227306836243244,8434.362799999999,6682.7249,5189.60225,10245.941311212377,1038.5725118787705,679.1633703397993,95.72066183267108,HOLD,0
2019-06-27 05:30:00,13098.38,13478.04,10525.1,11329.99,173894.820889,879.427857142857,9.33520847140913,-0.14468564330387856,8541.2168,6755.8695,5228.52535,10381.44739731083,1024.1519111003563,748.1610784919108,71.89962119345878,CLOSE_STOP,-1
2019-06-28 05:30:00,11329.99,12480.0,10982.88,12400.63,95795.203964,947.7871428571428,9.425502556754138,0.0902940853450076,8665.0458,6839.4454000000005,5273.364100000001,10633.845222646978,1086.589652244329,815.8467932423945,74.21926961786474,HOLD,0
2019-06-29 05:30:00,12407.06,12441.54,11475.02,11903.13,69642.074157,995.5842857142858,9.384556669724638,-0.04094588702949942,8775.6418,6918.670300000001,5315.977800000001,10792.505819816106,1083.4387126591864,869.365177125753,69.14426982864114,HOLD,0
2019-06-30 05:30:00,11903.13,12180.0,10766.03,10854.1,84512.530443,1055.6535714285712,9.292298167774202,-0.09225850195043606,8851.199400000001,6987.342,5353.023300000001,10800.205092339093,984.939843039383,892.4801103084791,60.57596755939896,LONG,1
2019-07-01 05:30:00,10854.1,11282.28,10030.0,10624.93,90962.268271,1109.8164285714286,9.270958405535621,-0.021339762238580917,8924.3518,7053.5312,5389.637650000001,10778.295705796707,878.2626107954966,889.6366104058827,57.402586842631294,HOLD,0
2019-07-02 05:30:00,10624.9,10938.75,9727.0,10842.85,109561.038728,1168.7728571428572,9.291261155566662,0.020302750031040873,8985.3946,7122.0379,5427.731049999999,10786.364992572118,802.0588235868072,872.1210530420676,59.961743466299865,HOLD,0
2019-07-03 05:30:00,10844.98,11991.89,10841.04,11940.0,96815.90029,1226.405,9.387649386946594,0.09638823137993136,9065.2434,7202.0767000000005,5471.37245,10930.569368500604,820.7366675277299,861.8441759392001,63.747640453811286,HOLD,0
2019-07-04 05:30:00,11940.0,12000.0,11055.0,11145.67,66512.221892,1264.2764285714286,9.318806360657272,-0.06884302628932204,9124.7594,7274.0479000000005,5510.95745,10957.456947438028,762.6518254013554,842.0057058316312,57.90847718048256,HOLD,0
2019-07-05 05:30:00,11145.67,11406.83,10796.44,10970.73,63534.350582,1260.885,9.30298609617831,-0.01582026447896112,9186.8422,7343.374700000001,5548.265700000001,10959.116079008274,694.4972416795335,812.5040130012118,54.12512476560345,HOLD,0
2019-07-06 05:30:00,10982.41,11665.0,10964.51,11256.49,51469.496331,1222.4714285714285,9.328700130185029,0.025714034006718123,9264.8668,7415.6615,5586.2832499999995,10996.28781913224,655.9809468356052,781.1993997680905,52.76068541733241,HOLD,0
2019-07-07 05:30:00,11256.45,11538.0,11094.37,11406.24,38884.795599,1194.3407142857143,9.341915853052189,0.013215722867160551,9347.8426,7488.6914,5625.00335,11047.53184174071,630.2746651563393,751.0144528457404,52.6275698091877,HOLD,0
2019-07-08 05:30:00,11410.0,12338.03,11220.0,12238.6,52182.367215,1236.8549999999998,9.412350170439563,0.07043431738737382,9429.645,7570.0077,5665.94825,11196.415361523123,669.3508870297755,734.6817396825475,55.794410940853396,HOLD,0
2019-07-09 05:30:00,12238.6,12794.73,12068.0,12543.41,78442.130343,1229.9071428571426,9.43695070704526,0.024600536605696277,9521.7502,7654.4023,5709.472,11364.789691332733,716.653557876145,731.0761033212669,53.70914702195354,HOLD,0
2019-07-10 05:30:00,12548.51,13147.08,11569.0,12108.37,109246.044997,1183.412857142857,9.40165222798327,-0.03529847906198924,9605.8202,7734.040400000001,5750.269299999999,11457.737229916142,710.8430172814078,727.0294861132952,44.465250763574446,REVERSE_LONG_TO_SHORT,-2
2019-07-11 05:30:00,12108.11,12111.73,11000.0,11342.89,87506.461058,1051.8978571428572,9.33634639490116,-0.06530583308211035,9680.1094,7798.8964000000005,5787.3352,11443.381326176624,637.1258926868813,709.0487674280124,50.08160548996189,HOLD,0
2019-07-12 05:30:00,11342.88,11885.0,11073.0,11757.22,56321.858281,1002.9607142857141,9.372222798949197,0.03587640404803771,9758.2236,7867.1426,5826.08125,11482.611160404547,605.1615826178167,688.2713304659734,45.561201892496385,HOLD,0
2019-07-13 05:30:00,11757.22,11799.98,10830.0,11355.76,54245.594548,1003.2078571428568,9.337480383167348,-0.034742415781849445,9826.0414,7931.7136,5864.1311,11466.754765353979,541.1965923059543,658.8563828339695,46.17305667458572,HOLD,0
2019-07-14 05:30:00,11355.78,11452.0,10103.0,10174.18,72517.579236,998.5671428571428,9.227608417382683,-0.10987196578466474,9869.0168,7983.4059,5896.1133,11305.182919684732,390.6569948558499,605.2165052383457,45.332835443872106,HOLD,0
2019-07-15 05:30:00,10174.18,11100.0,9860.0,10838.72,81922.426332,997.6899999999997,9.290880186840694,0.0632717694580105,9913.5026,8041.354200000001,5932.46735,11246.87505472414,321.2726721259296,548.4277386158625,51.38474891345886,REVERSE_SHORT_TO_LONG,2
2019-07-16 05:30:00,10833.78,11028.0,9350.01,9439.59,97219.443413,1030.9928571428568,9.152667825992951,-0.13821236084774213,9927.168,8084.0473999999995,5960.469,11020.964422883622,151.6389985098849,469.069990594667,42.11710142843339,HOLD,0
2019-07-17 05:30:00,9430.17,9957.0,9060.0,9667.92,84942.672717,1012.8607142857139,9.17656846706841,0.02390064107545875,9946.2136,8128.3576,5990.331999999999,10851.833870023169,35.22140238893917,382.3002729535214,35.85579394011832,HOLD,0
2019-07-18 05:30:00,9668.86,10788.0,9252.0,10627.16,80283.310252,1055.0749999999996,9.271168267248816,0.09459980018040604,9985.8432,8183.129199999999,6024.458250000001,10823.749636270273,20.130221355277172,309.86626263387257,46.83710007014975,REVERSE_LONG_TO_SHORT,-2
2019-07-19 05:30:00,10628.64,10769.71,10121.84,10504.29,56546.932133,1057.7521428571424,9.259539024131607,-0.011629243117209143,10030.5382,8235.0896,6058.465200000001,10783.81718173649,-1.724353202211205,247.5481394666558,47.136535750944184,HOLD,0
2019-07-20 05:30:00,10505.78,11068.99,10350.0,10740.23,47331.899848,1059.0735714285713,9.281751783103571,0.022212758971964064,10074.2428,8292.3182,6093.18065,10778.368784019427,-0.005807876003018464,198.03734999812406,46.81118635776282,HOLD,0
2019-07-21 05:30:00,10740.27,10817.9,10288.0,10589.45,38834.287935,1065.235714285714,9.267613501458262,-0.014138281645308837,10115.1504,8347.7326,6126.8351,10754.753936016998,-10.687337231525817,156.2924125521941,44.95552681669341,HOLD,0
2019-07-22 05:30:00,10590.15,10683.16,10100.0,10340.31,40467.954839,1027.030714285714,9.24380512827065,-0.023808373187613086,10147.437,8400.6835,6159.70275,10702.948444014874,-38.808679749596195,117.27219409183604,37.36607624186872,HOLD,0
2019-07-23 05:30:00,10343.08,10343.97,9822.0,9864.91,47624.37071,1012.4049999999999,9.196739295252403,-0.047065833018246295,10182.4188,8448.0196,6190.06725,10598.193638513014,-98.3224531782871,74.15326463781142,32.56924794943811,HOLD,0
2019-07-24 05:30:00,9864.78,9937.0,9525.0,9763.28,43475.380377,929.1135714285712,9.186383688523522,-0.010355606728881028,10223.943800000001,8495.402900000001,6220.02885,10493.829433698887,-151.93680611326636,28.935250487595862,34.046681224786894,HOLD,0
2019-07-25 05:30:00,9763.4,10175.0,9720.03,9879.87,37873.354728,882.2021428571425,9.19825463276061,0.011870944237088565,10266.0112,8542.4644,6249.4902,10417.084504486525,-182.91025292997801,-13.433850195918911,39.08350445309329,HOLD,0
2019-07-26 05:30:00,9882.15,9889.98,9637.0,9824.0,27167.463217,842.2721428571424,9.192583650386924,-0.005670982373686684,10306.7572,8588.6762,6278.73295,10342.94894142571,-209.54961721167638,-52.65700359907041,34.75979503350413,HOLD,0
2019-07-27 05:30:00,9824.0,10188.66,9333.0,9476.52,43809.778301,834.1064285714282,9.156572439247956,-0.03601121113896788,10336.677,8630.857,6306.3399,10234.645323747496,-255.75208646700412,-93.27602017265716,35.05816948980045,HOLD,0
2019-07-28 05:30:00,9478.92,9594.99,9165.0,9541.54,29401.022937,768.4628571428568,9.163410176991146,0.0068377377431900754,10369.635400000001,8673.685599999999,6334.214349999999,10148.007158279059,-283.84926794662533,-131.3906697274508,43.883943417969206,HOLD,0
2019-07-29 05:30:00,9541.54,9729.0,9395.0,9507.64,29021.937411,703.7485714285712,9.159850964910934,-0.0035592120802121485,10407.2256,8715.8447,6363.82315,10067.961263494177,-305.33225323183615,-166.1789864283279,35.34478962063892,HOLD,0
2019-07-30 05:30:00,9509.07,9714.28,9402.0,9574.21,32536.368834,606.197857142857,9.166828304117582,0.00697733920664767,10439.0548,8759.025399999999,6393.68765,10006.242355557406,-313.3736547717381,-195.61792009700994,52.09769505977385,HOLD,0
2019-07-31 05:30:00,9575.0,10109.8,9555.0,10080.53,39515.35456,581.7549999999998,9.218361119608193,0.05153281549061184,10482.9674,8806.2593,6426.174650000001,10015.52831111273,-275.7124889722709,-211.63683387206214,55.916827991682815,HOLD,0
2019-08-01 05:30:00,10080.53,10467.86,9863.46,10374.99,41727.637028,515.2121428571427,9.247153381243013,0.028792261634819738,10527.9144,8855.0761,6460.665550000001,10060.461022223639,-219.57416831488263,-213.22430076062625,45.532021956292944,HOLD,0
2019-08-02 05:30:00,10375.0,10670.0,10281.35,10523.75,42990.444221,496.69642857142844,9.261389886651873,0.014236505408860012,10574.0186,8906.1636,6495.15385,10118.372144445684,-161.22198924354052,-202.82383845720912,50.34166005351385,HOLD,0
2019-08-03 05:30:00,10523.75,10904.77,10497.93,10816.86,33802.318824,474.3999999999999,9.288861306956166,0.02747142030429295,10617.355800000001,8962.1332,6531.47285,10205.683126389973,-90.28518809940033,-180.3161083856474,51.31891925384593,CLOSE_STOP,1
2019-08-04 05:30:00,10816.86,11040.0,10552.0,10929.23,39924.745141,471.4071428571428,9.299196130381574,0.010334823425408146,10659.766399999999,9018.2845,6568.159799999999,10296.126485591225,-24.715042609268494,-149.19589523037163,55.9264918266111,HOLD,0
2019-08-05 05:30:00,10929.99,11937.52,10927.8,11828.8,65153.673713,501.8757142857143,9.378292514802835,0.07909638442126088,10717.275800000001,9083.6156,6609.22275,10487.710674892322,98.69980120903165,-99.61675594249098,71.1610582732688,HOLD,0
2019-08-06 05:30:00,11830.0,12330.7,11226.7,11481.69,76705.389875,543.4492857142858,9.348508871582409,-0.02978364322042637,10760.6304,9145.357300000001,6648.656849999999,10611.958090530781,166.57787199306767,-46.37783035537926,73.8550384211334,HOLD,0
2019-08-07 05:30:00,11481.69,12141.17,11382.84,11975.03,69173.390353,568.1871428571429,9.390578927495184,0.04207005591277557,10818.5,9212.7262,6690.205499999999,10782.342079214433,257.2151311886155,14.340761953419694,79.25231518832314,HOLD,0
2019-08-08 05:30:00,11975.04,12060.0,11521.0,11999.77,51207.257174,574.1892857142858,9.392642761919788,0.002063834424603783,10873.385600000001,9279.5158,6732.50795,10934.52056931263,327.26956353625246,76.92652226998625,78.735678925994,HOLD,0
2019-08-09 05:30:00,11994.17,12045.68,11700.0,11879.99,39427.152588,580.8107142857144,9.38261075116544,-0.010032010754347453,10920.643,9344.4837,6774.2734,11052.704248148551,368.8708474150426,135.3153872989975,77.39471769712699,HOLD,0
2019-08-10 05:30:00,11879.98,11985.0,11270.0,11309.31,42633.087048,570.7635714285716,9.333381559291546,-0.04922919187389496,10943.632000000001,9402.6481,6812.9653,11084.779967129982,351.7364590304478,178.59960164528758,73.04972923211585,HOLD,0
2019-08-11 05:30:00,11309.24,11600.0,11112.11,11549.97,26772.90691,574.8992857142858,9.35443811854397,0.021056559252423668,10960.041400000002,9460.4209,6852.95105,11142.928721238733,353.5016366888958,213.58000865400925,74.18996620392784,HOLD,0
2019-08-12 05:30:00,11539.08,11577.89,11235.32,11396.08,17568.227075,575.5114285714287,9.341024715600179,-0.013413402943790231,10969.8416,9516.0872,6892.083350000001,11174.572631083893,338.57997660148067,238.58000224350354,72.1058398261912,HOLD,0
2019-08-13 05:30:00,11398.35,11456.16,10788.45,10892.71,33234.72968,600.8992857142857,9.295849037126386,-0.04517567847379311,10966.563999999998,9567.258100000001,6928.720450000001,11139.339802198407,282.87588420705106,247.43917863621306,64.00228539386936,LONG,1
2019-08-14 05:30:00,10893.36,10897.48,9928.1,10050.37,54451.847499,630.5121428571429,9.21536472872993,-0.08048430839645526,10931.154199999999,9610.2839,6961.146049999999,11003.218576923606,168.8142063002233,231.7141841690151,49.70104159645374,HOLD,0
2019-08-15 05:30:00,10055.16,10460.0,9911.0,10293.93,38174.45112,626.555,9.239309680111864,0.02394495138193342,10875.156799999999,9654.7598,6994.8615,10914.557504808155,96.95512296809102,204.7623719288303,49.18830908741349,HOLD,0
2019-08-16 05:30:00,10296.77,10536.03,9750.0,10331.54,51758.142918,654.9392857142857,9.242956631350813,0.003646951238948759,10855.1878,9698.202299999999,7029.3484499999995,10841.680316707138,42.55059758857897,172.32001706078006,48.031494450168275,HOLD,0
2019-08-17 05:30:00,10331.15,10465.14,10000.0,10216.02,29000.581201,659.1035714285714,9.23171235542385,-0.011244275926962644,10811.4956,9738.270700000001,7063.37335,10763.472777118746,-9.774208308061134,135.90117198701182,43.61425346580111,HOLD,0
2019-08-18 05:30:00,10216.05,10500.0,10080.0,10306.78,24085.395172,654.2464285714285,9.240557210091808,0.008844854667957591,10779.568599999999,9777.6052,7097.61635,10706.386179978903,-43.41792565377,100.03735245885547,43.354053979025956,HOLD,0
2019-08-19 05:30:00,10306.17,10930.0,10258.6,10915.54,37243.319217,630.0807142857141,9.297942740962302,0.05738553087049425,10780.7974,9815.9984,7135.02355,10732.53040748154,-20.720121002643282,75.88585776655572,39.60342613589794,REVERSE_LONG_TO_SHORT,-2
2019-08-20 05:30:00,10914.73,10949.96,10560.0,10760.51,32298.921679,579.0778571428569,9.283638230362053,-0.014304510600249287,10783.509000000002,9853.930400000001,7171.51575,10736.027856546347,-15.067879512413128,57.69511031076195,41.41460557518499,HOLD,0
2019-08-21 05:30:00,10760.51,10804.13,9858.0,10142.57,47355.719282,592.4921428571425,9.224496696708252,-0.05914153365380059,10769.503399999998,9877.449,7204.70475,10661.845624478054,-59.76213043018288,34.20366216257299,28.8137278478671,HOLD,0
2019-08-22 05:30:00,10140.82,10242.0,9762.0,10099.88,34059.642738,588.2778571428569,9.22027882157065,-0.0042178751376020784,10732.701,9898.9722,7237.9136,10591.599921418298,-97.50341385088359,7.8622469598816735,28.124920842170212,HOLD,0
2019-08-23 05:30:00,10099.9,10445.0,10019.79,10389.55,27550.336173,593.9585714285711,9.248555772279488,0.028276950708837845,10717.5786,9921.169,7272.54525,10566.343681241011,-102.85406708532719,-14.281015849160099,33.48535616778358,HOLD,0
2019-08-24 05:30:00,10388.16,10419.42,9890.0,10134.35,27692.456844,580.7028571428567,9.223685922640959,-0.024869849638529118,10700.851,9943.846599999999,7305.85905,10512.344471085886,-126.23188295749424,-36.67118927082693,36.00238265427688,HOLD,0
2019-08-25 05:30:00,10134.61,10333.0,9906.97,10142.69,26271.657398,576.2842857142854,9.224508527959122,0.0008226053181630277,10678.575,9971.7209,7339.545650000001,10466.13766220015,-142.4439964418707,-57.82575070503569,32.252287700394504,HOLD,0
2019-08-26 05:30:00,10142.69,10604.0,10137.93,10372.25,41687.511599,585.105714285714,9.24688924972326,0.0223807217641383,10657.8952,10002.8689,7374.4149,10454.40170442513,-135.21002271661746,-73.30260510735204,37.329934287871104,HOLD,0
2019-08-27 05:30:00,10373.6,10391.08,10051.08,10185.05,28402.775383,561.697857142857,9.228676237829022,-0.01821301189423785,10616.8242,10023.2346,7407.0449499999995,10420.732741371989,-142.9348578581812,-87.22905565751788,40.499116584053404,HOLD,0
2019-08-28 05:30:00,10185.69,10299.0,9601.01,9721.0,42110.555375,542.312857142857,9.18204377282107,-0.04663246500795282,10560.376,10041.0631,7437.32405,10333.26614870049,-184.37642547213545,-106.65852962044139,45.07799120712276,HOLD,0
2019-08-29 05:30:00,9721.0,9724.0,9320.0,9498.44,35532.69491,531.9557142857141,9.158882853578293,-0.023160919242776856,10508.1774,10056.9988,7466.41595,10228.912880112928,-232.4978083551796,-131.82638536738904,38.03734860401397,HOLD,0
2019-08-30 05:30:00,9499.01,9696.0,9350.41,9584.54,26834.318104,500.4957142857141,9.167906662674483,0.00902380909619005,10473.010400000001,10076.5599,7496.1834,10148.366270098813,-260.6818227694712,-157.59747284780548,38.92801878234886,HOLD,0
2019-08-31 05:30:00,9582.76,9684.51,9420.75,9587.47,17130.290074,486.1114285714284,9.1682123165963,0.00030565392181713946,10429.6154,10093.9195,7525.963449999999,10078.254236336463,-279.55885032745573,-181.98974834373553,40.36199816608857,HOLD,0
2019-09-01 05:30:00,9588.74,9830.0,9520.0,9724.98,19545.404843,478.2542857142856,9.182453111929263,0.014240795332963074,10396.9998,10111.5206,7556.54135,10034.094956794404,-280.1932297494932,-201.63044462488708,41.20494385555426,HOLD,0
2019-09-02 05:30:00,9723.59,10450.0,9712.5,10340.0,44740.248093,482.97571428571416,9.24377514806242,0.061322036133157454,10400.316200000001,10134.6665,7590.28855,10072.333087195104,-228.4357409234599,-206.99150388460166,41.316011829319805,HOLD,0
2019-09-03 05:30:00,10340.0,10773.0,10272.0,10615.28,47998.376781,490.9071428571428,9.27004975155678,0.026274603494359283,10395.8474,10154.675,7625.3526,10140.201451295716,-163.32208738826557,-198.25762058533445,47.88544138844805,CLOSE_STOP,1
2019-09-04 05:30:00,10611.85,10799.0,10369.89,10567.02,43943.889026,453.9771428571429,9.265493109124012,-0.004556642432767433,10418.396,10172.782000000001,7660.09565,10193.553769883752,-114.29569687051298,-181.46523584237016,57.40913359656749,LONG,1
2019-09-05 05:30:00,10565.92,10900.0,10450.0,10564.49,33970.960639,451.8342857142857,9.265253656286797,-0.00023945283721538146,10436.3274,10191.2705,7694.5802,10239.920798648283,-74.7840154464011,-160.12899176317634,58.22548606512973,HOLD,0
2019-09-06 05:30:00,10563.13,10905.87,10150.0,10298.73,58799.640959,475.4528571428573,9.239775865644663,-0.025477790642133513,10429.7588,10207.801,7726.580849999999,10247.271948817248,-64.17555831415848,-140.9383050733728,48.37838802985395,HOLD,0
2019-09-07 05:30:00,10298.71,10558.0,10288.57,10455.88,27637.877392,456.88214285714304,9.254919778574084,0.015143912929421077,10428.7906,10229.664400000001,7759.3213,10273.347955215093,-42.59656132093005,-121.26995632288425,55.94930150800256,HOLD,0
2019-09-08 05:30:00,10455.9,10592.5,10208.0,10381.18,23984.672018,453.9157142857144,9.247749830412923,-0.007169948161161344,10421.6096,10247.9262,7791.378500000001,10286.826960813207,-31.163483205769808,-103.24866169946138,54.30703493810973,HOLD,0
2019-09-09 05:30:00,10381.24,10480.0,10068.5,10303.12,39835.727608,450.0178571428573,9.24020204097032,-0.007547789442602593,10415.883,10265.5167,7823.20755,10288.863590711555,-28.07781250921107,-88.21449186141133,48.679268353259914,HOLD,0
2019-09-10 05:30:00,10302.58,10384.99,9953.0,10098.15,28915.412225,456.5885714285715,9.220107517735155,-0.020094523235165695,10411.0398,10279.2384,7853.8883000000005,10265.02439187261,-41.691172362230645,-78.9098279615752,48.350968545057086,HOLD,0
2019-09-11 05:30:00,10098.19,10293.0,9880.0,10158.33,31953.824562,436.232142857143,9.226049337543492,0.005941819808336746,10416.9082,10299.6635,7884.09115,10251.687592888535,-47.08111330277461,-72.54408502981508,59.80116628791444,HOLD,0
2019-09-12 05:30:00,10158.75,10448.81,10040.0,10415.01,34511.162755,436.57571428571435,9.251003313848235,0.02495397630474372,10429.942799999999,10326.943299999999,7917.448399999999,10272.102893777466,-30.291567164422304,-64.09358145673653,70.23217210491228,HOLD,0
2019-09-13 05:30:00,10415.01,10439.0,10153.0,10342.06,30280.339776,432.3192857142858,9.243974354525104,-0.00702895932313119,10439.186599999999,10352.5989,7950.0191,10280.847532055282,-22.61153452423605,-55.79717207023644,66.81897707794914,HOLD,0
2019-09-14 05:30:00,10344.13,10419.99,10222.33,10335.02,23621.533519,427.5978571428572,9.243293407285742,-0.0006809472393616289,10449.407,10378.0821,7982.648050000001,10287.619090548373,-16.89832907082564,-48.01740347035429,66.56737984743518,HOLD,0
2019-09-15 05:30:00,10332.81,10360.0,10252.15,10302.01,18047.654013,413.1585714285715,9.240094300810362,-0.0031991064753800202,10465.9168,10401.296900000001,8015.06775,10289.417954229826,-14.862873754667817,-41.386497527216996,63.40938561714825,HOLD,0
2019-09-16 05:30:00,10303.34,10355.0,10078.0,10251.31,28971.401657,380.26571428571435,9.235160781278255,-0.004933519532107411,10480.1122,10424.8738,8047.2558500000005,10284.654459951098,-17.143210771870145,-36.53784017614763,47.20620940356712,HOLD,0
2019-09-17 05:30:00,10249.68,10275.0,10128.01,10187.82,22914.324563,354.97928571428577,9.228948168098746,-0.006212613179508608,10493.715799999998,10450.4707,8079.07995,10272.55015245721,-23.799164722420755,-33.990105085402256,34.46142437549072,HOLD,0
2019-09-18 05:30:00,10187.48,10258.02,10100.0,10156.99,24250.249303,335.6157142857143,9.225917417396337,-0.003030750702409435,10505.371400000002,10472.2131,8110.7652499999995,10258.10513340006,-31.202101125585614,-33.432504293438924,34.90372224881263,HOLD,0
2019-09-19 05:30:00,10156.41,10325.0,9653.0,10244.29,44826.282579,351.4728571428572,9.234475756172914,0.008558338776577301,10508.6466,10495.806999999999,8142.947949999999,10256.378241725051,-29.682440459970167,-32.682491526745174,38.90367474806287,HOLD,0
2019-09-20 05:30:00,10243.7,10281.0,10061.39,10168.59,25088.491069,313.16857142857145,9.22705883636292,-0.007416919809994482,10504.518600000001,10516.216499999999,8175.214400000001,10245.40471150942,-34.19230813836111,-32.984454849068364,44.80586864203841,HOLD,0
2019-09-21 05:30:00,10167.92,10176.7,9900.0,9986.39,20544.175196,313.68785714285724,9.208978444974488,-0.018080391388432204,10493.7714,10533.895,8205.8577,10213.027872570743,-51.870497252331916,-36.761663329721074,31.62911543969767,HOLD,0
2019-09-22 05:30:00,9985.15,10089.0,9853.97,10028.87,22049.275256,303.01142857142867,9.213223212595182,0.004244767620694034,10478.0116,10547.6837,8236.69285,10190.0081384994,-61.74109559231147,-41.75754978223915,35.85770598672124,REVERSE_LONG_TO_SHORT,-2
2019-09-23 05:30:00,10028.05,10049.99,9615.77,9702.25,31937.232356,304.6342857142858,9.180113096356086,-0.03311011623909543,10453.472000000002,10556.6192,8265.8359,10129.038371186974,-94.82602482628681,-52.37124479104869,29.892581066158073,HOLD,0
2019-09-24 05:30:00,9702.2,9794.99,7800.0,8493.14,94007.345203,416.2771428571429,9.047014057807576,-0.1330990385485098,10386.7588,10552.0173,8288.977149999999,9924.551074788602,-216.11984659277732,-85.12096515139442,17.877828434649388,HOLD,0
2019-09-25 05:30:00,8497.55,8730.0,8215.64,8430.05,60783.892258,423.51714285714297,9.039557982176413,-0.007456075631163017,10325.726,10543.1782,8311.412199999999,9737.738440440027,-313.7205349101969,-130.84087910315492,15.450983527906672,HOLD,0
2019-09-26 05:30:00,8430.05,8465.99,7750.0,8063.73,67930.853749,445.4585714285716,8.995131507607754,-0.04442647456865956,10247.5,10533.0,8332.14675,9528.487385385024,-415.8352561285719,-187.83975450823834,4.970813990899572,HOLD,0
2019-09-27 05:30:00,8063.49,8265.0,7852.15,8177.91,43882.924625,454.5192857142859,9.0091918957283,0.014060388120546108,10171.0628,10522.224200000002,8353.67825,9359.665212211896,-481.992427953468,-246.6702891972843,9.19885221732467,HOLD,0
2019-09-28 05:30:00,8177.47,8315.0,8001.09,8198.81,34473.605165,462.8228571428573,9.011744300769916,0.0025524050416159128,10097.4392,10509.0411,8375.25865,9214.558310685408,-526.6649423125327,-302.669219820334,9.934994542242364,HOLD,0
2019-09-29 05:30:00,8199.38,8229.13,7890.0,8043.82,31544.211388,479.3428571428572,8.992659373715274,-0.019084927054642264,10032.1294,10487.880699999998,8396.14775,9068.216021849732,-568.026770459237,-355.74072994811456,9.500306681349173,HOLD,0
2019-09-30 05:30:00,8043.04,8337.26,7710.0,8289.34,55865.48726,504.3614285714287,9.022725630967216,0.03006625725194212,9966.9168,10463.479099999999,8418.20885,8970.856519118515,-574.3738805974335,-399.46736007797836,17.111169968451776,HOLD,0
2019-10-01 05:30:00,8289.97,8500.0,8173.05,8292.44,43479.58742,517.2157142857144,9.023099535341307,0.00037390437409179356,9904.844000000001,10437.3428,8440.05225,8886.0544542287,-572.5538229496105,-434.08465265230484,17.570850756585557,HOLD,0
2019-10-02 05:30:00,8292.67,8373.91,8151.22,8359.94,26243.386644,521.835,9.0312065290195,0.008106993678191898,9854.1886,10410.3763,8461.822049999999,8820.290147450112,-559.2184065822312,-459.11140343829015,19.634269569889995,HOLD,0
2019-10-03 05:30:00,8360.0,8393.0,8060.0,8223.96,30488.284058,497.6207142857143,9.014807123869888,-0.016399405149611468,9817.6604,10374.4073,8483.03615,8745.748879018847,-553.244978868961,-477.93811852442434,16.41392563728313,HOLD,0
2019-10-04 05:30:00,8224.43,8232.41,8005.0,8137.13,26476.330404,498.17785714285714,9.004192816973116,-0.010614306896771453,9774.5244,10324.840600000001,8503.78275,8669.671519141491,-549.1867665139016,-492.18784812231985,16.353409610377597,HOLD,0
2019-10-05 05:30:00,8137.09,8183.41,8012.98,8126.19,21907.615564,490.5871428571428,9.002847458011956,-0.0013453589611600592,9730.4174,10292.8026,8524.33605,8601.736329248804,-540.6214233124883,-501.87456316035355,17.336948124007975,HOLD,0
2019-10-06 05:30:00,8127.55,8153.87,7785.0,7854.25,34676.104049,500.14714285714274,8.968810065545545,-0.03403739246641102,9683.181999999999,10247.3388,8543.3921,8508.300538092704,-549.4429758092447,-511.38824569013184,14.663538098549907,HOLD,0
2019-10-07 05:30:00,7855.3,8299.92,7762.0,8190.09,52202.072297,507.55428571428564,9.010680165797725,0.0418701002521793,9640.8482,10210.2084,8564.43935,8468.524220831116,-523.3023348786774,-513.771063527841,25.501581212089803,HOLD,0
2019-10-08 05:30:00,8190.82,8325.0,8088.75,8168.39,35452.657423,381.92999999999995,9.008027106011196,-0.002653059786528189,9585.905200000001,10183.3513,8585.34665,8431.007443227227,-498.58927050426064,-510.7347049231249,41.44868155653747,HOLD,0
2019-10-09 05:30:00,8170.79,8670.0,8115.0,8560.74,55038.704378,384.83285714285705,9.054941913997453,0.04691480798625669,9541.9098,10162.7094,8608.1203,8447.224012823825,-442.2466785242541,-497.03709964335076,52.932780991791184,HOLD,0
2019-10-10 05:30:00,8562.15,8644.0,8414.52,8558.03,39137.946167,350.08214285714274,9.054625302462556,-0.00031661153489714877,9510.219,10139.8612,8630.94955,8461.074761220847,-393.27995627753444,-476.2856709701875,63.25570668497386,HOLD,0
2019-10-11 05:30:00,8557.82,8779.51,8212.38,8258.5,50405.284418,361.10214285714284,9.018998251961145,-0.035627050501410906,9473.391399999999,10103.0462,8652.561450000001,8435.75291606824,-374.3280233916139,-455.8941414544728,51.96577277140055,REVERSE_SHORT_TO_LONG,2
2019-10-12 05:30:00,8257.95,8400.0,8250.0,8300.09,21339.334098,349.3942857142857,9.024021637099395,0.005023385138249736,9431.6022,10074.5904,8674.319150000001,8418.795051559711,-351.8960757072982,-435.0945283050379,52.445762417170585,HOLD,0
2019-10-13 05:30:00,8301.98,8451.37,8160.0,8275.01,27840.739953,345.9828571428572,9.020995408703747,-0.003026228395647479,9394.4154,10047.6332,8695.50395,8400.821920114748,-332.3116599921541,-414.53795464246116,55.95663219297027,HOLD,0
2019-10-14 05:30:00,8275.24,8388.85,8203.0,8348.2,29810.663253,314.45357142857154,9.029801225744318,0.008805817040570929,9358.5256,10018.5503,8717.1059,8394.244180100404,-307.34219856299933,-393.09880342656885,51.66432917863688,HOLD,0
2019-10-15 05:30:00,8346.86,8403.0,8090.0,8159.29,32773.062476,313.45714285714297,9.006912434368658,-0.022888791375660134,9314.2664,9986.0808,8737.3861,8364.874907587853,-299.34649859926867,-374.34834246110887,46.59304330916179,HOLD,0
2019-10-16 05:30:00,8159.3,8181.16,7917.0,7991.74,34733.593966,316.4192857142858,8.986163787266662,-0.020748647101996198,9270.4002,9943.6122,8756.80995,8318.233044139371,-303.0365171621652,-360.0859774013202,41.037611847293746,HOLD,0
2019-10-17 05:30:00,7995.02,8124.92,7929.03,8070.58,29656.949158,306.6257142857144,8.995980629809022,0.009816842542360149,9237.391800000001,9898.8839,8776.6431,8287.27641362195,-296.1849189745517,-347.30576571596646,46.15973960941414,HOLD,0
2019-10-18 05:30:00,8070.71,8115.0,7816.01,7947.01,31353.181416,311.73857142857156,8.980551036275866,-0.015429593533156094,9206.3632,9857.2703,8795.655349999999,8244.743111919206,-297.2989669019262,-337.30440595315844,45.32585286221445,HOLD,0
2019-10-19 05:30:00,7946.89,8098.1,7866.92,7948.01,26627.889388,316.0778571428573,8.980676861849075,0.00012582557320861554,9173.6326,9823.3215,8811.10895,8207.651472929305,-294.7040019800461,-328.78432515853603,45.59788516651845,HOLD,0
2019-10-20 05:30:00,7949.87,8297.0,7870.0,8223.35,34286.452654,320.23000000000013,9.01473294760638,0.0340560857573049,9146.3502,9787.9828,8827.5627,8209.613788813142,-267.3480151953254,-316.4970631658939,59.10368981846883,HOLD,0
2019-10-21 05:30:00,8223.35,8333.0,8142.03,8197.27,30448.679539,295.4478571428573,9.011556450990636,-0.003176496615743929,9115.796,9756.3979,8844.055750000001,8208.070815211498,-244.94901682900127,-302.1874538985154,50.20903204769891,HOLD,0
2019-10-22 05:30:00,8197.28,8297.99,8000.0,8020.0,34651.828663,299.8578571428573,8.98969370086056,-0.02186275013007588,9069.396,9734.8561,8859.131,8184.561963310061,-238.74969882884398,-289.49990288458116,46.03872910448956,HOLD,0
2019-10-23 05:30:00,8020.06,8047.59,7300.0,7466.62,63897.457098,313.61428571428587,8.91819769915549,-0.07149600170506965,9006.4228,9701.1351,8871.24465,8094.8192178963045,-275.31616251728246,-286.66315481112144,23.104757035259908,CLOSE_STOP,-1
2019-10-24 05:30:00,7468.47,7503.68,7337.99,7412.41,32714.383265,309.05785714285736,8.910910901579657,-0.0072867975758335035,8943.3306,9680.863299999999,8882.45535,8009.518065659266,-305.15203962341,-290.3609317735792,22.534211762900753,HOLD,0
2019-10-25 05:30:00,7412.41,8799.0,7361.0,8655.02,90748.218174,371.2628571428573,9.065894778410645,0.1549838768309879,8905.1412,9670.7343,8899.545950000002,8090.205807451857,-225.92462664817322,-277.473670748498,56.54621576823767,HOLD,0
2019-10-26 05:30:00,8655.88,10370.0,8470.38,9230.0,162588.585413,496.2357142857145,9.130214327496898,0.06431954908625315,8883.7666,9656.7627,8919.945950000001,8232.680081520375,-115.4098771473673,-245.0609120282719,63.0531638035828,HOLD,0
2019-10-27 05:30:00,9230.0,9794.98,9074.34,9529.93,93833.541604,526.8978571428572,9.162192651395667,0.031978323898769645,8865.2476,9647.0191,8941.05435,8394.836321330327,-3.5829950353709137,-196.76532862969174,66.35347654071298,HOLD,0
2019-10-28 05:30:00,9528.23,9902.1,9160.0,9205.14,80174.217323,566.6300000000001,9.127517302676996,-0.03467534871867173,8841.7268,9631.6682,8961.993199999999,8496.124281164037,58.162317104061,-145.7797994829412,60.47998512887491,LONG,1
2019-10-29 05:30:00,9204.45,9550.0,9072.0,9407.62,64158.462446,578.4157142857144,9.1492752781662,0.021757975489204995,8823.8168,9619.8499,8983.79125,8610.061246018531,122.02770619217517,-92.21829834791794,65.21600280836562,HOLD,0
2019-10-30 05:30:00,9407.62,9409.84,9001.01,9154.72,55241.786434,588.7492857142859,9.122024872260779,-0.027250405905421715,8804.948199999999,9607.994,9004.33875,8678.143590266214,150.49970384021435,-43.674697910291485,63.88672630618667,HOLD,0
2019-10-31 05:30:00,9154.02,9405.0,8913.0,9140.85,54376.024902,609.9000000000002,9.120508657935984,-0.0015162143247948734,8784.5986,9600.7534,9024.3865,8735.981891482937,169.98528941813674,-0.9427004446058405,62.98112026702826,HOLD,0
2019-11-01 05:30:00,9140.86,9279.0,9030.0,9231.61,43594.814115,606.3292857142858,9.130388743488144,0.009880085552159912,8760.9306,9595.436699999998,9045.4198,8797.93540504757,190.55473351003457,37.35678634632224,65.7056924882629,HOLD,0
2019-11-02 05:30:00,9231.4,9373.74,9186.21,9289.52,28923.060828,603.2114285714288,9.136642162012313,0.006253418524169163,8739.8798,9589.5332,9065.9988,8859.383479416625,209.11843206055164,71.70911548916813,66.17637483088185,HOLD,0
2019-11-03 05:30:00,9289.85,9362.57,9066.14,9194.71,27894.378279,593.8850000000002,9.126383597661235,-0.010258564351078192,8717.0736,9583.2403,9085.95825,8901.299294489547,213.71633340855806,100.11055907304612,62.24615353582214,HOLD,0
2019-11-04 05:30:00,9196.46,9513.68,9115.84,9393.35,45894.456277,608.6614285714287,9.147757271091008,0.02137367342977292,8698.9004,9582.4086,9106.6328,8962.805632678354,230.7290899244199,126.23426524332089,64.45050670043057,HOLD,0
2019-11-05 05:30:00,9392.4,9454.95,9175.76,9308.66,45935.873665,607.3185714285717,9.138700428655302,-0.009056842435706258,8680.0474,9580.0798,9126.8827,9006.03742859356,234.67288389069836,147.92198897279638,65.9252686630614,HOLD,0
2019-11-06 05:30:00,9307.73,9440.91,9250.01,9339.05,37336.170372,567.5550000000002,9.141959812987665,0.003259384332363169,8663.072,9578.393900000001,9147.1193,9047.664000019364,237.51268960341622,165.84012909892036,76.57459473115009,HOLD,0
2019-11-07 05:30:00,9339.16,9375.0,9101.0,9216.2,39117.470853,575.2914285714287,9.12871808408909,-0.013241728898574223,8644.2562,9574.8138,9166.9196,9068.731000016944,227.23091129169188,178.11828553747466,75.111161846637,HOLD,0
2019-11-08 05:30:00,9214.0,9261.0,8696.0,8773.73,62107.289243,512.9342857142858,9.079517308515035,-0.049200775574055555,8614.845,9561.745799999999,9184.00255,9031.855875014826,181.28910878202805,178.75245018638535,52.126299046738794,HOLD,0
2019-11-09 05:30:00,8773.74,8880.0,8724.88,8809.41,29469.481405,388.327142857143,9.08357574733467,0.004058438819635413,8587.6614,9546.09,9200.583050000001,9004.050140637974,146.07511412309577,172.21698297372743,40.66256099672762,REVERSE_LONG_TO_SHORT,-2
2019-11-10 05:30:00,8809.18,9147.19,8750.0,9039.47,34422.029797,365.22357142857163,9.109355823348931,0.0257800760142608,8568.723,9531.2472,9218.7054,9008.477623058227,135.17349307552104,164.80828499408616,38.76277322091372,HOLD,0
2019-11-11 05:30:00,9040.16,9072.32,8618.68,8733.27,44888.053545,344.61928571428587,9.074895149146386,-0.034460674202545505,8542.811,9510.4113,9236.272250000002,8974.076670175948,100.66568749037833,151.9797654933446,39.09581228538024,HOLD,0
2019-11-12 05:30:00,8733.36,8888.0,8567.6,8821.94,40366.629471,333.36214285714294,9.084997079462886,0.010101930316499974,8525.2048,9489.3384,9253.811450000001,8955.059586403953,79.55586046509052,137.49498448769378,35.714425093907025,HOLD,0
2019-11-13 05:30:00,8821.91,8844.99,8702.0,8777.12,26810.116918,314.37357142857155,9.079903614596184,-0.0050934648667020355,8530.884399999999,9458.821600000001,9271.2186,8932.817138103459,58.534818089550754,121.70295120806519,39.74926974405754,HOLD,0
2019-11-14 05:30:00,8777.54,8800.0,8582.6,8646.68,33468.468961,294.7592857142858,9.064930711221182,-0.014972903375001678,8535.216999999999,9430.4715,9287.914400000001,8897.049995840527,30.99280690541491,103.56092234753514,37.383258697195146,HOLD,0
2019-11-15 05:30:00,8646.38,8790.0,8400.0,8471.73,46087.417751,304.83071428571435,9.044490017085007,-0.020440694136174997,8543.377,9395.4385,9304.08235,8843.88499636046,-4.895011622389575,81.8697355535502,31.399014971261835,HOLD,0
2019-11-16 05:30:00,8471.62,8543.0,8400.0,8491.02,20902.299752,301.65000000000003,9.046764413431756,0.0022743963467490858,8549.6392,9360.351,9319.933400000002,8799.776871815404,-31.417661333660362,59.21225617610809,30.076947643665576,HOLD,0
2019-11-17 05:30:00,8490.74,8635.0,8350.68,8502.4,27009.037082,300.78499999999997,9.048103755565494,0.0013393421337379863,8555.711,9326.5751,9335.5294,8762.604762838479,-50.931672801652894,37.183470380555896,31.976069105923912,HOLD,0
2019-11-18 05:30:00,8502.87,8503.52,8060.0,8187.17,43017.69094,304.04785714285714,9.010323573787714,-0.037780181777780086,8558.578000000001,9295.3537,9349.0009,8690.67541748367,-90.78656300817966,11.589463702808786,20.394969368520236,HOLD,0
2019-11-19 05:30:00,8186.5,8218.63,8003.0,8133.64,43556.061025,299.50785714285706,9.003763826820403,-0.006559746967310431,8555.464,9261.1904,9360.80565,8621.045990298211,-125.24749906163379,-15.777928850079729,20.71177889888132,HOLD,0
2019-11-20 05:30:00,8133.83,8264.29,8038.4,8098.01,32466.23098,302.00714285714287,8.999373631464152,-0.00439019535625107,8551.5754,9228.209700000001,9372.14845,8555.666491510934,-153.66176521107445,-43.354696122278675,19.146778042959426,HOLD,0
2019-11-21 05:30:00,8098.56,8134.73,7500.0,7627.74,58418.780261,327.7735714285714,8.939546881189221,-0.05982675027493123,8536.9314,9195.56,9381.40905,8439.675680072067,-211.68693937133503,-77.02114477208994,16.3264960018994,HOLD,0
2019-11-22 05:30:00,7627.79,7750.0,6790.0,7268.23,126603.140259,355.98785714285714,8.891268074584971,-0.04827880660424988,8517.816799999999,9167.7386,9389.01125,8293.244970063059,-283.41473178326123,-118.2998621743242,16.921684258632652,HOLD,0
2019-11-23 05:30:00,7268.23,7344.48,7080.01,7311.57,50449.894755,363.79857142857134,8.897213303964936,0.005945229379964445,8501.3056,9137.915,9396.3374,8170.535598805176,-332.92460068966284,-161.22480987739192,17.200392411050572,HOLD,0
2019-11-24 05:30:00,7311.1,7330.39,6861.0,6903.28,67890.206483,368.9557142857142,8.839751939955317,-0.057461364009618876,8476.8474,9103.6324,9400.917350000002,8012.128648954529,-400.4905139275588,-209.0779506874253,6.608844021043666,HOLD,0
2019-11-25 05:30:00,6900.23,7377.69,6515.0,7109.57,119645.735197,398.17357142857134,8.869197042768688,0.029445102813371093,8461.9538,9072.5679,9405.4193,7899.308817835213,-432.406593940982,-253.74367933813664,15.623465049711214,HOLD,0
2019-11-26 05:30:00,7109.99,7340.0,7017.48,7156.14,65722.39769,398.32499999999993,8.875726008439473,0.006528965670785425,8441.2748,9041.0615,9409.33335,7806.412715605811,-448.7693735077264,-292.7488181720546,14.09201824499688,HOLD,0
2019-11-27 05:30:00,7154.75,7655.0,6840.0,7508.52,92452.87349,446.32571428571424,8.923793654764653,0.04806764632517968,8428.0774,9006.9913,9411.494850000001,7769.1761261550855,-428.3649486838631,-319.87204427441634,25.855506071333423,HOLD,0
2019-11-28 05:30:00,7507.9,7643.0,7360.0,7419.49,56933.981109,451.01142857142855,8.911865600645555,-0.011928054119097808,8405.2524,8973.5811,9413.75575,7725.4653603857,-414.5990323838687,-338.81744189630683,26.26958374747167,HOLD,0
2019-11-29 05:30:00,7418.52,7850.0,7362.3,7739.68,60745.300873,457.98999999999995,8.954115622059849,0.04225002141429357,8388.885400000001,8949.5522,9413.500600000001,7727.242190337487,-373.54677280542455,-345.7633080781304,36.59705668032504,CLOSE_STOP,1
2019-11-30 05:30:00,7740.99,7810.0,7441.0,7541.89,46989.433619,474.1328571428571,8.928228092721222,-0.025887529338627147,8374.5532,8923.9723,9411.472249999999,7704.073166545301,-352.9044979470382,-347.191546051912,33.68872940747845,SHORT,-1
2019-12-01 05:30:00,7540.63,7541.85,7210.0,7390.89,60769.342313,477.5307142857143,8.908003439708365,-0.02022465301285692,8356.369200000001,8893.985700000001,9407.57735,7664.925270727139,-344.75565584491596,-346.7043680105128,31.772847280300454,HOLD,0
2019-12-02 05:30:00,7391.5,7420.56,7151.1,7294.28,46330.25604,465.09785714285715,8.894845758347767,-0.013157681360597806,8336.7546,8865.585,9404.7158,7618.594611886247,-342.1491766384679,-345.79332973610383,34.2269549149776,HOLD,0
2019-12-03 05:30:00,7294.42,7400.0,7241.35,7292.71,33149.477487,461.02785714285716,8.894630498036207,-0.00021526031155971737,8315.6448,8837.0852,9404.40305,7577.8590354004655,-336.3331695492179,-343.9012976987267,34.867031135840975,HOLD,0
2019-12-04 05:30:00,7292.71,7750.0,7067.0,7194.32,83153.701586,493.6785714285714,8.881047104778668,-0.0135833932575391,8296.3454,8805.3059,9404.0874,7529.916655975408,-335.79238713400264,-342.2795155857819,34.0968524195507,HOLD,0
2019-12-05 05:30:00,7194.59,7485.0,7150.0,7389.0,59306.678855,472.2692857142857,8.907747686788648,0.026700582009979712,8284.2906,8777.3454,9400.29,7512.3020739784815,-316.0119748470506,-337.02600743803566,45.34735972311003,HOLD,0
2019-12-06 05:30:00,7389.0,7590.03,7305.0,7527.47,48189.087944,424.0571428571428,8.926314274961033,0.018566588172385323,8273.428399999999,8755.410100000001,9398.2366,7514.198064731171,-285.8671848803833,-326.7942429265052,55.52844834939864,HOLD,0
2019-12-07 05:30:00,7527.8,7619.62,7470.16,7488.21,31498.684173,415.84214285714285,8.921085062635973,-0.005229212325060573,8264.2524,8735.3078,9396.1533,7510.9495566397745,-262.1235780987445,-313.8601099609531,53.77352041426692,HOLD,0
2019-12-08 05:30:00,7487.31,7564.0,7374.86,7510.11,29856.897631,395.82428571428574,8.924005391788063,0.002920329152090062,8255.4944,8714.5635,9395.561699999998,7510.844612059803,-238.78686534277404,-298.84546103731725,65.52685849969038,HOLD,0
2019-12-09 05:30:00,7510.11,7650.0,7273.0,7338.64,46621.887493,361.13214285714287,8.90090881833743,-0.02309657345063343,8237.8002,8692.0752,9392.99735,7489.3190355523275,-231.46041671239527,-285.36845217233287,55.96750915693662,REVERSE_SHORT_TO_LONG,2
2019-12-10 05:30:00,7338.64,7407.6,7157.1,7224.13,49723.76214,355.98785714285714,8.885182090505225,-0.01572672783220419,8218.3374,8667.066700000001,9389.29365,7456.170406108286,-232.2172969397352,-274.73822112581337,51.710655428355764,HOLD,0
2019-12-11 05:30:00,7224.15,7275.5,7125.66,7210.0,30093.091944,308.4764285714286,8.883224230278994,-0.001957860226230679,8202.1374,8635.7667,9385.2166,7425.399105344751,-231.29112279375113,-266.0488014594009,40.94845360824742,HOLD,0
2019-12-12 05:30:00,7210.0,7295.0,7080.3,7198.08,42288.600932,303.59785714285715,8.881569602775603,-0.0016546275033917368,8196.766599999999,8601.5947,9378.13485,7396.984217176657,-228.88057469882096,-258.615156107285,42.95720438453074,HOLD,0
2019-12-13 05:30:00,7197.76,7309.05,7190.76,7258.48,27609.873795,277.2114285714286,8.889925719507454,0.00835611673185177,8193.688,8568.5093,9370.645649999999,7379.671190029574,-219.56540938571197,-250.80520676297039,31.662983004344156,HOLD,0
2019-12-14 05:30:00,7257.37,7271.77,7012.0,7064.05,29561.985967,269.4092857142858,8.862773820401442,-0.027151899106012678,8161.8686,8533.5049,9362.3877,7340.218541275877,-225.27511850637347,-245.69918911165104,31.74427311765514,HOLD,0
2019-12-15 05:30:00,7064.14,7200.3,7008.35,7118.59,26395.778137,259.4135714285714,8.870464951086893,0.007691130685451242,8119.6404,8501.7035,9354.752250000001,7312.514973616393,-222.83053028459653,-241.12545734624013,38.76909624839145,REVERSE_LONG_TO_SHORT,-2
2019-12-16 05:30:00,7119.6,7150.0,6836.0,6891.72,43863.993059,262.59499999999997,8.838075970008832,-0.03238898107806065,8066.8762,8466.061899999999,9347.863150000001,7259.915601914344,-236.47376708765387,-240.1951192945229,35.00752305331686,HOLD,0
2019-12-17 05:30:00,6891.44,6942.21,6560.0,6623.82,53865.069929,278.56357142857144,8.798427521782834,-0.03964844822599822,8015.2498,8428.4883,9338.20725,7180.403651675051,-265.8389951574263,-245.3238944671036,29.21242859895453,HOLD,0
2019-12-18 05:30:00,6623.84,7440.0,6435.0,7277.83,95636.651251,301.56357142857144,8.892588019833898,0.09416049805106397,7972.654,8398.2354,9331.876049999999,7192.58194521567,-233.64469811627987,-242.98805519693886,51.92909184149615,CLOSE_STOP,1
2019-12-19 05:30:00,7277.83,7380.0,7038.31,7150.3,55509.049075,302.0414285714286,8.874909592849797,-0.017678426984101492,7932.565600000001,8368.7569,9323.99765,7187.296702063712,-215.93196170949795,-237.57683649945068,44.309458647620325,SHORT,-1
2019-12-20 05:30:00,7151.31,7220.0,7079.5,7187.83,32132.069205,291.71785714285716,8.880144597095113,0.005235004245315977,7893.5052000000005,8339.051899999999,9319.3577,7187.363364305747,-196.59985242544462,-229.38143968464948,41.49368863955118,HOLD,0
2019-12-21 05:30:00,7188.01,7190.58,7105.0,7132.75,19467.174028,287.15500000000003,8.872452133297084,-0.007692463798028015,7851.528,8306.2293,9316.5863,7180.536693767529,-183.60700495303354,-220.2265527383263,41.16746677798649,HOLD,0
2019-12-22 05:30:00,7131.59,7518.54,7122.47,7501.44,39137.45515,301.93571428571425,8.92285028109476,0.05039814779767582,7815.7664,8277.823100000001,9315.211,7220.649607046588,-141.92386798800362,-204.56601578826178,49.81623647207939,HOLD,0
2019-12-23 05:30:00,7500.71,7695.38,7265.84,7317.09,68051.997203,305.6885714285714,8.897967986931386,-0.024882294163374397,7778.214,8247.6438,9312.862949999999,7232.704656165764,-122.35475648562442,-188.12376392773433,49.54572092297703,HOLD,0
2019-12-24 05:30:00,7317.3,7436.68,7157.04,7255.77,43629.494188,307.77,8.889552293387402,-0.008415693543984304,7735.4624,8217.1814,9309.23915,7235.587824145045,-110.52009925173024,-172.60303099253352,50.682278863156085,HOLD,0
2019-12-25 05:30:00,7255.77,7271.77,7128.86,7204.63,27492.044323,307.27500000000003,8.882479153888074,-0.007073139499327752,7693.3818,8186.714600000001,9305.7942,7231.718096126914,-104.06798775222069,-158.89602234447096,49.886021624053896,HOLD,0
2019-12-26 05:30:00,7205.01,7435.0,7157.12,7202.0,36259.761076,311.7878571428572,8.882114044208821,-0.00036510967925273974,7650.640800000001,8156.856400000001,9303.66355,7228.00333411105,-98.03675523548645,-146.72416892267407,50.08353150757324,HOLD,0
2019-12-27 05:30:00,7202.0,7275.86,7076.42,7254.74,33642.701861,317.5842857142857,8.889410327322565,0.007296283113744195,7611.4116,8127.8339000000005,9300.0235,7231.345417347168,-87.98702314704133,-134.9767397675475,49.920043099762275,HOLD,0
2019-12-28 05:30:00,7254.77,7365.01,7238.67,7316.14,26848.982199,308.05357142857144,8.89783814546763,0.008427818145063881,7582.259800000001,8098.552400000001,9297.1797,7241.944740178772,-74.21259460883448,-122.82391073580492,55.71443467695503,HOLD,0
2019-12-29 05:30:00,7315.36,7528.45,7288.0,7388.24,31387.106085,311.51785714285717,8.90764482590249,0.009806680434861548,7553.8364,8070.7489000000005,9293.4827,7260.231647656426,-56.82336889247563,-109.62380236713906,56.06421114654408,HOLD,0
2019-12-30 05:30:00,7388.43,7408.24,7220.0,7246.0,29605.911782,302.53499999999997,8.888204871455022,-0.01943995444746882,7517.967000000001,8043.345,9288.62,7258.452691699373,-53.898552517636745,-98.47875239723861,58.282756492383086,HOLD,0
2019-12-31 05:30:00,7246.0,7320.0,7145.01,7195.23,25954.453533,287.7335714285714,8.881173585454048,-0.00703128600097358,7487.2062,8015.0086,9281.34615,7250.549855236952,-55.0428296881455,-89.79156785542,64.86862031818396,HOLD,0
2020-01-01 05:30:00,7195.24,7255.0,7175.15,7200.85,16792.388165,221.65142857142857,8.881954353591693,0.0007807681376448272,7454.7844,7989.9946,9273.3069,7244.337373332332,-54.863755338108604,-82.80600535195774,46.97676610584855,HOLD,0
2020-01-02 05:30:00,7200.77,7212.5,6924.74,6965.71,31951.483932,217.79928571428576,8.848754819281297,-0.03319953431039657,7418.5562,7974.720299999999,9263.3688,7209.508951665791,-72.85583377795956,-80.8159710371581,43.315589353612154,HOLD,0
2020-01-03 05:30:00,6965.49,7405.0,6871.04,7344.96,68428.500451,245.90357142857147,8.901769642711598,0.05301482343030095,7392.5218,7963.8694000000005,9253.5238,7226.440332707567,-55.868364364418994,-75.82644970261029,54.56118248793884,HOLD,0
2020-01-04 05:30:00,7345.0,7404.0,7272.21,7354.11,29987.974977,249.20428571428576,8.90301461959542,0.0012449768838216357,7370.1694,7956.7732000000005,9244.8866,7242.399041119121,-41.192502409486224,-68.89966024398548,56.60169157908549,HOLD,0
2020-01-05 05:30:00,7354.19,7495.0,7318.0,7358.75,38331.085604,233.55642857142863,8.903645360342471,0.0006307407470522719,7347.524,7948.5816,9235.402900000001,7256.942910979231,-28.85474728913232,-60.89067765301485,44.56414906018334,HOLD,0
2020-01-06 05:30:00,7357.64,7795.34,7346.76,7758.0,54635.695316,234.91642857142864,8.956479847999912,0.052834487657440476,7332.6359999999995,7944.1735,9226.6073,7319.575047106827,12.989416948058533,-46.11465873280017,64.43344528902243,CLOSE_STOP,1
2020-01-07 05:30:00,7758.9,8207.68,7723.71,8145.28,91171.684661,249.51142857142864,9.005193897363627,0.04871404936371526,7331.798200000001,7945.1881,9216.5344,7422.788166218474,76.51940981824464,-21.58784502259121,73.99735613888362,HOLD,0
2020-01-08 05:30:00,8145.92,8455.0,7870.0,8055.98,112622.64264,281.0892857142857,8.994169951773667,-0.011023945589959894,7330.245,7942.8545,9203.1668,7501.937145441165,118.2979579664725,6.389315575221531,72.5045069811949,LONG,1
2020-01-09 05:30:00,8054.72,8055.96,7750.0,7817.76,64239.51983,283.09642857142853,8.96415334749336,-0.03001660428030739,7324.64,7938.1077000000005,9187.72525,7541.415002261019,130.67900898897096,31.24725425797142,64.47416670584363,HOLD,0
2020-01-10 05:30:00,7817.74,8199.0,7672.0,8197.02,82406.777448,306.49357142857144,9.011525952567096,0.047372605073736196,7336.025599999999,7936.4785,9173.4274,7623.365626978391,169.14440213777743,58.82668383393263,69.20183239458433,HOLD,0
2020-01-11 05:30:00,8198.86,8286.34,8003.16,8020.01,54810.032667,317.69642857142856,8.989694947742576,-0.02183100482452005,7351.0612,7934.438999999999,9154.42315,7672.946173606093,183.23307879695312,83.70796282653673,63.6980729634949,HOLD,0
2020-01-12 05:30:00,8020.01,8197.0,7960.0,8184.98,38131.494336,317.45,9.010056046308053,0.020361098565476965,7368.5294,7934.9175,9129.87905,7736.950401905331,205.343089526541,108.03498816653759,64.96450170917696,HOLD,0
2020-01-13 05:30:00,8184.97,8196.0,8055.89,8110.34,31159.755683,314.01214285714286,9.000895069781862,-0.009160976526191078,7392.6705999999995,7934.759,9113.7808,7783.624101667165,214.37146728303742,129.30228398983758,66.65715937560225,HOLD,0
2020-01-14 05:30:00,8110.34,8880.0,8105.54,8810.01,120399.126742,356.8314285714286,9.08364385400336,0.0827487842214989,7426.679400000001,7944.3166,9095.8277,7911.92233895877,274.8161339893195,158.40505398973397,74.89332182277857,HOLD,0
2020-01-15 05:30:00,8814.64,8916.48,8564.0,8821.41,84816.297606,376.30499999999995,9.084937000169536,0.001293146166174708,7459.9848,7950.6298,9080.419100000001,8025.608296588924,319.95066050860805,190.7141752935088,74.93798435297522,HOLD,0
2020-01-16 05:30:00,8820.01,8859.81,8586.0,8720.01,51991.074284,375.3085714285713,9.073375663691358,-0.011561336478177253,7484.214599999999,7956.146,9069.74865,8112.408509515309,343.57741877290937,221.2868239893889,78.15493156664871,HOLD,0
2020-01-17 05:30:00,8720.15,9041.65,8672.44,8913.28,70897.737377,363.54071428571416,9.095297578424672,0.02192191473331384,7514.0904,7959.6714,9061.1904,8212.517445825895,373.5905493928267,251.74756907007648,76.7680732967851,HOLD,0
2020-01-18 05:30:00,8913.27,8988.88,8806.38,8915.96,38294.746545,367.162857142857,9.095598208178961,0.0003006297542889058,7537.616,7963.2507,9051.555950000002,8300.447765097659,393.06145743529487,280.0103467431202,76.71664973195257,HOLD,0
2020-01-19 05:30:00,8915.09,9198.98,8466.0,8701.7,70676.889259,406.8757142857141,9.071273687852983,-0.024324520325977872,7560.812199999999,7967.6827,9035.364450000001,8350.60429446045,386.745143708622,301.3573061362206,71.43500148438527,HOLD,0
2020-01-20 05:30:00,8701.72,8746.99,8521.28,8642.35,38896.639746,390.9564285714283,9.064429815556066,-0.006843872296917297,7585.8414,7971.1053,9022.84785,8387.072507652894,372.6546398634082,315.6167728816581,65.83318711932141,HOLD,0
2020-01-21 05:30:00,8642.35,8789.0,8488.0,8736.03,36494.687659,377.8871428571426,9.075211132044725,0.010781316488658987,7614.6764,7975.7155,9011.67435,8430.692194196283,364.84134323409853,325.4616869521462,61.819207637919135,HOLD,0
2020-01-22 05:30:00,8736.04,8818.0,8590.0,8682.36,29080.557138,352.3871428571426,9.069048660100092,-0.006162471944632486,7642.469399999999,7979.0571,8998.8037,8462.150669921748,350.2807109093228,330.4254917435815,62.71331612190888,HOLD,0
2020-01-23 05:30:00,8682.77,8691.81,8306.39,8404.52,48165.944597,358.06142857142834,9.03652493534817,-0.03252372475192189,7666.6734,7981.509400000001,8983.7951,8454.946836181529,312.7171304735675,326.88381948957874,61.72066637369663,HOLD,0
2020-01-24 05:30:00,8404.52,8528.02,8238.0,8439.0,41687.529529,341.1342857142855,9.040619097157967,0.004094161809796049,7687.6734,7985.982000000001,8964.7971,8452.953481658838,282.47378818944344,318.0018132295517,55.60574891582341,HOLD,0
2020-01-25 05:30:00,8438.99,8451.26,8254.9,8340.58,25521.157932,334.93285714285696,9.028888037299204,-0.01173105985876255,7703.935600000001,7988.682,8943.78295,8438.906796451483,247.70861929801504,303.9431744432444,57.707010044573096,HOLD,0
2020-01-26 05:30:00,8340.01,8618.13,8293.66,8615.0,31130.485164,341.1807142857141,9.06126014896203,0.032372111662825276,7726.4714,7995.3619,8926.316100000002,8460.918446895048,239.5391152457796,291.06236260375147,59.8214856704337,HOLD,0
2020-01-27 05:30:00,8614.39,9000.0,8535.0,8907.57,53973.542996,364.3871428571427,9.094656755995281,0.03339660703325187,7754.4206,8004.9575,8914.1395,8516.749891033167,253.74763354963034,283.5994167929273,66.55989963067746,HOLD,0
2020-01-28 05:30:00,8907.57,9400.0,8862.4,9374.21,74584.853765,347.46857142857124,9.14571758062131,0.051060824626029344,7795.132,8016.4661,8902.22445,8623.93240465402,299.21279594096995,286.72209262253585,62.975603473653216,HOLD,0
2020-01-29 05:30:00,9375.34,9449.24,9216.0,9301.53,53864.065122,338.95142857142844,9.137934181739086,-0.007783398882224901,7836.68,8027.5087,8891.9533,8708.632104072269,325.62598247616916,294.5028705932625,60.739209791711446,HOLD,0
2020-01-30 05:30:00,9301.57,9578.0,9204.44,9513.21,60626.744259,346.07642857142844,9.160436638017995,0.022502456278909122,7882.744199999999,8042.440799999999,8888.64845,8809.204341063236,359.4953909299438,307.5013746605988,66.907965416688,HOLD,0
2020-01-31 05:30:00,9511.52,9530.22,9210.01,9352.89,45552.022352,342.57642857142844,9.143440665433069,-0.016995972584926022,7925.8404,8061.3035,8881.2193,8877.165048430332,369.14537885321624,319.83017549912233,59.504300187227855,HOLD,0
2020-02-01 05:30:00,9351.71,9464.53,9281.0,9384.61,28578.067354,342.6499999999999,9.1468263924832,0.003385727050131848,7968.362999999999,8081.025500000001,8880.9444,8940.59566737654,375.029496128107,330.8700396249193,60.006490927647555,HOLD,0
2020-02-02 05:30:00,9384.41,9477.03,9120.0,9331.51,45690.91254,315.7964285714285,9.141152124261682,-0.00567426822151873,8013.7122,8087.790400000001,8879.262349999999,8989.459958954472,371.12982167250266,338.92199603443595,64.44140752188648,HOLD,0
2020-02-03 05:30:00,9331.59,9618.79,9234.0,9292.24,50892.133451,327.15928571428583,9.136934922226569,-0.004217202035112777,8057.185199999999,8088.4128,8872.587749999999,9027.307464085163,360.712471923267,343.28009121220214,65.040338071456,HOLD,0
2020-02-04 05:30:00,9291.35,9350.0,9093.01,9197.02,53308.175266,324.01571428571435,9.126634797522492,-0.010300124704077263,8103.2912,8085.0837,8866.051399999998,9048.521531074517,340.844149790124,342.7929029277865,60.661045406400476,HOLD,0
2020-02-05 05:30:00,9197.02,9744.45,9177.22,9612.04,64870.415615,348.24642857142874,9.170771758312537,0.04413696079004481,8163.055600000001,8089.152700000001,8860.41045,9118.961339690202,354.5005452722489,345.13443139667896,68.42132378000937,HOLD,0
2020-02-06 05:30:00,9612.03,9862.57,9526.35,9772.0,64949.706588,344.732142857143,9.187276432377631,0.016504674065094704,8212.938999999998,8092.7964999999995,8856.323199999999,9200.591172228927,373.92045004858846,350.8916351270609,78.42402826855127,HOLD,0
2020-02-07 05:30:00,9772.0,9885.0,9730.0,9813.73,43966.114632,335.0878571428572,9.19153770455344,0.004261272175808628,8266.2076,8099.386600000001,8853.690299999998,9277.23352570031,388.2031623371895,358.35394056908666,78.48886125790077,HOLD,0
2020-02-08 05:30:00,9813.87,9940.0,9667.11,9895.05,43600.843666,340.55428571428575,9.199789911080998,0.008252206527558315,8320.351999999999,8106.9286,8853.841,9354.460584987772,401.45641940276437,366.97443633582225,82.44359568384368,HOLD,0
2020-02-09 05:30:00,9895.04,10166.0,9880.75,10151.75,43408.475616,337.7528571428572,9.225401383401486,0.025611472320488105,8380.732,8116.13,8855.78335,9454.1217618643,427.7425163127973,379.12805233121725,82.31276782748026,HOLD,0
2020-02-10 05:30:00,10151.72,10188.0,9756.0,9851.83,59573.084619,335.39571428571435,9.195412503711934,-0.02998887968955266,8427.7398,8121.753100000001,8855.64315,9503.835291631263,419.5372359282064,387.20988905061506,69.79348336463647,HOLD,0
2020-02-11 05:30:00,9851.74,10323.59,9700.0,10223.08,62422.395224,341.5378571428572,9.232403188217933,0.03699068450599974,8485.8596,8132.036800000001,8857.63855,9593.740880177356,437.9429309439456,397.3564974292812,68.53516981165038,HOLD,0
2020-02-12 05:30:00,10223.08,10450.0,10223.08,10326.46,61008.06393,341.08642857142866,9.242464812190933,0.010061623972999811,8547.2734,8141.367899999999,8861.88825,9685.330770155186,455.6193822418154,409.0090743917881,72.08339258550626,HOLD,0
2020-02-13 05:30:00,10325.33,10500.0,10080.0,10229.63,79344.358759,344.4035714285715,9.233043690158647,-0.009421122032286178,8607.7734,8150.5776000000005,8865.3287,9753.368173885789,456.55187961488446,418.5176354364074,66.23990134830035,HOLD,0
2020-02-14 05:30:00,10227.78,10381.56,10111.37,10344.36,47038.480173,340.83071428571435,9.244196722630313,0.011153032471666435,8670.6206,8160.6307,8869.5123,9827.242152150066,461.23184901412606,427.06047815195114,72.9491007568919,HOLD,0
2020-02-15 05:30:00,10344.36,10375.0,9801.0,9904.72,57657.202947,368.7214285714286,9.200766690181851,-0.04343003244846244,8723.6202,8167.515900000001,8871.16485,9836.926883131307,424.5712911472747,426.5626407510159,60.126476303216,HOLD,0
2020-02-16 05:30:00,9904.46,10050.0,9638.12,9917.27,60023.999537,372.6392857142856,9.202032960791103,0.001266270609251663,8775.6428,8178.9513,8870.34855,9846.969772739894,392.0113521786898,419.65238303655076,61.58764322339684,HOLD,0
2020-02-17 05:30:00,9910.7,9964.16,9452.67,9706.0,70261.011901,381.6892857142856,9.18049952996516,-0.021533430825941835,8821.998,8187.9172,8867.0036,9829.348551147408,345.18061535511333,404.7580295002633,57.66358463726885,HOLD,0
2020-02-18 05:30:00,9706.0,10250.0,9576.01,10164.71,70604.124019,411.47499999999985,9.226677196388387,0.04617766642322607,8880.3722,8199.169600000001,8865.2084,9871.268732253982,341.14843561749694,392.03611072371007,65.7963898256943,HOLD,0
2020-02-19 05:30:00,10164.78,10250.0,9350.0,9593.79,55162.586895,435.24428571428547,9.168871293142024,-0.057805903246363144,8928.3434,8207.7748,8859.093050000001,9836.583890722235,288.5581131949475,371.3405112179576,49.71651894585434,CLOSE_STOP,-1
2020-02-20 05:30:00,9594.65,9699.0,9400.0,9596.42,60152.342914,432.58571428571406,9.16914539123855,0.00027409809652567674,8976.2548,8215.5196,8852.429,9806.563404381955,244.276258155116,345.9276606053893,47.132526342607406,HOLD,0
2020-02-21 05:30:00,9597.21,9755.51,9550.21,9677.05,42181.554524,436.1785714285713,9.17751238175816,0.008366990519609985,9030.481600000001,8224.518900000001,8841.670250000001,9790.374228834211,213.23074485433244,319.3882774551779,47.795825162555474,HOLD,0
2020-02-22 05:30:00,9677.05,9709.17,9560.02,9650.86,24636.757623,427.33999999999986,9.174802309533138,-0.002710072225021065,9076.5996,8234.5607,8832.5161,9772.934950229936,184.38812623002377,292.3882472101471,45.99077281757435,HOLD,0
2020-02-23 05:30:00,9650.85,9990.0,9645.0,9936.4,37702.089843,431.60785714285703,9.203960061011896,0.029157751478757987,9128.2454,8249.2074,8822.32295,9793.368081451194,182.46746347616318,270.4040904633503,46.49745136117155,HOLD,0
2020-02-24 05:30:00,9936.4,9990.0,9473.56,9656.13,55796.59612,437.6392857142856,9.175348225818471,-0.02861183519342525,9174.193000000001,8260.8585,8810.60475,9776.213321269795,156.52554862939178,247.62838209655862,46.796571660544615,HOLD,0
2020-02-25 05:30:00,9655.52,9675.0,9250.0,9315.84,54379.344552,423.4542857142856,9.139471456103632,-0.03587676971483944,9205.3498,8268.992900000001,8797.784,9718.66665611107,107.27127860836845,219.5569613989206,34.997254909742736,HOLD,0
2020-02-26 05:30:00,9316.48,9377.44,8633.63,8785.25,92130.345482,460.375,9.080829457814467,-0.05864199828916483,9218.1492,8274.9737,8785.1637,9601.989574097186,25.133018294367503,180.67217277801,27.668736724054483,HOLD,0
2020-02-27 05:30:00,8786.0,8971.77,8531.0,8823.21,72483.578762,461.85857142857145,9.085141028366941,0.004311570552474109,9233.4938,8281.8694,8771.5299,9504.642127335039,-36.47858757323411,137.2420207077612,29.26808415292811,HOLD,0
2020-02-28 05:30:00,8823.25,8900.0,8445.0,8692.91,71155.208977,475.05928571428586,9.070263029867757,-0.01487799849918403,9250.996799999999,8287.8184,8758.01405,9403.175611418159,-94.72838034616143,90.84794049697669,25.76735368262264,HOLD,0
2020-02-29 05:30:00,8690.8,8790.0,8523.55,8523.61,36748.183035,453.09142857142876,9.050595239004272,-0.019667790863485024,9257.5286,8296.7771,8746.16855,9293.229909990889,-152.79156977969615,42.12003844164212,27.987823342842987,HOLD,0
2020-03-01 05:30:00,8523.61,8750.0,8411.0,8531.88,43892.201779,447.8857142857145,9.051565014794724,0.0009697757904518767,9267.766,8309.4136,8738.5761,9198.061171242029,-195.8817430420968,-5.48031785510566,27.889443226179097,HOLD,0
2020-03-02 05:30:00,8530.3,8965.75,8498.0,8915.24,60401.31773,444.76142857142884,9.095517450854677,0.04395243605995347,9282.3712,8325.4503,8731.68265,9162.708524836775,-196.82815522156125,-43.74988532839678,38.036768977536745,SHORT,-1
2020-03-03 05:30:00,8911.18,8919.65,8651.0,8760.07,55154.997282,415.80857142857167,9.07795917476609,-0.017558276088587732,9295.3658,8344.018199999999,8723.8253,9112.378709232178,-207.70482396363332,-76.5408730554441,26.60040913967383,HOLD,0
2020-03-04 05:30:00,8760.07,8848.29,8660.0,8750.87,38696.482578,364.9721428571432,9.076908402980395,-0.0010507717856942378,9294.183,8360.4312,8716.49955,9067.190120578156,-214.59332712093965,-104.15136386854321,32.72492519572073,HOLD,0
2020-03-05 05:30:00,8750.99,9159.42,8746.54,9054.68,58201.866355,373.1064285714288,9.11103703010167,0.034128627121274846,9298.8484,8379.4166,8710.23905,9065.626355505887,-193.30923897215325,-121.98293888926523,40.11740754794078,HOLD,0
2020-03-06 05:30:00,9054.64,9170.0,8985.5,9131.88,43782.948044,371.6207142857144,9.11952686695888,0.008489836857210165,9307.0858,8395.6502,8701.32075,9073.908061067652,-168.27231248552926,-131.24081360851804,40.042375203200024,HOLD,0
2020-03-07 05:30:00,9130.89,9188.0,8835.0,8886.66,45422.204525,386.18142857142874,9.092306554876762,-0.02722031208211817,9306.553399999999,8410.3219,8691.951500000001,9050.502053434195,-166.3005631015858,-138.2527635071316,37.075846953133414,HOLD,0
2020-03-08 05:30:00,8885.25,8886.76,8000.0,8033.31,77537.315166,424.87857142857166,8.991351926242103,-0.10095462863465876,9288.9004,8413.2582,8681.405200000001,8923.35304675492,-230.93408636941967,-156.78902807958923,23.000377380975976,HOLD,0
2020-03-09 05:30:00,8034.76,8179.31,7632.01,7929.87,116968.863268,427.08285714285734,8.978391921051896,-0.012960005190207013,9273.4638,8417.137999999999,8670.55515,8799.167665910556,-287.19278310211666,-182.86977908409472,24.21537523973396,HOLD,0
2020-03-10 05:30:00,7929.87,8149.0,7728.01,7894.56,86783.443875,426.79642857142875,8.97392919366107,-0.0044627273908268705,9258.508,8422.1747,8658.0802,8686.091707671736,-330.8140095097606,-212.4586251692279,26.64273881833236,HOLD,0
2020-03-11 05:30:00,7894.57,7980.0,7590.0,7934.52,79942.411172,401.5242857142858,8.97897813963744,0.0050489459763713995,9242.4778,8428.5771,8647.08105,8592.145244212768,-358.03253151563695,-241.57340643850972,33.33111272214272,HOLD,0
2020-03-12 05:30:00,7934.58,7966.17,4410.0,4800.0,261505.608653,624.0528571428573,8.476371196895983,-0.5026069427414583,9164.830600000001,8403.65,8620.3676,8118.127088686172,-625.3246210471298,-318.32364936023373,14.38634943284923,HOLD,0
2020-03-13 05:30:00,4800.01,5955.0,3782.13,5578.6,402201.673764,746.7578571428572,8.626693127838328,0.15032193094234536,9108.3122,8387.4928,8596.39935,7800.6862026004,-765.5047524914944,-407.7598699864859,25.270339590039853,HOLD,0
2020-03-14 05:30:00,5576.05,5640.52,5055.13,5172.06,136910.135974,769.5392857142857,8.551026340752532,-0.07566678708579566,9042.973399999999,8365.3234,8571.3344,7472.1079272753495,-899.039331230053,-506.0157622351993,24.35280343436969,HOLD,0
2020-03-15 05:30:00,5172.48,5940.0,5093.1,5361.3,139916.146534,805.8178571428572,8.586961761970862,0.03593542121832982,8983.387799999999,8343.6617,8549.535899999999,7208.256936365931,-978.3189090881251,-600.4763916057846,26.39152811947126,HOLD,0
2020-03-16 05:30:00,5360.33,5365.42,4442.12,5028.97,227276.92276,838.3571428571429,8.522970470753496,-0.06399129121736635,8911.6672,8319.0693,8527.188549999999,6935.8460693201905,-1055.794260297861,-691.5399653441998,20.840830205780705,HOLD,0
2020-03-17 05:30:00,5028.86,5525.0,4921.45,5312.64,150089.926318,862.2785714285716,8.577844165826615,0.05487369507311968,8839.7686,8297.0946,8505.82905,6732.945310655166,-1081.833532495827,-769.5986787745253,24.622849983584572,HOLD,0
2020-03-18 05:30:00,5312.64,5436.17,5009.37,5393.04,137127.634894,879.3149999999999,8.592864512331786,0.015020346505171034,8760.1452,8277.6386,8484.856899999999,6565.457146823271,-1083.4924092036827,-832.3774248603569,25.538821520516223,HOLD,0
2020-03-19 05:30:00,5393.26,6400.0,5252.53,6162.37,199020.873439,931.7857142857143,8.726216722793751,0.13335221046196466,8697.362,8267.021,8467.04385,6515.0712534703625,-1011.073552958228,-868.1166504799312,30.26834090360221,CLOSE_STOP,1
2020-03-20 05:30:00,6162.05,6900.0,5670.0,6208.36,219298.329514,1006.4642857142857,8.73365204987244,0.007435327078688658,8631.265,8257.0046,8446.38565,6476.732346786567,-939.144209142466,-882.3221622124382,29.970128393099387,HOLD,0
2020-03-21 05:30:00,6204.57,6456.98,5860.02,6186.98,128913.668363,1023.89,8.730202362941313,-0.003449686931126905,8567.9468,8246.8936,8424.24415,6440.513303438247,-873.7923390971537,-880.6161975893814,30.91845418331198,HOLD,0
2020-03-22 05:30:00,6187.04,6407.87,5734.01,5816.19,119115.990527,1008.6828571428571,8.668400687180439,-0.06180167576087392,8496.5784,8232.4707,8400.49,6362.472890508467,-842.2116735163872,-872.9352927747826,33.18197678828794,HOLD,0
2020-03-23 05:30:00,5816.05,6600.0,5688.0,6467.31,164674.215785,1034.732857142857,8.774515535971133,0.10611484879069444,8439.2944,8226.5033,8380.0041,6375.5775291949085,-755.929936397365,-849.5342214992992,39.75680680414278,HOLD,0
2020-03-24 05:30:00,6465.25,6833.0,6371.33,6744.72,151138.009878,1037.6385714285714,8.816515255548918,0.04199971957778459,8388.344000000001,8222.7646,8362.234050000001,6421.720338045545,-657.5861259890444,-811.1446023972483,42.211107016669196,HOLD,0
2020-03-25 05:30:00,6744.69,6957.96,6450.0,6677.43,132155.734989,1046.0642857142855,8.806488461963987,-0.01002679358493097,8337.9522,8220.6217,8343.3418,6453.684045789852,-578.4101363416248,-764.5977091861237,41.51601987417342,HOLD,0
2020-03-26 05:30:00,6677.42,6780.0,6510.0,6737.36,83026.555211,811.3378571428572,8.815423435780582,0.00893497381659536,8280.4586,8221.757099999999,8325.1227,6489.14354006612,-505.00535657408363,-712.6792386637156,72.35061213376957,HOLD,0
2020-03-27 05:30:00,6737.27,6842.59,6261.0,6359.11,82914.968354,697.6750000000001,8.75764370943514,-0.057779726345442484,8212.2008,8212.5699,8305.40265,6472.889347557855,-471.91323161006494,-664.5260372529855,59.92088812737214,LONG,1
2020-03-28 05:30:00,6359.11,6360.0,6024.0,6236.65,93159.693429,679.8614285714286,8.738198458228737,-0.019445251206402503,8140.659199999999,8203.4334,8286.09515,6443.359429113124,-450.37731340053506,-621.6962924824954,64.58506297967716,HOLD,0
2020-03-29 05:30:00,6236.65,6266.0,5866.56,5881.42,63311.627714,647.8999999999999,8.679553508335703,-0.05864494989303459,8060.386600000001,8190.3693,8264.7106,6373.117000473983,-456.70937390987183,-588.6989087679708,56.81573967784714,HOLD,0
2020-03-30 05:30:00,5880.5,6599.0,5857.76,6394.38,118889.549992,634.8957142857142,8.763174758570148,0.08362125023444555,7985.2392,8182.985600000001,8244.60745,6375.774875414735,-415.54583870881197,-554.068294756139,67.08381191178643,HOLD,0
2020-03-31 05:30:00,6394.45,6523.23,6321.4,6410.44,72337.595259,606.2014285714284,8.76568319030462,0.002508431734471017,7916.4114,8172.075599999999,8224.94935,6380.108015987894,-377.2785010018979,-518.7103360052909,64.72134313147026,HOLD,0
2020-04-01 05:30:00,6412.14,6679.94,6150.11,6642.92,97500.7524,613.5607142857142,8.801306904840958,0.035623714536338724,7844.8082,8165.3339000000005,8206.48885,6412.959513989407,-324.4520854081402,-479.8586858858607,66.10387870167085,HOLD,0
2020-04-02 05:30:00,6643.36,7198.0,6551.0,6794.09,149299.906871,577.8128571428571,8.823808395615421,0.02250149077446295,7774.1608,8160.7171,8188.94925,6460.600824740732,-267.30726310068803,-437.3484013288262,59.68147321702243,HOLD,0
2020-04-03 05:30:00,6793.86,7048.0,6602.1,6734.1,104080.276939,521.8057142857141,8.814939449625609,-0.00886894598981236,7704.2502,8156.011799999999,8171.3632,6494.78822164814,-224.2749691207673,-394.73371488721443,58.022841307240625,HOLD,0
2020-04-04 05:30:00,6732.97,6990.41,6650.01,6856.99,72990.861139,503.4799999999999,8.833023848919584,0.01808439929397565,7634.5028,8152.561699999999,8154.70905,6540.063443942123,-178.20117789295728,-351.427207488363,59.91717065863833,HOLD,0
2020-04-05 05:30:00,6857.41,6895.54,6677.52,6772.78,49685.356983,470.9199999999999,8.820666916773876,-0.012356932145708655,7571.863999999999,8147.7420999999995,8137.7880000000005,6569.153013449357,-146.7903023966055,-310.49982647001156,65.47154248006599,HOLD,0
2020-04-06 05:30:00,6772.78,7355.14,6765.0,7329.9,118052.000832,447.9299999999999,8.899717152222834,0.07905023544895862,7520.1166,8147.8796999999995,8123.21605,6664.246386768187,-76.0651970658837,-263.612900589186,64.38873042085773,HOLD,0
2020-04-07 05:30:00,7329.9,7459.69,7077.0,7197.32,103585.168918,442.2885714285713,8.881464013490039,-0.01825313873279555,7469.943,8145.970499999999,8108.3597,6730.880588422164,-30.363132239069273,-216.96294691916265,57.93305803086285,HOLD,0
2020-04-08 05:30:00,7197.32,7420.0,7150.0,7361.28,76059.145838,425.2914285714284,8.90398910964528,0.022525096155241897,7413.8744,8147.123299999999,8095.23415,6809.680514869393,18.868777608025994,-169.7966020137249,61.5934682584622,HOLD,0
2020-04-09 05:30:00,7360.26,7371.92,7108.08,7283.54,61094.872417,424.85142857142847,8.893372286739098,-0.010616822906182932,7367.669400000001,8148.0064,8081.5075,6868.9129505107185,51.02427646135493,-125.63242631870895,59.20393650365678,HOLD,0
2020-04-10 05:30:00,7283.54,7295.75,6739.98,6858.92,104674.623375,423.00714285714275,8.833305273923502,-0.06006701281559579,7312.9194,8144.5871,8067.290849999999,6867.663831696878,41.76303736967475,-92.15333358103221,58.29293140465976,HOLD,0
2020-04-11 05:30:00,6858.92,6944.3,6760.0,6876.83,45470.293206,412.17142857142846,8.835913068932859,0.002607795009357261,7256.915,8143.698300000001,8059.2093,6868.809602734769,35.4598667152859,-66.63069352176859,61.00374021973792,HOLD,0
2020-04-12 05:30:00,6876.84,7177.0,6780.0,6903.79,73868.666501,411.9971428571428,8.839825815151174,0.003912746218315277,7201.9736,8139.286599999999,8051.578,6873.182152392923,32.268039373923784,-46.85094694263012,69.8083816092845,HOLD,0
2020-04-13 05:30:00,6903.79,6903.79,6575.0,6837.91,96415.476573,382.53642857142853,8.830237408369431,-0.00958840678174333,7140.0038,8134.124599999999,8045.4489,6868.773133343808,24.144208387113395,-32.651915876681414,60.394081281607825,HOLD,0
2020-04-14 05:30:00,6838.04,6978.0,6754.28,6868.7,69068.623285,384.09999999999997,8.834730138780579,0.004492730411147505,7084.255199999999,8129.224099999999,8038.9028499999995,6868.763991675832,19.96041820215305,-22.12944906091452,60.665642601126486,HOLD,0
2020-04-15 05:30:00,6868.57,6933.0,6605.0,6621.24,61571.384994,369.6835714285714,8.798037942568753,-0.036692196211825845,7030.363200000001,8117.8565,8031.015,6837.823492716352,-3.2853481046067827,-18.360628869652974,49.4989090640139,HOLD,0
2020-04-16 05:30:00,6621.25,7190.0,6468.27,7101.94,125009.857539,375.02142857142854,8.86812326514293,0.07008532257417777,6996.697000000001,8107.423099999999,8026.305600000001,6870.838056126809,16.88603553658777,-11.311295988404826,56.17475860575013,HOLD,0
2020-04-17 05:30:00,7101.99,7148.12,6972.98,7027.55,54126.509763,355.68142857142857,8.857593417661104,-0.010529847481826948,6960.7838,8097.1388,8019.996649999999,6890.427049110958,26.563147671009574,-3.7364072565219457,55.85212247877123,HOLD,0
2020-04-18 05:30:00,7026.78,7293.08,7014.4,7248.6,49488.542819,351.27285714285716,8.888563625753573,0.03097020809246942,6931.8976,8091.4472,8014.77745,6935.1986679720885,51.47583498235508,7.3060411912534615,57.515439265824064,HOLD,0
2020-04-19 05:30:00,7248.6,7266.15,7055.6,7120.74,45664.86393,350.73928571428576,8.870766931589674,-0.017796694163898508,6903.840200000001,8080.684400000001,8008.581450000001,6958.391334475577,60.208044870360936,17.88644192707496,56.56771183305524,HOLD,0
2020-04-20 05:30:00,7121.4,7220.0,6751.0,6826.83,90149.49137,342.0864285714286,8.828615715980368,-0.0421512156093069,6869.7392,8068.7526,8001.595800000001,6941.94616766613,42.91757632255576,22.89266880617112,39.45703974750714,HOLD,0
2020-04-21 05:30:00,6828.98,6940.0,6762.0,6841.37,60109.710808,327.46571428571434,8.830743282958412,0.002127566978044726,6828.261799999999,8055.316499999999,7995.116999999999,6929.374146707864,30.041709781426107,24.32247700122212,42.151981902926664,HOLD,0
2020-04-22 05:30:00,6841.36,7156.38,6818.0,7125.14,61486.377334,332.35,8.871384654066617,0.04064137110820454,6795.5632000000005,8045.464499999999,7990.11175,6953.844878369381,42.24834756508426,27.907651113994547,45.05482538804984,HOLD,0
2020-04-23 05:30:00,7125.12,7738.0,7020.0,7482.39,102773.569561,364.79,8.920307538649865,0.04892288458324856,6770.193600000001,8032.1883,7988.25245,7019.913018573208,79.82906551450105,38.29193399409585,53.72784570449441,HOLD,0
2020-04-24 05:30:00,7483.96,7615.96,7388.0,7505.0,60182.119939,341.375,8.923324744067562,0.0030172054176969,6739.2,8019.024200000001,7984.826999999999,7080.5488912515575,110.16656173681349,52.66685954263938,64.26174792943296,HOLD,0
2020-04-25 05:30:00,7505.0,7705.0,7431.07,7538.67,43874.427726,347.77714285714285,8.927801052870057,0.004476308802495055,6707.3358,8007.210800000001,7981.6784,7137.814029845113,135.3657218911976,69.20663201235102,64.5086897809579,HOLD,0
2020-04-26 05:30:00,7539.03,7700.0,7480.0,7693.1,50522.616209,335.13428571428574,8.948079102204556,0.020278049334498505,6683.464599999999,7995.009,7977.340200000001,7207.224776114474,165.88522660598574,88.54235093107798,66.38721759241957,HOLD,0
2020-04-27 05:30:00,7693.1,7792.02,7606.0,7774.62,65441.339576,324.9364285714286,8.958619861254961,0.010540759050405413,6678.2908,7983.595600000001,7973.42315,7278.1491791001645,194.4091094838841,109.71570264163921,69.32197446316962,HOLD,0
2020-04-28 05:30:00,7773.51,7780.0,7659.12,7738.98,46302.752638,317.59071428571434,8.954025174953902,-0.004594686301059525,6674.473000000001,7973.9684,7970.8255500000005,7335.753031712644,211.69831561917363,130.1122252371461,67.91584321475625,HOLD,0
2020-04-29 05:30:00,7738.58,8952.89,7710.05,8778.57,183546.887514,382.93642857142856,9.080068803204924,0.126043628251022,6692.153200000001,7975.3306,7973.217949999999,7516.105152748563,305.76172993463933,165.24212617664477,83.48924068514373,HOLD,0
2020-04-30 05:30:00,8778.58,9460.0,8401.0,8620.0,206277.214124,407.02714285714285,9.061840363657739,-0.018228439547185005,6705.8628,7974.170300000001,7974.942899999999,7654.092008654993,363.3242143135976,204.85854380403535,76.18428315164897,HOLD,0
2020-05-01 05:30:00,8620.0,9059.18,8613.56,8826.96,91468.815059,426.3471428571429,9.085565953459042,0.02372558980130357,6786.401999999999,7975.6163,7977.336699999999,7800.700507573119,420.7922096040793,248.04527696404415,79.679814737231,HOLD,0
2020-05-02 05:30:00,8825.67,9010.0,8753.0,8972.05,59002.08755,424.79857142857145,9.101869468518016,0.016303515058973872,6854.271,7981.2916,7981.4005,7947.119194126479,472.59577047720177,292.9553756666757,79.15754497683906,HOLD,0
2020-05-03 05:30:00,8972.58,9200.0,8712.0,8894.16,90126.065643,444.6164285714286,9.093150160564777,-0.008719307953239053,6928.713000000001,7985.843199999999,7985.9126,8065.499294860669,501.5834518395941,334.6809909012594,80.51895754171487,HOLD,0
2020-05-04 05:30:00,8894.15,8950.0,8522.0,8871.96,84418.512331,441.68785714285724,9.090651020453762,-0.002499140111014597,6998.9262,7991.156999999999,7989.919500000001,8166.306883003085,516.8076073019865,371.10631418140485,88.82573384515496,HOLD,0
2020-05-05 05:30:00,8871.92,9118.58,8760.0,9021.83,76480.765342,454.58642857142866,9.107402474962171,0.01675145450840887,7078.783399999999,7995.2253,7995.2936,8273.2472726277,534.8012606437251,403.8453034738689,89.37184459708348,HOLD,0
2020-05-06 05:30:00,9021.36,9395.0,8906.21,9142.92,105925.30242,465.3300000000001,9.120735088262863,0.013332613300692131,7155.388999999999,7997.578799999999,8001.268150000001,8381.956363549238,552.463852171938,433.5690132134828,88.70847689132052,HOLD,0
2020-05-07 05:30:00,9143.4,10067.0,9021.0,9986.4,147154.611378,488.75857142857154,9.20897944633684,0.08824435807397712,7247.2562,8003.700699999999,8010.0833999999995,8582.511818105582,627.2923343986349,472.31367745051324,90.4837661392804,HOLD,0
2020-05-08 05:30:00,9986.3,10035.96,9705.0,9800.01,100683.7964,496.1157142857143,9.190138685066305,-0.018840761270535467,7320.009,8008.6855,8018.0971,8734.699090842385,663.9012895973447,510.63119987987955,85.23856172018709,HOLD,0
2020-05-09 05:30:00,9800.02,9914.25,9520.0,9539.4,81950.679567,504.71000000000004,9.163185869382719,-0.026952815683586095,7386.6298,8008.9474,8025.694099999999,8835.286704487087,664.2282910824051,541.3506181203848,78.71863992214347,HOLD,0
2020-05-10 05:30:00,9539.1,9574.83,8117.0,8722.77,183865.182028,593.1264285714286,9.073692127010053,-0.08949374237266561,7437.3456,8002.6462,8031.97485,8821.222116426201,591.7706621481084,551.4346269259295,62.419039302574106,CLOSE_STOP,-1
2020-05-11 05:30:00,8722.77,9168.0,8200.0,8561.52,168807.251832,648.9821428571429,9.055033023465542,-0.01865910354451117,7492.2522,7994.415300000001,8037.720399999999,8788.759351872926,515.3947914770997,544.2266598361635,59.31185299839537,HOLD,0
2020-05-12 05:30:00,8562.04,8978.26,8528.78,8810.79,86522.780066,672.4535714285713,9.08373238573864,0.028699362273098217,7539.121799999999,7989.2081,8038.499249999999,8791.513182888812,469.5674877721558,529.294825423362,62.07295067009997,HOLD,0
2020-05-13 05:30:00,8810.99,9398.0,8792.99,9309.37,92466.274018,626.8942857142857,9.138776698808519,0.055044313069878115,7590.4148,7989.3794,8038.8961,8856.24528502771,468.08447218825677,517.052754776341,56.80882941496404,HOLD,0
2020-05-14 05:30:00,9309.35,9939.0,9256.76,9791.98,129565.37747,599.9828571428571,9.189318962266361,0.050542263457842296,7652.705800000001,7995.329000000001,8040.20635,8973.212124399246,500.08707283120566,513.6596183873139,63.87970402091939,HOLD,0
2020-05-15 05:30:00,9791.97,9845.62,9150.0,9316.42,115890.761516,617.84,9.139533713714913,-0.049785248551447836,7704.286999999999,7992.3728,8040.76275,9016.11310884934,481.5249272058081,507.2326801510128,55.44992562108621,HOLD,0
2020-05-16 05:30:00,9315.96,9588.0,9220.0,9381.27,59587.627862,625.7685714285715,9.146470427291558,0.006936713576644493,7764.7302,7988.4655,8040.630999999999,9061.757720243173,466.6676914342788,499.119682407666,54.63938797536665,HOLD,0
2020-05-17 05:30:00,9380.81,9888.0,9322.1,9680.04,68647.764323,631.3328571428572,9.17782131249349,0.031350885201932854,7833.598000000001,7987.1286,8043.2576,9139.043005212778,473.5427609416638,494.0042981144656,58.484699297800134,HOLD,0
2020-05-18 05:30:00,9681.11,9950.0,9464.23,9733.93,82006.603583,635.4592857142858,9.183372999079275,0.00555168658578431,7910.6482,7985.5174,8046.222999999999,9213.403879561181,477.83163008914016,490.76976450940055,59.24295227167935,HOLD,0
2020-05-19 05:30:00,9733.93,9897.21,9474.0,9775.53,78539.760454,640.0757142857143,9.187637603332567,0.004264604253291893,7978.2712,7981.7552000000005,8048.9426,9283.669644616033,479.06499902133146,488.4288114117868,58.27408893904598,HOLD,0
2020-05-20 05:30:00,9775.13,9842.0,9326.0,9511.43,74923.73809,642.0192857142856,9.160249512268946,-0.027388091063620834,8040.291,7978.3512,8050.0521499999995,9312.139689039028,453.5040772557095,481.44386458057136,53.92233038643219,LONG,1
2020-05-21 05:30:00,9511.43,9578.47,8815.0,9068.65,108928.780969,621.8385714285713,9.112578689693686,-0.047670822575259564,8088.8056,7966.8069,8049.421850000001,9281.703477909148,392.98809493500266,463.7527106514577,39.320764552967375,HOLD,0
2020-05-22 05:30:00,9067.51,9271.0,8933.52,9170.0,58943.131024,622.3042857142856,9.123692565250511,0.011113875556825192,8136.3238,7955.2423,8048.3051000000005,9267.740543170505,349.1816917500055,440.8385068711672,42.520982466137205,HOLD,0
2020-05-23 05:30:00,9170.0,9307.85,9070.0,9179.15,43526.296966,611.132857142857,9.124689886734984,0.0009973214844727352,8185.2248,7944.7375,8047.65755,9256.666725274192,311.61107168483613,414.99301983390103,45.45183681405114,HOLD,0
2020-05-24 05:30:00,9179.01,9298.0,8700.0,8720.34,70379.86645,549.7164285714285,9.07341350696859,-0.05127637976639399,8222.4918,7928.4973,8044.564,9189.625884614918,242.0240494493355,380.39922575698796,49.96627407656201,HOLD,0
2020-05-25 05:30:00,8718.14,8979.66,8642.72,8900.35,62833.910949,504.64071428571424,9.093845880789686,0.020432373821096306,8265.0432,7918.4536,8042.98475,9153.466399038054,199.1059659377679,344.140573793144,54.67825356982103,REVERSE_LONG_TO_SHORT,-2
2020-05-26 05:30:00,8900.35,9017.67,8700.0,8841.18,58299.770138,495.2257142857143,9.087175630886367,-0.006670249903319103,8295.2688,7907.6927000000005,8043.322000000001,9114.430599158299,158.4915590163091,307.01077083777705,50.44284411129536,HOLD,0
2020-05-27 05:30:00,8841.0,9225.0,8811.73,9204.07,68910.355514,481.53000000000003,9.127401056515296,0.040225425628928946,8335.4038,7902.673400000001,8045.295299999999,9125.63552426351,153.81347314888262,276.3713112999982,48.4023862553633,HOLD,0
2020-05-28 05:30:00,9204.07,9625.47,9110.0,9575.89,74110.787662,469.61785714285713,9.167003760120872,0.03960270360557594,8379.696000000002,7896.7852,8047.9774,9181.917333730573,178.05630076672242,256.70830919334304,46.607426014600826,HOLD,0
2020-05-29 05:30:00,9575.87,9605.26,9330.0,9427.07,57374.362961,439.5921428571428,9.151340616848586,-0.01566314327228646,8422.5666,7895.118,8051.4464,9212.56141701425,183.14915658392783,241.99647867146,51.93578748849723,HOLD,0
2020-05-30 05:30:00,9426.6,9740.0,9331.23,9697.72,55665.27254,442.5042857142857,9.179646085316138,0.02830546846755233,8479.3426,7896.130999999999,8055.8253,9273.20623988747,206.64242930015644,234.9256687971993,55.16432154735442,HOLD,0
2020-05-31 05:30:00,9697.72,9700.0,9381.41,9448.27,48333.786403,424.8392857142857,9.153586934945585,-0.026059150370553397,8530.7714,7893.843199999999,8059.181050000001,9295.089209901536,202.79479476956294,228.49949399167204,46.155734469180516,HOLD,0
2020-06-01 05:30:00,9448.27,10380.0,9421.67,10200.77,76649.12696,458.5935714285714,9.230218486619199,0.07663155167361424,8596.711,7899.3423,8066.951499999999,9408.299308663845,257.4977045274245,234.29913609882254,56.28639142495489,CLOSE_STOP,1
2020-06-02 05:30:00,10202.71,10228.99,9266.0,9518.04,108970.773151,497.1492857142857,9.16094422423579,-0.06927426238340928,8650.3136,7895.1587,8072.18305,9422.016895080866,242.95887081033288,236.03108304112462,47.043220041201316,LONG,1
2020-06-03 05:30:00,9518.02,9690.0,9365.21,9666.24,46252.644939,483.4914285714286,9.17639468139536,0.015450457159570163,8706.2644,7895.2598,8078.059149999999,9452.544783195759,240.62150683471918,236.94916779984356,51.82630894715607,HOLD,0
2020-06-04 05:30:00,9666.32,9881.63,9450.0,9789.06,57456.100969,459.7885714285715,9.189020714571484,0.012626033176124096,8769.620799999999,7899.991999999999,8084.49245,9494.609185296289,245.8457201662477,238.7284782731244,59.192725546592094,HOLD,0
2020-06-05 05:30:00,9788.14,9854.75,9581.0,9621.16,47788.05005,455.2364285714287,9.171720118510894,-0.017300596060589868,8820.0052,7908.3511,8091.6624,9510.428037134254,233.74337197680688,237.7314570138609,55.66084137197234,HOLD,0
2020-06-06 05:30:00,9621.17,9735.0,9531.05,9666.3,32752.950893,452.8150000000001,9.176400888546619,0.004680770035724535,8872.780200000001,7916.782000000001,8099.325699999999,9529.912032492472,225.1986447973104,235.22489457055082,56.057708329706465,HOLD,0
2020-06-07 05:30:00,9666.85,9802.0,9372.46,9746.99,57952.848385,440.782142857143,9.18471379837998,0.008312909833360749,8922.748,7927.3228,8107.570599999999,9557.046778430913,222.37450077009998,232.65481581046066,64.09153423612122,HOLD,0
2020-06-08 05:30:00,9746.99,9800.0,9633.0,9782.01,40664.664125,428.6435714285716,9.188300263384612,0.0035864650046324442,8975.9734,7939.906800000001,8118.341949999999,9585.167181127048,220.4212882043903,230.2081102892466,62.60306478357826,HOLD,0
2020-06-09 05:30:00,9782.0,9877.0,9570.0,9772.43,46024.001289,427.8814285714287,9.187320434684178,-0.0009798287004336714,9034.885400000001,7952.3123,8130.862950000001,9608.575033486166,215.61485342266133,227.28945891592957,63.50338291461369,HOLD,0
2020-06-10 05:30:00,9772.44,9992.72,9704.18,9885.0,47130.762982,418.9721428571429,9.198773735604718,0.011453300920539533,9095.758,7962.0099,8143.7301,9643.128154300395,218.3719218595088,225.50595150464542,60.64655131977649,HOLD,0
2020-06-11 05:30:00,9885.22,9964.0,9113.0,9280.4,94418.98473,442.9385714285715,9.135659928299596,-0.06311380730512184,9138.8632,7967.213200000001,8155.615699999999,9597.787135012844,169.81324987288463,214.36741117829328,45.69340682723782,HOLD,0
2020-06-12 05:30:00,9278.88,9557.12,9232.51,9465.13,50119.066932,446.4635714285715,9.15536979836157,0.019709870061973334,9178.518,7974.355799999999,8167.3935,9581.20499313624,144.56980885917255,200.40789071446915,50.54895603159309,REVERSE_LONG_TO_SHORT,-2
2020-06-13 05:30:00,9464.96,9494.73,9351.0,9473.34,27759.784851,427.5321428571429,9.156236816712502,0.0008670183509327245,9217.8848,7978.5424,8178.9794999999995,9567.72186899421,123.79959371898076,185.0862313153715,46.49859244602297,HOLD,0
2020-06-14 05:30:00,9473.34,9480.99,9245.0,9342.1,30055.506608,421.63214285714287,9.142286345350726,-0.01395047136177574,9253.9534,7980.6446,8188.1474,9539.519135369934,95.64652380892585,167.19828981408236,48.279773034385094,HOLD,0
2020-06-15 05:30:00,9342.1,9495.0,8910.45,9426.02,86107.924707,394.9335714285714,9.151229229272216,0.008942883921490008,9288.6118,7986.038199999999,8198.18005,9525.331743448693,79.1937593630555,149.59738372387702,33.97522079963596,HOLD,0
2020-06-16 05:30:00,9426.05,9589.0,9373.09,9525.59,52052.446927,341.57071428571425,9.161737140333777,0.010507911061560904,9323.6312,8000.960999999999,8207.1096,9525.364025517605,73.3438298471956,134.34667294854074,50.20581292014457,HOLD,0
2020-06-17 05:30:00,9526.97,9565.0,9236.61,9465.14,48046.411152,341.827857142857,9.155370854870535,-0.006366285463242249,9358.1544,8016.3137,8216.72585,9517.836022327905,63.102502393492614,120.09783883753113,44.24257346373193,HOLD,0
2020-06-18 05:30:00,9465.13,9489.0,9280.0,9386.32,37381.953765,325.9257142857142,9.147008589103692,-0.00836226576684318,9370.3094,8031.2313,8226.703,9501.396519536916,48.07191817884086,105.69265470579309,38.17168299617022,HOLD,0
2020-06-19 05:30:00,9386.32,9438.3,9215.79,9310.23,45330.983673,322.2657142857141,9.138869074584647,-0.008139514519044155,9384.114,8044.988399999999,8236.782749999998,9477.500704594802,29.67813375791593,90.48975051621767,40.347565859322124,HOLD,0
2020-06-20 05:30:00,9310.23,9395.0,9170.95,9358.95,30329.065384,323.70142857142827,9.14408838369187,0.005219309107221903,9394.7538,8090.577899999999,8247.11395,9462.681866520452,18.81533247362495,76.15486690769913,40.47986321482341,HOLD,0
2020-06-21 05:30:00,9358.95,9422.0,9281.54,9294.69,24316.926234,303.05285714285674,9.137198548335258,-0.006889835356611584,9401.2066,8127.7388,8257.6158,9441.682883205396,4.9640171372302575,61.91669695360535,35.84598630599962,HOLD,0
2020-06-22 05:30:00,9294.69,9780.0,9277.09,9685.69,57895.468343,327.0464285714282,9.1784048174954,0.04120626916014203,9417.037199999999,8172.8751,8269.09925,9472.183772804721,25.246160196897108,54.58258960226371,47.53500941773812,HOLD,0
2020-06-23 05:30:00,9685.69,9720.0,9577.03,9624.89,41031.02938,315.32999999999953,9.172107730519249,-0.006297086976150723,9432.095800000001,8215.511,8279.58635,9491.27205120413,35.99888014168391,50.865847710147754,46.320661552733675,HOLD,0
2020-06-24 05:30:00,9624.33,9670.0,9208.0,9296.49,61571.561464,327.71999999999963,9.137392188545899,-0.03471554197335003,9437.589,8258.1862,8288.62775,9466.924294803615,17.815981179433948,44.255874404005,36.750104691531476,HOLD,0
2020-06-25 05:30:00,9298.33,9340.0,9009.69,9249.49,55831.619156,290.5278571428567,9.132323693851339,-0.005068494694560499,9439.7204,8297.5547,8297.32465,9439.745007953165,-0.3821987047140283,35.3282597822612,49.07077278275143,HOLD,0
2020-06-26 05:30:00,9249.49,9298.0,9045.45,9162.21,50292.298277,285.38071428571374,9.122842694943671,-0.009480998907667626,9423.2366,8335.2464,8306.4425,9405.053131959019,-21.598183528994923,23.942971120009975,40.32674228489681,HOLD,0
2020-06-27 05:30:00,9162.21,9196.24,8833.0,9012.0,46290.930113,301.0599999999995,9.106312301552135,-0.016530393391535725,9407.4764,8363.7427,8315.38185,9355.921490464141,-49.956824818342284,9.163011932339524,36.492832716540974,HOLD,0
2020-06-28 05:30:00,9012.0,9191.0,8948.06,9116.35,30688.176421,301.5564285714281,9.117824783661014,0.011512482108878785,9399.0154,8392.8226,8324.9136,9325.975054156124,-63.281608451667125,-5.325912144461807,43.28472755180354,HOLD,0
2020-06-29 05:30:00,9116.16,9238.0,9024.67,9192.56,42120.293261,275.0407142857139,9.12614974021423,0.008324956553215301,9408.4112,8422.8784,8334.886,9309.298172386609,-66.92066561792853,-17.644862839155152,43.023380907982485,HOLD,0
2020-06-30 05:30:00,9192.93,9205.0,9064.89,9138.55,31463.162801,269.6264285714282,9.120257008536973,-0.005892731677256791,9419.951799999999,8456.101999999999,8344.28635,9287.954650838283,-73.31764014285727,-28.77941829989558,38.110100761857936,HOLD,0
2020-07-01 05:30:00,9138.08,9292.0,9080.1,9232.0,38488.528699,261.3057142857139,9.13043098874788,0.010173980210907985,9428.376,8483.7489,8355.1261,9280.960319483496,-70.03928525335323,-37.03139169058711,42.98024810309529,HOLD,0
2020-07-02 05:30:00,9231.99,9261.96,8940.0,9086.54,45725.168076,269.3742857142853,9.114549476646662,-0.015881512101218576,9423.9194,8507.1671,8364.96585,9256.657779548059,-78.27625181851909,-45.280363716173504,41.32199346934999,HOLD,0
2020-07-03 05:30:00,9086.54,9125.0,9037.47,9058.26,28943.420177,259.7328571428569,9.111432327612357,-0.0031171490343044894,9409.245,8530.975400000001,8375.79855,9231.858057104551,-86.09363300982113,-53.44301757490303,42.49834765366823,HOLD,0
2020-07-04 05:30:00,9057.79,9190.0,9040.04,9135.46,26441.968484,254.44071428571402,9.119918823318791,0.008486495706433672,9405.6258,8554.956400000001,8388.35675,9219.808299966482,-85.07883328209391,-59.77018071634121,43.45720793250224,HOLD,0
2020-07-05 05:30:00,9135.0,9145.24,8893.03,9069.41,34073.653627,262.4228571428569,9.112662491379252,-0.007256331939538896,9399.3886,8582.0594,8397.31465,9201.008512470671,-88.58314878564488,-65.53277433020195,43.41170965666489,HOLD,0
2020-07-06 05:30:00,9069.41,9375.0,9055.92,9344.2,54463.132277,249.2921428571426,9.142511108948533,0.029848617569280478,9392.6718,8613.1349,8408.28415,9218.907448411837,-68.3986307467112,-66.1059456135038,39.284840193537455,HOLD,0
2020-07-07 05:30:00,9342.47,9379.42,9203.0,9257.39,34587.336678,251.68142857142837,9.133177430459543,-0.00933367848898925,9383.141,8646.8946,8418.631949999999,9223.717767360358,-58.73009233163066,-64.63077495712918,38.65390552639703,HOLD,0
2020-07-08 05:30:00,9257.4,9470.0,9231.0,9436.06,56140.517781,235.75285714285695,9.152293799133886,0.019116368674342965,9376.3516,8677.311399999999,8430.1485,9250.260546440313,-36.23286032743272,-58.95119203118989,54.74802179932914,HOLD,0
2020-07-09 05:30:00,9436.06,9440.79,9160.0,9232.43,48044.450645,232.2157142857142,9.13047756478625,-0.0218162343476358,9370.7716,8705.5313,8438.80345,9248.031728135273,-34.43790237169196,-54.04853409929031,49.475528775209064,HOLD,0
2020-07-10 05:30:00,9232.42,9317.48,9125.0,9288.34,38295.494006,227.92499999999993,9.136515129081547,0.006037564295295894,9375.1654,8731.985499999999,8448.6597,9253.070262118363,-28.179084573072032,-48.87464419404666,53.95384412832363,HOLD,0
2020-07-11 05:30:00,9288.34,9299.28,9178.25,9234.03,22561.366,210.6242857142857,9.130650851924555,-0.005864277156991449,9376.446000000002,8756.3849,8458.551000000001,9250.690229353568,-27.286744878165337,-44.557064330870396,57.40529507114129,HOLD,0
2020-07-12 05:30:00,9234.02,9345.0,9157.5,9302.75,30872.702286,206.66428571428565,9.138065334355767,0.007414482431212122,9378.918,8782.0714,8469.041599999999,9257.197700684372,-20.794720959043843,-39.80459565650509,56.368295182781,HOLD,0
2020-07-13 05:30:00,9303.31,9343.82,9200.89,9242.62,42740.069115,201.63571428571427,9.131580674226637,-0.006484660129130404,9389.3636,8805.9277,8479.2447,9255.375488098825,-20.268095712335708,-35.897295667671216,51.72928382915814,HOLD,0
2020-07-14 05:30:00,9242.61,9279.54,9113.0,9255.85,45772.552509,203.52357142857142,9.13301106303779,0.0014303888111530938,9396.4736,8830.758399999999,8489.250250000001,9255.434802086473,-18.56913751947468,-32.43166403803191,54.169510322470614,HOLD,0
2020-07-15 05:30:00,9255.85,9276.49,9160.57,9197.6,39053.579665,196.66785714285717,9.126697859439531,-0.00631320359825871,9403.601999999999,8849.435399999998,8498.65755,9248.205451825665,-21.673154462167076,-30.279962122858947,48.745843784635134,HOLD,0
2020-07-16 05:30:00,9197.6,9226.15,9047.25,9133.72,43375.571191,186.44928571428576,9.119728338578343,-0.006969520861188627,9402.195,8868.7994,8507.38495,9233.894770347457,-28.953929508867077,-30.014755600060575,51.8288806537143,REVERSE_SHORT_TO_LONG,2
2020-07-17 05:30:00,9133.72,9186.83,9089.81,9154.32,28054.358741,187.1271428571429,9.121981177998267,0.0022528394199241575,9393.7636,8886.7298,8516.92655,9223.947924054024,-32.68497628894511,-30.548799737837484,53.74596390522391,HOLD,0
2020-07-18 05:30:00,9154.31,9219.3,9121.1,9170.28,22554.541457,183.43000000000004,9.123723099135491,0.0017419211372242671,9388.627799999998,8905.5972,8526.801800000001,9217.23943354727,-33.9625203327214,-31.231543856814266,51.42595049715799,HOLD,0
2020-07-19 05:30:00,9170.3,9232.27,9101.35,9208.99,26052.019417,174.76642857142866,9.127935459826544,0.004212360691052908,9378.8532,8929.0979,8536.8425,9216.208254353862,-31.48843067661801,-31.282921220775016,55.84701742627345,REVERSE_LONG_TO_SHORT,-2
2020-07-20 05:30:00,9208.99,9221.52,9131.0,9160.78,35458.764082,158.44071428571442,9.122686606881306,-0.005248852945237914,9373.1034,8951.9374,8547.81785,9209.27972255963,-33.03701079588973,-31.63373913579796,40.51622510392751,HOLD,0
2020-07-21 05:30:00,9160.78,9437.73,9152.8,9390.0,60413.582486,166.19142857142873,9.147400572202308,0.024713965321002007,9356.888,8976.799500000001,8558.04305,9231.869757239676,-15.588439541235857,-28.424679216885544,55.976492433051256,HOLD,0
2020-07-22 05:30:00,9390.0,9544.0,9261.0,9518.16,48815.004107,169.33428571428587,9.16095683179402,0.013556259591712916,9356.890399999998,9003.601999999999,8568.863299999999,9267.656037584717,8.483329271284674,-21.0430775192515,53.87659124390892,CLOSE_STOP,1
2020-07-23 05:30:00,9518.16,9664.0,9440.33,9603.27,51856.2335,165.2542857142858,9.169858944456402,0.008902112662381612,9355.631,9030.9477,8580.0859,9309.607782886627,34.03570279367159,-10.027321456666883,69.71714164185458,HOLD,0
2020-07-24 05:30:00,9603.27,9637.0,9463.44,9537.8,43931.136205,163.90285714285724,9.163018129881769,-0.006840814574633924,9350.6058,9060.113299999999,8588.9849,9338.1318100258,48.444819339203605,1.6671067025072155,63.1300265274327,LONG,1
2020-07-25 05:30:00,9538.1,9732.9,9513.0,9700.42,40679.545416,170.965,9.179924462523173,0.01690633264140473,9352.191,9086.098100000001,8596.7606,9383.417833772575,72.15447111317553,15.76457958464088,72.03549188770347,HOLD,0
2020-07-26 05:30:00,9700.42,10111.0,9650.0,9931.54,65279.269319,190.5007142857143,9.203470830613885,0.02354636809071131,9357.495799999999,9115.137999999999,8606.1384,9451.933104551004,108.34505901456942,34.28067547062659,75.75593731311493,HOLD,0
2020-07-27 05:30:00,9931.54,11394.86,9917.21,11029.96,150188.933144,285.8378571428572,9.308370485767718,0.10489965515383304,9383.155200000001,9152.9516,8622.1994,9649.18646648213,223.08805456107984,72.04215128871725,89.56112547366925,HOLD,0
2020-07-28 05:30:00,11029.96,11242.23,10565.0,10906.27,97267.734187,322.3157142857143,9.297093132194044,-0.01127735357367321,9405.640399999998,9190.8069,8635.745649999999,9806.321908171863,300.5770903361408,117.74913909820197,84.82751053000312,HOLD,0
2020-07-29 05:30:00,10906.27,11342.82,10812.0,11100.53,76838.094233,351.95142857142855,9.314748133908285,0.017655001714240726,9432.2024,9233.5439,8651.14825,9968.09791965038,373.3590176204634,168.87111480265426,87.97611587631664,HOLD,0
2020-07-30 05:30:00,11100.52,11170.0,10831.0,11099.61,60794.826456,363.38714285714286,9.314665251548037,-8.288236024789342e-05,9456.4946,9276.1263,8665.7214,10109.536929694083,426.05370118942847,220.3076320800091,90.2438924531315,HOLD,0
2020-07-31 05:30:00,11099.79,11444.0,10960.0,11335.46,70063.660974,391.0285714285714,9.335691144385505,0.021025892837467808,9497.595800000001,9318.229500000001,8681.847000000002,10262.777313482322,481.29764186381,272.5056340367693,91.0340442183526,HOLD,0
2020-08-01 05:30:00,11335.46,11861.0,11220.0,11801.17,85087.485126,429.80000000000007,9.37595395808084,0.04026281369533535,9544.3166,9361.4173,8696.8028,10455.076399297031,556.2457134250617,329.2536499144278,92.33170392634526,HOLD,0
2020-08-02 05:30:00,11801.17,12123.46,10518.5,11071.35,97553.077604,535.0885714285714,9.312115969486749,-0.0638379885940914,9576.2768,9397.0808,8708.0525,10532.110599384903,550.4074707630789,373.48441408415806,74.51389729846417,HOLD,0
2020-08-03 05:30:00,11071.36,11473.0,10936.0,11219.81,56931.841475,566.9799999999999,9.325436244886959,0.013320275400209525,9613.831,9433.8922,8720.5515,10618.07302446179,551.4038621730579,409.068303701938,76.40574223549116,HOLD,0
2020-08-04 05:30:00,11219.68,11414.98,11000.0,11191.97,58629.113709,576.2692857142856,9.322951835855664,-0.0024844090312949874,9649.15,9468.8809,8731.94495,10689.810146404066,543.6798513156555,435.9906132246815,74.3677399288699,HOLD,0
2020-08-05 05:30:00,11191.99,11780.93,11093.0,11744.91,74970.256852,605.1928571428571,9.371175234228405,0.048223398372741144,9693.5364,9508.5838,8746.0897,10821.697628103559,575.5416678653746,463.9008241528202,77.00904607457613,HOLD,0
2020-08-06 05:30:00,11744.91,11900.0,11562.5,11762.46,63529.08502,613.3235714285713,9.372668383250232,0.0014931490218277332,9739.4828,9548.8186,8761.3935,10939.292924590613,595.345750143757,490.18980935100757,76.62596462844078,HOLD,0
2020-08-07 05:30:00,11762.47,11909.94,11322.0,11594.23,65755.926022,642.9221428571428,9.358262839550074,-0.014405543700158674,9783.641,9576.975199999999,8776.1529,11021.160059016785,590.6571450895681,510.28327649871966,74.73198586626836,HOLD,0
2020-08-08 05:30:00,11594.36,11808.27,11512.0,11761.41,41858.16104,648.3771428571429,9.372579112224615,0.014316272674541608,9832.6646,9608.389299999999,8791.2798,11113.691301639688,593.5888973110486,526.9444006611855,74.75967025389299,HOLD,0
2020-08-09 05:30:00,11761.02,11797.11,11521.97,11681.68,41493.067342,635.1014285714288,9.365777081655306,-0.006802030569309281,9879.119200000001,9636.9365,8806.2764,11184.689888934729,582.7610804212,538.1077366131883,71.8189298359348,HOLD,0
2020-08-10 05:30:00,11681.69,12067.35,11450.0,11892.92,84952.337887,573.6514285714286,9.383698544058696,0.017921462403389654,9931.0838,9666.1452,8823.7184,11273.218652817888,584.4876503175165,547.3837193540539,63.81434453259571,HOLD,0
2020-08-11 05:30:00,11892.9,11935.0,11125.0,11392.08,90748.284634,583.1350000000001,9.34067365609901,-0.04302488795968529,9965.2116,9691.1244,8838.4838,11288.076321215653,539.2264996628637,545.7522754158159,56.93901278934573,HOLD,0
2020-08-12 05:30:00,11392.09,11617.52,11150.0,11564.33,64909.613644,578.6135714285716,9.355680639567533,0.01500698346852225,10004.0004,9718.0481,8854.60255,11322.608031063695,511.36119359824625,538.8740590523021,56.666551676555805,HOLD,0
2020-08-13 05:30:00,11564.34,11792.96,11270.36,11780.0,70132.491502,591.7278571428571,9.374158457205578,0.018477817638045124,10053.670600000001,9745.6298,8870.427549999999,11379.782027180734,500.9063675521975,531.2805207522812,59.21111414963813,HOLD,0
2020-08-14 05:30:00,11779.77,11850.0,11634.03,11760.54,59818.852697,572.5828571428572,9.37250513876575,-0.0016533184398284106,10103.8916,9771.806,8884.6924,11427.376773783144,485.45456517934326,522.1153296376935,56.11288151582438,HOLD,0
2020-08-15 05:30:00,11760.55,11980.0,11680.0,11852.4,56237.90505,548.2257142857143,9.380285657702082,0.00778051893633247,10157.695399999999,9790.466,8897.08335,11480.50467706025,475.1440696999907,512.721077650153,50.82547283818927,HOLD,0
2020-08-16 05:30:00,11852.4,11931.72,11686.0,11911.0,41368.236906,451.13714285714286,9.385217621880901,0.00493196417881947,10215.6754,9811.5759,8910.130700000002,11534.316592427718,466.32594281787897,503.44205068369826,67.26360589674529,HOLD,0
2020-08-17 05:30:00,11910.99,12468.0,11769.78,12281.13,84734.21154,462.6528571428571,9.415819217011569,0.030601595130667292,10278.971,9838.993199999999,8923.9703,11627.668268374255,483.6289380775579,499.47942816247024,69.99834182519825,HOLD,0
2020-08-18 05:30:00,12281.15,12387.77,11817.93,11945.01,75923.835527,473.7142857142857,9.388068896929923,-0.027750320081645796,10334.02,9871.2156,8936.9309,11667.335984827472,464.860983502349,492.555739230446,62.71253967182122,HOLD,0
2020-08-19 05:30:00,11945.1,12020.08,11561.0,11754.59,73940.169606,457.36785714285713,9.371999081590902,-0.016069815339021076,10386.3408,9903.1463,8948.7808,11678.242736724038,429.66898509154635,479.97838840266616,50.18620541072913,HOLD,0
2020-08-20 05:30:00,11754.38,11888.0,11668.0,11853.55,46085.254351,448.97499999999997,9.380382679757803,0.008383598166901152,10438.7718,9933.5739,8961.391000000001,11700.156144633534,405.0946389281926,465.0016385077715,51.699002868664415,HOLD,0
2020-08-21 05:30:00,11853.54,11878.0,11485.81,11531.34,64448.306142,434.99285714285713,9.352823825070528,-0.027558854687274703,10487.667800000001,9955.7936,8972.5865,11679.054126554342,355.5214088694029,443.1055925800978,48.890699799271175,HOLD,0
2020-08-22 05:30:00,11531.23,11686.0,11376.81,11662.96,43678.701646,435.9157142857143,9.36417328703585,0.01134946196532205,10539.7618,9974.5034,8984.9162,11677.04236073505,323.1300587222686,419.11048580853196,48.2414053038287,HOLD,0
2020-08-23 05:30:00,11663.51,11718.07,11514.13,11648.13,37900.00469,430.8299999999999,9.362900931088472,-0.0012723559473784007,10590.0152,9997.8205,8995.09665,11673.428315643168,292.88680651329014,393.86574994948364,49.386477263999446,HOLD,0
2020-08-24 05:30:00,11648.12,11824.9,11585.09,11748.2,46212.391867,403.862857142857,9.371455316347928,0.00855438525945651,10643.590999999999,10021.4898,9004.97765,11682.774776187773,273.83700143202987,369.8600002459929,47.24136879346103,REVERSE_LONG_TO_SHORT,-2
2020-08-25 05:30:00,11748.19,11767.85,11117.64,11318.42,69590.923272,392.4492857142856,9.33418676604381,-0.03726855030411791,10683.0754,10037.873599999999,9012.5011,11637.230429164301,221.50684643751447,340.18936948429723,48.5568068715272,HOLD,0
2020-08-26 05:30:00,11318.42,11539.32,11244.0,11461.43,53998.231231,380.1492857142856,9.346742764334035,0.01255599829022458,10727.156200000001,10055.1486,9020.333,11615.255375518762,189.39134783568625,310.02976515457505,47.96055082965347,HOLD,0
2020-08-27 05:30:00,11461.42,11592.2,11125.0,11330.38,63246.036383,376.19214285714287,9.33524289273588,-0.011499871598154243,10765.0426,10070.6971,9026.22615,11579.645953578918,151.61719539453043,278.3472512025661,40.779370990763354,HOLD,0
2020-08-28 05:30:00,11330.38,11542.65,11276.89,11526.91,45953.908365,379.74857142857155,9.352439580814828,0.01719668807894692,10810.9322,10090.8519,9034.60155,11573.053959381554,135.97183726662115,249.87216841537713,45.53321173604975,HOLD,0
2020-08-29 05:30:00,11526.9,11580.02,11417.04,11465.84,32973.7992,369.96142857142866,9.347127459071297,-0.0053121217435307955,10854.482200000002,10114.8238,9040.81535,11559.65221445886,117.29286053089163,223.35630683848007,42.52128153536605,HOLD,0
2020-08-30 05:30:00,11465.84,11719.0,11458.0,11711.16,43177.879054,371.05285714285725,9.368297512317522,0.021170053246224896,10904.0248,10140.2354,9047.73885,11578.590687651504,120.89135043274473,202.863315557333,46.394237708940786,HOLD,0
2020-08-31 05:30:00,11711.17,11800.77,11570.0,11649.51,55353.617744,337.66357142857163,9.363019398023459,-0.0052781142940627745,10950.96,10164.939,9054.838249999999,11587.455601695065,117.41505220277031,185.77366288642048,37.17595750901474,HOLD,0
2020-09-01 05:30:00,11649.51,12050.85,11515.0,11921.97,78148.193668,335.2357142857145,9.38613819542039,0.0231187973969309,11004.546999999999,10196.9553,9062.7263,11629.269901483181,135.08809430518158,175.6365491701727,49.519795913263124,HOLD,0
2020-09-02 05:30:00,11921.97,11954.57,11160.1,11388.54,87221.845602,359.19214285714304,9.340362865608805,-0.04577532981158505,11047.2008,10221.8372,9070.1454,11599.178663797786,104.84220883778107,161.47768110369438,43.32510330088732,HOLD,0
2020-09-03 05:30:00,11388.54,11462.6,9960.8,10140.85,121950.106015,450.749285714286,9.224327100061915,-0.11603576554688999,11066.065799999998,10234.8339,9071.263299999999,11416.887580823062,-19.580319193235482,125.26608104430841,27.989935024879728,HOLD,0
2020-09-04 05:30:00,10138.29,10627.05,9875.5,10446.25,92733.599113,476.4178571428573,9.253998341315645,0.02967124125373033,11092.3164,10247.2557,9074.964549999999,11295.557883220179,-92.47682612131575,81.71749961118358,35.994899210358525,HOLD,0
2020-09-05 05:30:00,10446.25,10565.68,9825.0,10166.69,90001.605568,507.23857142857156,9.226871969006726,-0.02712637230891879,11112.563800000002,10253.1637,9074.97445,11154.449397817658,-170.83668965617835,31.206661757711196,31.398237129679146,HOLD,0
2020-09-06 05:30:00,10166.69,10347.14,9994.86,10256.2,56368.788815,517.8342857142858,9.235637679750345,0.008765710743618982,11134.2822,10261.455,9078.286499999998,11042.16822309045,-223.14248940963444,-19.66316847575793,33.01086529330924,HOLD,0
2020-09-07 05:30:00,10255.89,10410.75,9875.0,10373.44,62620.230676,538.9728571428572,9.2470039723477,0.011366292597354999,11157.5712,10268.2122,9082.1716,10958.577195204143,-252.22740386707483,-66.17601555402132,33.290468434742436,HOLD,0
2020-09-08 05:30:00,10373.45,10438.0,9850.0,10126.65,73491.878418,534.5292857142857,9.22292584166068,-0.024078130687019694,11176.8886,10274.996,9084.4196,10854.586295803625,-291.82729520703833,-111.30627148462472,34.84027058724759,HOLD,0
2020-09-09 05:30:00,10126.66,10343.0,9981.01,10219.2,49347.113776,539.2914285714286,9.232023582807324,0.009097741146643301,11193.472600000001,10275.1803,9087.2613,10775.16300882817,-312.1442779354202,-151.4738727747838,33.99291282778172,HOLD,0
2020-09-10 05:30:00,10219.29,10483.35,10070.83,10336.87,58253.75375,535.3857142857142,9.243472394306758,0.011448811499434441,11209.8468,10283.3686,9089.26365,10720.37638272465,-315.11816152107167,-184.20273052404139,37.15356347640342,HOLD,0
2020-09-11 05:30:00,10336.86,10397.6,10200.0,10387.89,43830.254467,530.5171428571429,9.248395983585256,0.004923589278497786,11225.5392,10290.5851,9092.92245,10678.815584884069,-309.78706562355,-209.3195975439431,34.69618634047765,HOLD,0
2020-09-12 05:30:00,10387.89,10477.97,10269.25,10440.92,35379.153096,533.7842857142857,9.253487980159425,0.005091996574169144,11243.601600000002,10297.1037,9098.54785,10649.07863677356,-297.84963076795793,-227.0256041887461,36.19941184708023,HOLD,0
2020-09-13 05:30:00,10440.67,10580.11,10200.0,10332.83,43837.609865,542.2921428571428,9.243081483935399,-0.010406496224026895,11256.2498,10304.2204,9106.28575,10609.547557176866,-293.7252059578168,-240.36552454256025,30.728533118573623,HOLD,0
2020-09-14 05:30:00,10332.84,10750.0,10212.34,10671.77,67059.291361,564.2128571428572,9.275357216199025,0.03227573226362601,11271.0544,10314.275099999999,9115.528549999999,10617.325362529758,-260.1085744859665,-244.3141345312415,37.31321592991088,HOLD,0
2020-09-15 05:30:00,10671.77,10930.04,10606.48,10785.31,61822.452786,549.0492857142857,9.285940302035572,0.010583085836547212,11266.161399999999,10324.6583,9125.99055,10638.32344221354,-221.74923558937553,-239.8011547428683,34.61669635075221,HOLD,0
2020-09-16 05:30:00,10785.23,11093.0,10661.22,10954.01,64991.51244,523.1428571428572,9.301460878251776,0.015520576216204063,11267.116199999999,10336.3783,9138.14255,10677.784261936846,-175.7110158203741,-226.9831269583695,43.47499647118534,HOLD,0
2020-09-17 05:30:00,10954.01,11045.46,10745.83,10939.99,55601.614529,437.2735714285714,9.300180161898773,-0.0012807163530030863,11263.9054,10348.0539,9150.1831,10710.55997919474,-138.75718533673535,-209.33793863404267,69.06290850452751,HOLD,0
2020-09-18 05:30:00,10940.0,11038.03,10812.84,10933.39,47266.728275,399.67642857142863,9.299576688617524,-0.0006034732812487675,11260.580999999998,10358.5378,9160.27385,10738.413731795397,-108.74997130725569,-189.2203451686853,63.55229627321586,HOLD,0
2020-09-19 05:30:00,10933.4,11179.79,10887.37,11080.65,38440.036858,367.6578571428572,9.312955622840523,0.01337893422299885,11255.4848,10376.5403,9171.876750000001,10781.193265320971,-72.25349340601133,-165.8269748161505,77.44690563136645,CLOSE_STOP,1
2020-09-20 05:30:00,11080.64,11080.64,10723.0,10920.28,39157.922565,368.0414285714287,9.298376889995811,-0.01457873284471134,11237.867000000002,10391.0918,9182.7238,10798.57910715585,-55.629033587019876,-143.7873865703244,69.12871150234469,HOLD,0
2020-09-21 05:30:00,10920.28,10988.86,10296.35,10417.22,70683.431179,379.23857142857156,9.25121548508562,-0.04716140491019161,11224.784399999999,10400.5306,9189.5365,10750.90921876137,-82.1003652549116,-131.44998230724184,51.03174902433963,HOLD,0
2020-09-22 05:30:00,10417.22,10572.71,10353.0,10529.61,43991.235476,352.93214285714294,9.261946567405095,0.010731082319475505,11210.9804,10412.405700000001,9196.52515,10723.246816416198,-92.93881182941368,-123.74774821167621,60.138684809081944,HOLD,0
2020-09-23 05:30:00,10529.61,10537.15,10136.82,10241.46,51876.568079,355.6707142857144,9.234199466555204,-0.027747100849891737,11191.9702,10420.5601,9203.29915,10663.023464364174,-123.35766527861779,-123.66973162506453,50.509886203294755,LONG,1
2020-09-24 05:30:00,10241.46,10795.24,10190.93,10736.32,57676.619427,369.37,9.28138766502658,0.04718819847137645,11171.798400000001,10432.6674,9216.814199999999,10672.185531318653,-106.30830356185652,-120.19744601242294,57.801666386722,HOLD,0
2020-09-25 05:30:00,10736.33,10760.53,10556.24,10686.67,48101.117008,369.8478571428572,9.276752449410544,-0.004635215616035637,11150.2826,10444.8827,9230.5982,10673.996089903821,-95.699734654856,-115.29790374090956,55.838603018767635,HOLD,0
2020-09-26 05:30:00,10686.57,10820.94,10644.68,10728.6,28420.836659,367.52928571428583,9.280668351809211,0.003915902398667015,11132.97,10458.305499999999,9244.768399999999,10680.821578665844,-82.95273924732464,-108.82887084219259,55.646186939659906,HOLD,0
2020-09-27 05:30:00,10728.59,10799.0,10594.82,10774.25,30549.483253,354.9628571428572,9.284914306980923,0.004245955171711557,11113.226800000002,10472.9457,9258.96705,10692.500131332614,-68.37885123005617,-100.73886691976531,58.88126126706154,HOLD,0
2020-09-28 05:30:00,10774.26,10950.0,10626.0,10696.12,50095.251734,339.70142857142866,9.27763633786619,-0.007277969114733551,11093.5156,10486.3174,9288.44765,10692.952614916037,-62.41390932216564,-93.07387540024538,50.54736075457109,HOLD,0
2020-09-29 05:30:00,10696.11,10867.54,10635.87,10840.48,41874.898399,333.1378571428572,9.29104255445609,0.013406216589901376,11072.4668,10501.775300000001,9314.75705,10711.393538051532,-45.513354729690036,-83.56177126613431,51.22321107874047,HOLD,0
2020-09-30 05:30:00,10840.58,10849.34,10665.13,10776.59,39596.027322,315.45428571428573,9.285131467890585,-0.005911086565506096,11060.157,10512.684299999999,9342.7797,10719.54309579509,-36.8501469466446,-74.21944640223637,45.87456750623163,HOLD,0
2020-10-01 05:30:00,10776.59,10920.0,10437.0,10619.13,60866.332893,328.55214285714294,9.270412370536274,-0.014719097354310762,11041.253,10522.626699999999,9369.06885,10706.991458820705,-42.203700427771764,-67.81629720734345,43.00580705915178,HOLD,0
2020-10-02 05:30:00,10619.13,10664.64,10374.0,10570.4,50130.393705,333.2271428571429,9.265812921100007,-0.004599449436266667,11017.061000000002,10535.365800000001,9396.776,10689.917526468116,-49.80441953204172,-64.2139216722831,42.230156385788725,HOLD,0
2020-10-03 05:30:00,10570.4,10603.56,10496.46,10542.06,22298.221341,319.99000000000007,9.26312824891859,-0.0026846721814166585,10992.6914,10548.291500000001,9422.9231,10671.435335659602,-57.45256789542327,-62.861650916911145,37.85301560237621,HOLD,0
2020-10-04 05:30:00,10542.07,10696.87,10517.87,10666.63,23212.001595,307.22928571428577,9.274875455607846,0.011747206689255663,10968.975999999999,10563.335700000001,9449.291050000002,10670.834668702153,-52.85276883088591,-60.8598744997061,44.18546009710382,REVERSE_LONG_TO_SHORT,-2
2020-10-05 05:30:00,10666.62,10798.0,10615.64,10792.21,34025.761653,270.7900000000001,9.286579856556685,0.011704400948838511,10946.6002,10581.1378,9472.44025,10686.006585114385,-38.628849121281746,-56.413669424021236,60.39507897698606,HOLD,0
2020-10-06 05:30:00,10792.2,10800.0,10525.0,10599.66,48674.740471,274.73928571428587,9.268577204114031,-0.018002652442653755,10912.9708,10595.9709,9494.39675,10675.213261975086,-42.40465163801491,-53.611865866819976,51.8592244605462,HOLD,0
2020-10-07 05:30:00,10599.65,10681.87,10546.17,10666.39,32811.990279,255.83714285714308,9.274852955277371,0.006275751163340004,10887.398399999998,10610.7092,9516.7938,10674.1103542282,-39.556466696561984,-50.800786032768386,62.78038774564947,HOLD,0
2020-10-08 05:30:00,10666.4,10950.0,10530.41,10925.57,51959.691572,242.6428571428574,9.298861192515822,0.024008237238451358,10870.818000000001,10628.579399999999,9542.340699999999,10705.542809949675,-16.19886918748489,-43.880402663711685,56.63220606273,HOLD,0
2020-10-09 05:30:00,10925.44,11104.64,10829.0,11050.64,48240.073237,247.73928571428587,9.310243623820721,0.011382431304898688,10854.759800000002,10646.765800000001,9565.25735,10748.679958705965,12.262939336007548,-32.65173426376784,62.11480724551815,HOLD,0
2020-10-10 05:30:00,11050.64,11491.0,11050.51,11293.22,43648.036943,266.61285714285725,9.3319578246284,0.021714200807679163,10849.9974,10668.8326,9587.99985,10816.74746386772,53.77343958277743,-15.36669949445879,66.57896900435748,CLOSE_STOP,1
2020-10-11 05:30:00,11293.22,11445.0,11221.0,11369.02,29043.851339,268.0285714285715,9.338647391297231,0.006689566668830693,10844.118600000002,10691.940200000001,9611.4578,10885.781530884255,91.72983220252354,6.052606844937674,67.1604240119564,HOLD,0
2020-10-12 05:30:00,11369.02,11720.01,11172.0,11528.25,52825.28371,284.02928571428583,9.352555823773152,0.013908432475920662,10841.721000000001,10715.8681,9635.41225,10966.090089523723,133.12450069716942,31.466985615384026,72.93544350548767,HOLD,0
2020-10-13 05:30:00,11528.24,11557.0,11300.0,11420.56,42205.283709,285.8385714285715,9.343170518785321,-0.009385304987830523,10835.1682,10739.3796,9660.7195,11022.898828333256,155.44847743004175,56.26328397831557,66.31821762124451,HOLD,0
2020-10-14 05:30:00,11420.57,11547.98,11280.0,11417.89,41415.106015,291.82214285714286,9.34293670256643,-0.00023381621889129178,10837.1576,10760.116499999998,9686.6257,11072.2727247916,170.9542885178489,79.20148488622223,68.68393758230486,HOLD,0
2020-10-15 05:30:00,11417.89,11617.34,11250.83,11505.12,48760.717679,283.5014285714286,9.35054743266279,0.00761073009635993,10838.0314,10782.593799999999,9714.7442,11126.378634192648,188.11303750666775,100.98379541031134,76.91424405358612,HOLD,0
2020-10-16 05:30:00,11505.13,11541.15,11200.0,11319.32,48797.749502,287.10928571428576,9.334266279281481,-0.016281153381308755,10837.810199999998,10801.426399999998,9739.3689,11150.496304918568,184.59111107333047,117.70525854291517,71.00144698320824,LONG,1
2020-10-17 05:30:00,11319.24,11402.42,11255.0,11360.2,22368.915241,289.98928571428576,9.337871297753967,0.0036050184724860657,10834.476,10822.704099999999,9764.117699999999,11176.709266803746,182.989247217316,130.76205627779535,72.78230746953597,HOLD,0
2020-10-18 05:30:00,11360.31,11505.0,11346.22,11503.14,23284.041191,288.5450000000001,9.350375320560016,0.012504022806048454,10835.222,10844.8521,9788.4188,11217.513108453277,191.05149921368684,142.81994486497365,73.05794600673673,HOLD,0
2020-10-19 05:30:00,11503.14,11823.99,11407.96,11751.47,47414.534692,305.2357142857144,9.371733618130133,0.021358297570117202,10836.0282,10870.026500000002,9813.2057,11284.257719896617,215.00065392066062,157.25608667611107,74.765578206002,HOLD,0
2020-10-20 05:30:00,11751.46,12038.38,11677.59,11909.99,62134.750663,311.36357142857145,9.38513282271843,0.01339920458829802,10841.2378,10896.098899999999,9839.08515,11362.47425490954,243.95955685152876,174.5967807111946,84.43434157622258,HOLD,0
2020-10-21 05:30:00,11910.0,13217.68,11886.95,12780.96,114584.456767,396.7228571428571,9.45571184248125,0.07057901976281933,10858.4176,10931.4823,9868.705,11539.784973045847,333.3470784429337,206.34684025754245,89.0590308435141,HOLD,0
2020-10-22 05:30:00,12780.75,13185.0,12678.08,12968.52,70038.824144,402.96071428571423,9.470280161316085,0.01456831883483467,10890.0172,10968.608999999999,9899.6837,11718.376851415118,414.5432611320066,247.9861244324353,88.76168286361545,HOLD,0
2020-10-23 05:30:00,12968.84,13027.69,12720.08,12923.07,50386.999841,405.2442857142857,9.46676936520943,-0.0035107961066547233,10945.661600000001,11005.863700000002,9927.64955,11868.963494988227,469.8087232259277,292.3506441911338,86.63314616633727,HOLD,0
2020-10-24 05:30:00,12923.06,13166.73,12870.0,13111.73,35952.20907,394.9757142857143,9.481262528387369,0.014493163177938584,10998.971200000002,11045.643800000002,9957.2216,12024.309308114698,522.803729445086,338.4412612419243,86.34504922593558,HOLD,0
2020-10-25 05:30:00,13111.73,13350.0,12888.0,13028.83,38481.579504,411.9757142857143,9.474919873301399,-0.00634265508596954,11056.214,11084.388899999998,9985.55935,12149.874394600361,551.753050791207,381.10361915178083,83.07936368745584,HOLD,0
2020-10-26 05:30:00,13029.64,13238.81,12765.0,13052.19,60951.672986,406.6757142857142,9.476711214763249,0.0017913414618497825,11112.133800000001,11123.208,10014.4026,12262.663845275316,570.0098347428248,418.88486226998964,82.11052862247989,HOLD,0
2020-10-27 05:30:00,13052.15,13789.29,13019.87,13636.17,80811.01945,443.2771428571428,9.520481100179202,0.04376988541595317,11177.388399999998,11167.4798,10048.28885,12434.352114615902,624.4030434258002,459.98849850115175,88.88058260945859,HOLD,0
2020-10-28 05:30:00,13636.16,13859.48,12888.0,13266.4,94440.561226,493.5271428571428,9.492989801899888,-0.027491298279313625,11240.183399999998,11208.535999999998,10080.2367,12538.358100288913,630.40577907855,494.07195461663144,78.73614500909413,HOLD,0
2020-10-29 05:30:00,13266.4,13642.91,12920.77,13455.7,74872.602132,518.9292857142856,9.507158087077155,0.014168285177266426,11304.913400000001,11249.193000000001,10112.99625,12653.025837752799,643.0255203554498,523.8626677643952,79.39019171774515,HOLD,0
2020-10-30 05:30:00,13455.69,13669.98,13115.0,13560.1,70657.778881,534.202857142857,9.514886936098463,0.007728849021308548,11369.378,11289.6124,10146.6072,12766.4101080337,653.9130610099382,549.8727464135038,84.61177255623998,HOLD,0
2020-10-31 05:30:00,13560.1,14100.0,13411.5,13791.0,67339.238515,572.8514285714284,9.531771484474337,0.01688454837587372,11437.440200000001,11331.4897,10181.2187,12894.483844529488,673.4105579784427,574.5803087264916,85.46500770344085,HOLD,0
2020-11-01 05:30:00,13791.0,13895.0,13603.0,13761.5,36285.648526,582.3671428571427,9.529630117173905,-0.0021413673004317957,11503.851800000002,11373.7267,10216.92,13002.860863963302,678.6589039454648,595.3960277702863,84.07713664896184,HOLD,0
2020-11-02 05:30:00,13761.49,13830.0,13195.05,13549.37,64566.421908,598.0042857142855,9.514095330762002,-0.015534786411903312,11568.1826,11412.2162,10249.15715,13071.174505967889,658.1148000285102,607.9397822219312,77.42875450051872,HOLD,0
2020-11-03 05:30:00,13549.63,14066.11,13284.99,14023.53,74115.630787,628.0278571428571,9.548491912063424,0.0343965813014222,11635.2178,11453.136100000002,10284.137050000001,13190.218942721902,672.3438377000857,620.820593317562,79.41158461915259,HOLD,0
2020-11-04 05:30:00,14023.53,14259.0,13525.0,14144.01,93016.988262,585.4042857142857,9.55704649189075,0.008554579827325881,11702.3918,11484.276600000001,10318.6141,13309.442824881664,685.4408462724023,633.7446439085301,73.97583155969113,HOLD,0
2020-11-05 05:30:00,14144.01,15750.0,14093.56,15590.02,143741.522673,667.5128571428571,9.654386244924636,0.09733975303388576,11795.112,11531.1141,10360.960500000001,13594.514971771456,803.2419687006004,667.6441088669442,81.96171665447451,HOLD,0
2020-11-06 05:30:00,15590.02,15960.0,15166.0,15579.92,122618.197695,702.255,9.653738184623366,-0.0006480603012697372,11887.910600000001,11575.908000000001,10404.72595,13842.690600300024,885.5768427545954,711.2306556444745,82.67435711386864,HOLD,0
2020-11-07 05:30:00,15579.93,15753.52,14344.22,14818.3,101431.206553,781.7242857142858,9.603618182418847,-0.050120002204518954,11965.608800000002,11613.0949,10444.6106,13964.641775262522,879.2361675233424,744.8317580202481,68.39527358411249,HOLD,0
2020-11-08 05:30:00,14818.3,15650.0,14703.88,15475.1,65547.178574,816.3042857142858,9.646987559567458,0.04336937714861122,12053.497800000001,11654.4913,10486.3604,14153.449053354707,916.642918638192,779.1939901438369,73.46537464676327,HOLD,0
2020-11-09 05:30:00,15475.1,15840.0,14805.54,15328.41,108976.334134,856.3507142857144,9.637463248287148,-0.009524311280310727,12141.660399999999,11689.763700000001,10525.5905,14300.319171685369,923.8023627465427,808.1156646643782,71.32953761731984,HOLD,0
2020-11-10 05:30:00,15328.41,15460.0,15072.46,15297.21,61681.919606,829.0735714285717,9.635425737811032,-0.002037510476116111,12239.2602,11732.0223,10564.55155,14424.930525224696,916.3950626861697,829.7715442687365,67.36377967242726,HOLD,0
2020-11-11 05:30:00,15297.21,15965.0,15272.68,15684.24,78469.746458,809.1335714285716,9.660411665513966,0.024985927702934063,12342.3528,11776.666600000002,10605.2794,14582.34420957161,931.0225619244993,850.0217477998891,75.18415438970734,HOLD,0
2020-11-12 05:30:00,15684.25,16340.7,15440.64,16291.86,102196.356592,821.8421428571431,9.698420875556817,0.038009210042851294,12463.3608,11827.665499999997,10648.273200000001,14796.033683375159,980.3440207360181,876.086202387115,77.17336317508008,HOLD,0
2020-11-13 05:30:00,16291.85,16480.0,15952.35,16320.7,75691.881014,819.8900000000003,9.700189519755119,0.0017686441983020273,12575.048399999998,11873.423400000001,10691.003599999998,14986.616972953263,1010.1148044688471,902.8919228034615,76.83800368650691,HOLD,0
2020-11-14 05:30:00,16320.04,16326.99,15670.0,16070.45,59116.347179,817.6392857142861,9.684737460828606,-0.015452058926513246,12682.724000000002,11916.5033,10732.66095,15122.096101334106,1001.9652497926454,922.7065882012984,72.07729693187122,HOLD,0
2020-11-15 05:30:00,16069.56,16180.0,15774.72,15957.0,43596.841513,825.7307142857146,9.677652883410428,-0.0070845774181780286,12787.292,11960.131000000001,10768.553100000001,15226.459088667343,975.111721202542,933.1876148015472,70.92395137218423,HOLD,0
2020-11-16 05:30:00,15957.0,16880.0,15864.0,16713.57,81300.675924,852.9485714285718,9.723976243294935,0.0463233598845072,12906.078399999999,12009.652599999998,10809.02095,15412.347952583925,1003.3134099572744,947.2127738326926,77.32082848370348,HOLD,0
2020-11-17 05:30:00,16713.08,17858.82,16538.0,17659.38,115221.403102,891.4985714285716,9.779022365953896,0.05504612265896114,13045.343599999998,12069.4296,10853.18305,15693.226958510935,1089.4242098653158,975.6550610392173,79.02888157548057,HOLD,0
2020-11-18 05:30:00,17659.38,18476.93,17214.45,17776.12,149019.788134,929.2471428571431,9.785611262531694,0.006588896577797598,13184.0564,12128.2616,10897.203399999999,15953.588588697068,1153.7874381708716,1011.2815364655482,79.01634996237253,HOLD,0
2020-11-19 05:30:00,17777.75,18179.8,17335.65,17802.82,93009.561008,871.2264285714285,9.787112150698242,0.0015008881665483642,13324.581,12192.368999999999,10941.746700000002,16184.742515109934,1193.1958086305422,1047.664390898547,72.86224382260681,HOLD,0
2020-11-20 05:30:00,17802.81,18815.22,17740.04,18655.67,88423.018489,891.3107142857143,9.833905400314528,0.04679324961628595,13485.3118,12263.2824,10990.665250000002,16493.608450721193,1278.5072577527262,1093.832964269383,77.06492413989723,HOLD,0
2020-11-21 05:30:00,18655.66,18965.9,18308.58,18703.8,75577.458394,837.597857142857,9.836481990754766,0.002576590440238391,13647.9798,12332.520400000001,11039.0751,16769.882394381042,1334.6162591133816,1141.9896232381827,89.09992191084953,HOLD,0
2020-11-22 05:30:00,18703.8,18750.0,17610.86,18414.43,81645.737778,851.3849999999999,9.820889875372687,-0.01559211538207883,13805.4272,12399.0593,11085.43265,16975.45084508341,1340.2833540926586,1181.648369409078,81.94055963053516,HOLD,0
2020-11-23 05:30:00,18413.88,18766.0,18000.0,18368.0,82961.506093,832.2092857142856,9.818365299119293,-0.002524576253394528,13959.4546,12464.2153,11127.34065,17149.519489447986,1325.7456837306381,1210.46783227339,83.76579374759774,HOLD,0
2020-11-24 05:30:00,18368.01,19418.97,18018.0,19160.01,113581.509241,904.5971428571428,9.860580573445384,0.04221527432609129,14126.810599999999,12536.7054,11174.14065,17400.83080326699,1362.4278430341183,1240.8598344255356,86.70607016610285,HOLD,0
2020-11-25 05:30:00,19160.0,19484.21,18500.27,18719.11,93266.576887,925.4271428571427,9.837300206166349,-0.023280367279035374,14289.1996,12601.0852,11220.039200000001,17565.615702858617,1340.4696733370292,1260.7818022078345,78.54644851918951,HOLD,0
2020-11-26 05:30:00,18718.83,18915.03,16188.0,17149.47,181005.246693,1055.9249999999997,9.749722548326467,-0.0875776578398817,14418.861200000001,12653.1298,11262.172700000001,17513.597490001288,1182.7765241631023,1245.1807465988882,56.83061763164477,CLOSE_STOP,-1
2020-11-27 05:30:00,17149.47,17457.62,16438.08,17139.52,85297.024787,1091.0599999999995,9.749142187092188,-0.0005803612342791808,14543.1402,12706.979099999999,11305.0627,17466.837803751125,1044.9550936232663,1205.135616003764,56.541349779510455,HOLD,0
2020-11-28 05:30:00,17139.53,17880.49,16865.56,17719.85,64910.69997,1116.6271428571424,9.782440759111957,0.03329857201976871,14676.5244,12765.6421,11349.608,17498.464328282233,971.3611512501957,1158.3807230530504,62.51654302400407,HOLD,0
2020-11-29 05:30:00,17719.84,18360.05,17517.0,18184.99,55329.016303,1147.896428571428,9.808351807517171,0.025911048405214743,14814.3598,12832.178600000001,11393.986099999998,17584.280037246954,939.7376220262777,1114.652102847696,66.05048288541144,HOLD,0
2020-11-30 05:30:00,18185.0,19863.16,18184.99,19695.87,115463.466888,1195.1942857142851,9.888164248077514,0.07981244056034242,14980.896799999999,12912.5077,11443.50555,17848.228782591086,1024.778131927469,1096.6773086636506,69.37846983968562,HOLD,0
2020-12-01 05:30:00,19695.87,19888.0,18001.12,18764.96,127698.762652,1235.6271428571422,9.839746579938819,-0.04841766813869519,15125.631,12983.676,11490.748249999999,17962.8201847672,1005.4663019990294,1078.4351073307264,57.197805202617715,HOLD,0
2020-12-02 05:30:00,18764.96,19342.0,18330.0,19204.09,75911.013478,1217.7357142857138,9.86287855616349,0.023131976224672002,15281.301599999999,13058.2349,11539.862350000001,18117.9789116713,1013.9079588699169,1065.5296776385646,58.92216930734272,HOLD,0
2020-12-03 05:30:00,19204.08,19598.0,18867.2,19421.9,66689.391279,1209.6392857142853,9.874156574340715,0.01127801817722407,15441.3818,13139.269700000003,11588.57165,18280.969047712388,1026.3424426420388,1057.6922306392596,59.88029506388008,HOLD,0
2020-12-04 05:30:00,19422.34,19527.0,18565.31,18650.52,71283.6682,1201.5328571428565,9.833629306720798,-0.04052726761991643,15584.2898,13211.160599999997,11633.1546,18327.162916748337,962.8537624903729,1038.7245370094822,49.968256942484054,LONG,1
2020-12-05 05:30:00,18650.51,19177.0,18500.0,19147.66,42922.748573,1202.9385714285709,9.859935793931106,0.026306487210307594,15740.856600000001,13289.333400000001,11680.015249999999,18429.725052154794,941.7971183545633,1019.3390532784985,52.59233128762695,HOLD,0
2020-12-06 05:30:00,19147.66,19420.0,18857.0,19359.4,37043.091861,1161.7857142857138,9.870933368614777,0.010997574683671019,15900.840600000001,13367.6583,11729.2551,18545.934420635444,931.4579570703281,1001.7628340368644,55.56953057680951,HOLD,0
2020-12-07 05:30:00,19358.67,19420.91,18902.88,19166.9,41372.296293,1144.0735714285709,9.860940111956275,-0.009993256658502148,16054.115799999998,13444.6689,11779.74635,18623.555118056014,897.3864437328775,980.8875559760671,54.62891073137833,HOLD,0
2020-12-08 05:30:00,19166.9,19294.84,18200.0,18324.11,61626.947614,1122.2071428571421,9.815972958044716,-0.04496715391155881,16185.5686,13510.798399999998,11825.516899999999,18586.12447829901,793.2345008760931,943.3569449560724,45.18504096660923,HOLD,0
2020-12-09 05:30:00,18324.11,18639.57,17650.0,18541.28,79585.553801,1122.609285714285,9.8277548766504,0.011781918605684893,16318.1944,13579.716100000001,11872.327550000002,18580.518918511632,719.9183689982601,898.66922976451,48.948561522424725,REVERSE_LONG_TO_SHORT,-2
2020-12-10 05:30:00,18541.29,18557.32,17911.12,18254.63,52890.675094,973.978571428571,9.812174025464719,-0.015580851185681865,16427.6678,13643.0427,11919.999000000002,18539.78280369768,631.4060905298938,845.2166019175868,57.70305233692803,REVERSE_SHORT_TO_LONG,2
2020-12-11 05:30:00,18254.81,18292.73,17572.33,18036.53,72610.724259,952.6114285714282,9.800154424782322,-0.012019600682396714,16529.028000000002,13709.5226,11965.6799,18476.876203235468,537.4650622081826,783.666293975706,56.07592861777889,HOLD,0
2020-12-12 05:30:00,18036.53,18948.66,18020.7,18808.69,49519.978432,946.3992857142852,9.842074276063348,0.041919851281026155,16646.7404,13796.201000000001,12015.51745,18518.352927831034,519.3363925862359,730.800313697812,57.18848616887833,HOLD,0
2020-12-13 05:30:00,18808.69,19411.0,18711.12,19174.99,56560.821744,936.1728571428567,9.861362104722936,0.019287828659587447,16768.0056,13883.4884,12065.37205,18600.432561852154,528.4351683230452,690.3272846228588,56.62237479698073,HOLD,0
2020-12-14 05:30:00,19174.99,19349.0,19000.0,19273.14,47257.201294,841.2321428571425,9.866467695720818,0.0051055909978821035,16892.8918,13974.5529,12113.8583,18684.520991620637,537.37141520148,659.736110738583,46.5132391829005,HOLD,0
2020-12-15 05:30:00,19273.69,19570.0,19050.0,19426.43,61834.366011,743.5978571428568,9.874389788999904,0.00792209327908644,17020.3766,14066.255199999998,12163.8551,18777.259617668056,550.4771195626308,637.8843125033925,56.25881146261291,HOLD,0
2020-12-16 05:30:00,19426.43,21560.0,19278.6,21335.52,114306.33557,834.2692857142855,9.968128568420934,0.09373877942102915,17174.3636,14175.875999999998,12222.0441,19097.04216545955,706.763957799285,651.660241562571,65.77838907831638,HOLD,0
2020-12-17 05:30:00,21335.52,23800.0,21230.0,22797.16,184882.476748,965.6407142857141,10.034391245780608,0.06626267735967417,17364.9788,14302.581100000001,12288.78855,19559.556894777106,937.7546833943925,708.8791299289353,71.10038634175615,HOLD,0
2020-12-18 05:30:00,22797.15,23285.18,22350.0,23107.39,79646.134315,963.7471428571428,10.047907758768412,0.013516512987804319,17558.0126,14431.463,12353.32165,20003.036032929966,1132.791352354725,793.6615744140933,79.56680089426094,HOLD,0
2020-12-19 05:30:00,23107.39,24171.47,22750.0,23821.61,86045.064677,1016.9235714285714,10.078348430885457,0.030440672117045153,17763.2428,14566.3104,12424.8395,20480.35777881372,1329.6633710290043,900.8619337370756,80.13884393018856,HOLD,0
2020-12-20 05:30:00,23821.6,24295.0,23060.0,23455.52,76690.145685,1064.9235714285714,10.062861140629787,-0.015487290255670416,17956.533199999998,14696.986700000001,12493.7859,20852.253056462003,1439.551210491427,1008.5997890879459,75.89733927808223,HOLD,0
2020-12-21 05:30:00,23455.54,24102.77,21815.0,22719.71,88030.297243,1191.3335714285715,10.030988108669119,-0.03187303196066793,18135.6974,14819.774599999999,12558.43915,21085.68517440425,1450.5434355917168,1096.9885183887,71.01834071055609,HOLD,0
2020-12-22 05:30:00,22719.88,23837.1,22353.4,23810.79,87033.12616,1219.1092857142855,10.077894118266899,0.04690600959778024,18340.925799999997,14954.554200000002,12629.3873,21426.323277603722,1529.6628890396132,1183.5233925188827,81.5327161671636,HOLD,0
2020-12-23 05:30:00,23810.79,24100.0,22600.0,23232.76,119047.259733,1255.5685714285714,10.05331863058807,-0.024575487678829333,18525.110399999998,15080.164100000002,12697.2196,21652.12786790326,1528.108353831678,1252.440384781442,75.88876969464198,HOLD,0
2020-12-24 05:30:00,23232.39,23794.43,22703.42,23729.2,69013.834252,1287.3407142857143,10.074461636261443,0.02114300567337324,18716.8142,15209.603000000001,12767.13065,21911.76188441535,1549.0781242091434,1311.7679326669822,79.52641837717606,HOLD,0
2020-12-25 05:30:00,23728.99,24789.86,23433.6,24712.47,79519.943569,1332.759285714286,10.115063253517588,0.04060161725614542,18899.2632,15347.1876,12841.782949999999,22261.850398863433,1626.2916124056283,1374.6726686147117,83.26062695549929,HOLD,0
2020-12-26 05:30:00,24712.47,26867.03,24500.0,26493.39,97806.513386,1435.5500000000004,10.184650546898224,0.06958729338063563,19117.5326,15502.721599999999,12925.38775,22790.792849005506,1810.320965124749,1461.8023279167194,84.78952534098232,HOLD,0
2020-12-27 05:30:00,26493.4,28422.0,25700.0,26281.66,148455.586214,1579.987142857143,10.176626636509297,-0.00802391038892658,19346.7998,15656.204300000001,13007.37105,23227.15124287982,1916.9829256297598,1552.8384474593277,82.62936880566463,HOLD,0
2020-12-28 05:30:00,26281.54,27500.0,26101.0,27079.41,79721.742496,1654.987142857143,10.206528939491967,0.029902302982669937,19578.886,15816.1919,13096.366100000001,23708.68358751984,2042.3422060752273,1650.7391991825077,83.67793856383183,HOLD,0
2020-12-29 05:30:00,27079.42,27410.0,25880.0,27385.0,69411.592606,1727.1300000000003,10.217750697217822,0.011221757725854431,19820.0178,15980.8391,13185.965450000002,24168.223139079862,2141.6611613407586,1748.923591614158,83.88964638571812,HOLD,0
2020-12-30 05:30:00,27385.0,28996.0,27320.0,28875.54,95356.057826,1683.887142857143,10.27075014894793,0.05299945173010734,20091.5844,16165.4223,13282.976449999998,24756.63774669488,2313.972238413862,1861.933320974099,83.29415172555092,HOLD,0
2020-12-31 05:30:00,28875.55,29300.0,27850.0,28923.63,75508.505152,1603.887142857143,10.27241418706809,0.0016640381201611376,20356.372199999998,16349.3625,13380.884100000001,25277.51177835802,2426.4399798424893,1974.834652747777,80.9111999346101,HOLD,0
2021-01-01 05:30:00,28923.63,29600.0,28624.57,29331.69,54182.925011,1606.762142857143,10.28642378049563,0.014009593427539713,20617.1688,16540.2648,13480.412450000002,25784.28405606327,2519.45578888381,2083.7588799749838,81.09780347375298,HOLD,0
2021-01-02 05:30:00,29331.7,33300.0,28946.53,32178.33,129993.873362,1816.1907142857144,10.37904852361243,0.0926247431168008,20934.3214,16754.6849,13593.67615,26583.53979905536,2790.702069028619,2225.147517785711,84.41800850738547,HOLD,0
2021-01-03 05:30:00,32176.45,34778.11,31962.99,33000.05,120957.56675,1929.0564285714286,10.404264355598984,0.02521583198655364,21272.913399999998,16977.8187,13711.3507,27385.603574173438,3036.964401688754,2387.5108945663196,87.88813933677207,HOLD,0
2021-01-04 05:30:00,33000.05,33600.0,28130.0,31988.71,140899.88569,2156.3585714285714,10.37313830702889,-0.031126048570094156,21593.547599999998,17190.4198,13824.36265,27960.991877401757,3114.618999622602,2532.9325155775764,86.00674373795758,HOLD,0
2021-01-05 05:30:00,31989.75,34360.0,29900.0,33949.53,116049.997038,2368.951428571429,10.432630289002944,0.05949198197405359,21938.266799999998,17422.1726,13947.559150000001,28709.559142726535,3296.383952424083,2685.622802946878,86.89245422802222,HOLD,0
2021-01-06 05:30:00,33949.53,36939.21,33288.0,36769.36,127139.20131,2522.6092857142858,10.512420168650232,0.07978987964728823,22320.4664,17682.905,14084.611200000001,29717.03424988572,3626.170465844909,2873.7323355264843,92.34755742757498,HOLD,0
2021-01-07 05:30:00,36769.36,40365.0,36300.0,39432.28,132825.700437,2735.037142857143,10.582340049191815,0.06991988054158327,22753.5896,17968.823,14235.29915,30931.439968650007,4055.652999541053,3110.1164683293982,93.26103270553774,HOLD,0
2021-01-08 05:30:00,39432.48,41950.0,36500.0,40582.81,139789.957499,3027.4471428571424,10.611099856916374,0.02875980772455833,23209.1894,18266.8852,14389.784749999999,32137.861222568758,4437.704067256942,3375.633988114907,93.32257071227657,HOLD,0
2021-01-09 05:30:00,40586.96,41380.0,38720.0,40088.22,75785.979675,3048.3735714285713,10.598837804551064,-0.012262052365310083,23637.8404,18561.5761,14542.101400000001,33131.65606974767,4647.005227806345,3629.9082360531947,89.91400545503123,HOLD,0
2021-01-10 05:30:00,40088.22,41350.0,35111.11,38150.02,118209.544503,3299.5799999999995,10.549281560958862,-0.049556243592201454,24026.764800000004,18837.3723,14686.369050000001,33758.95156102921,4603.416049002528,3824.609798643062,81.63778975103189,HOLD,0
2021-01-11 05:30:00,38150.02,38264.74,30420.0,35404.47,251156.138287,3759.9900000000002,10.47459336233677,-0.0746881986220913,24366.5656,19085.9964,14817.14395,33964.641365900556,4297.786167614897,3919.245072437429,70.10454772459214,HOLD,0
2021-01-12 05:30:00,35410.37,36628.0,32531.0,34051.24,133948.151996,3943.347142857143,10.435621727948348,-0.03897163438842277,24680.2304,19319.8425,14941.589100000001,33975.46619516299,3901.4049651873793,3915.6770509874195,65.32323835075849,CLOSE_STOP,-1
2021-01-13 05:30:00,34049.15,37850.0,32380.0,37371.38,124477.914938,4214.347142857143,10.528660449814833,0.09303872186648476,25044.457799999996,19585.6342,15083.386,34399.95542076761,3811.243909551151,3894.790422700166,68.0136597678026,HOLD,0
2021-01-14 05:30:00,37371.38,40100.0,36701.23,39144.5,102950.389421,4353.544999999999,10.575015206237063,0.046354756422230636,25452.9656,19871.0826,15233.52675,34993.02349317166,3838.617396906793,3883.5558175414917,70.19400798761117,HOLD,0
2021-01-15 05:30:00,39145.21,39747.76,34408.0,36742.22,118300.920916,4665.282857142856,10.511681781548958,-0.06333342468810521,25844.8206,20131.8409,15371.275050000002,35211.67305652521,3624.6840619642753,3831.7814664260486,63.5719468691703,LONG,1
2021-01-16 05:30:00,36737.43,37950.0,35357.8,35994.98,86348.431508,4539.477857142856,10.491134763270523,-0.020547018278435303,26221.929799999998,20382.535,15505.557200000003,35309.58642445956,3356.1566449926286,3736.656502139365,57.572264519070494,HOLD,0
2021-01-17 05:30:00,35994.98,36852.5,33850.0,35828.61,80157.727384,4552.862142857142,10.486502015240033,-0.004632748030489964,26584.105,20630.3147,15638.540250000002,35374.464371402115,3094.253436311221,3608.175888973736,55.761715885498994,HOLD,0
2021-01-18 05:30:00,35824.99,37469.83,34800.0,36631.27,70698.11875,4352.849999999999,10.508657526206505,0.02215551096647239,26953.030600000002,20883.695200000002,15776.263900000002,35531.565074976854,2917.8263248222356,3470.1059761434362,59.537881489784475,HOLD,0
2021-01-19 05:30:00,36622.46,37850.0,35844.06,35891.49,79611.307769,4177.5599999999995,10.488255499022445,-0.020402027184060145,27276.943000000003,21128.919899999997,15910.430049999999,35576.55569060475,2687.334584198994,3313.5516977545476,54.200387256861355,HOLD,0
2021-01-20 05:30:00,35901.94,36415.31,33400.0,35468.23,89368.422918,4132.138571428571,10.476392645197492,-0.01186285382495278,27611.0084,21368.319699999996,16042.0939,35563.014979279156,2442.360661098741,3139.3134904233866,46.8601878293638,HOLD,0
2021-01-21 05:30:00,35468.23,35600.0,30071.0,30850.13,135004.076658,4236.709999999999,10.336896243263068,-0.1394964019344247,27843.9292,21562.6154,16150.9975,34973.90435686926,1854.200913244138,2882.290974987537,31.075785940935077,HOLD,0
2021-01-22 05:30:00,30851.99,33826.53,28850.0,32945.17,142971.684049,4202.890714285713,10.402599943449951,0.06570370018688365,28114.3946,21777.8882,16269.00235,34720.3125622606,1539.3871972527122,2613.7102194405725,33.8319596131342,HOLD,0
2021-01-23 05:30:00,32950.0,33456.0,31390.16,32078.0,64595.287675,4160.450714285714,10.375925715897324,-0.026674227552627272,28382.944199999998,21983.617000000002,16383.1054,34390.02349197803,1206.019446008686,2332.172064754195,33.306574569838276,HOLD,0
2021-01-24 05:30:00,32078.0,33071.0,30900.0,32259.9,57978.037966,3869.887142857143,10.381580251860385,0.005654535963060425,28645.189,22193.0228,16497.2246,34123.75805548077,945.6006158772216,2054.8577749788005,36.7553463237728,HOLD,0
2021-01-25 05:30:00,32259.45,34875.0,31910.0,32254.2,88499.226921,3521.334285714285,10.381403546302534,-0.00017670555785009867,28903.085,22401.9628,16612.333450000002,33890.063298545676,730.3379926588168,1789.953818514804,41.920723184613855,HOLD,0
2021-01-26 05:30:00,32254.19,32921.88,30837.37,32467.77,84972.20691,3377.584999999999,10.388003183957984,0.006599637655449797,29169.102399999996,22611.6091,16728.2306,33712.27663622747,570.3989232693639,1546.042839465716,45.68685570590636,HOLD,0
2021-01-27 05:30:00,32464.01,32557.29,29241.72,30366.15,95911.961711,3223.6971428571424,10.321083780165162,-0.0669194037928218,29409.9432,22797.755900000004,16833.891200000002,33294.010806699036,270.9396646506284,1291.0222045026987,29.562061897056864,HOLD,0
2021-01-28 05:30:00,30362.19,33783.98,29842.1,33364.86,92621.145617,3262.490714285715,10.415258529315116,0.09417474914995339,29706.4148,23012.3046,16954.20175,33302.86695586165,272.4462892125812,1087.3070214446752,34.26315388217867,REVERSE_LONG_TO_SHORT,-2
2021-01-29 05:30:00,33368.18,38531.9,31915.4,34252.2,231827.005626,3353.6864285714287,10.441506075204126,0.026247545889010127,30026.366199999997,23227.017000000003,17079.24965,33421.533586378944,341.30684931995347,938.1069870197309,42.61054126015076,HOLD,0
2021-01-30 05:30:00,34246.28,34933.0,32825.0,34262.88,84889.68134,3319.1007142857147,10.441817831392296,0.00031175618816980943,30350.8932,23439.960600000002,17204.2848,33526.701888081574,392.2198596682283,828.9295615494304,44.62478044178525,HOLD,0
2021-01-31 05:30:00,34262.89,34342.69,32171.67,33092.98,68742.280384,3259.709285714286,10.407076454279892,-0.03474137711240388,30636.578999999998,23641.659700000004,17323.7617,33472.48665207138,334.31387222408375,730.0064236843612,42.0082931016048,HOLD,0
2021-02-01 05:30:00,33092.97,34717.27,32296.16,33526.37,82718.276882,3241.9435714285714,10.420087572341027,0.013011118061134752,30923.606600000003,23845.8061,17445.72495,33479.22207056246,319.70851029805635,647.9468410071003,40.72951649811062,HOLD,0
2021-02-02 05:30:00,33517.09,35984.33,33418.0,35466.24,78056.65988,3281.971428571429,10.47633653707402,0.05624896473299401,31247.468600000004,24070.1802,17577.284549999997,33727.59931174215,459.3696254808092,610.2313979018421,48.8152120916626,HOLD,0
2021-02-03 05:30:00,35472.71,37662.63,35362.38,37618.87,80784.333663,3230.895714285715,10.535261065189648,0.058924528115626984,31611.317399999996,24315.847,17719.5275,34214.00814777439,735.2755177125364,635.240221863981,55.46524073955484,HOLD,0
2021-02-04 05:30:00,37620.26,38708.27,36161.95,36936.66,92080.735898,3017.8471428571434,10.51695983277312,-0.018301232416527924,31923.3402,24548.851899999998,17858.16585,34554.33962930259,888.6405840740044,685.9202943059856,69.33492505907029,HOLD,0
2021-02-05 05:30:00,36936.65,38310.12,36570.0,38290.24,66681.334275,2786.675,10.552950312406777,0.0359904796336572,32233.201799999995,24799.090299999996,18003.813149999998,35021.327175639766,1106.6493331141974,770.0661020676281,67.81895511949047,HOLD,0
2021-02-06 05:30:00,38289.32,40955.51,38215.94,39186.94,98757.311183,2834.798571428572,10.576098807002037,0.023148494595259805,32554.792800000003,25056.4027,18152.79785,35542.02877868479,1336.3741440931044,883.3277104727234,73.65263045821746,HOLD,0
2021-02-07 05:30:00,39181.01,39700.0,37351.0,38795.69,84363.679763,2847.5128571428577,10.566064436967023,-0.010034370035013396,32854.2744,25308.758599999997,18299.1855,35948.73643134919,1469.9178091723807,1000.6457302126548,71.44689131497691,HOLD,0
2021-02-08 05:30:00,38795.69,46794.45,37988.89,46374.87,138597.536914,3264.6957142857145,10.744512996671306,0.17844855970428242,33312.661400000005,25634.5973,18483.0435,37252.003127430544,2162.4017882610133,1232.9969418223266,80.95195091060617,CLOSE_STOP,1
2021-02-09 05:30:00,46374.86,48142.19,44961.09,46420.42,115499.861712,3343.0235714285727,10.74549472761171,0.000981730940404546,33786.6756,25961.1865,18667.456599999998,38398.05523650173,2683.937079133757,1523.1849692846126,80.81060443120296,HOLD,0
2021-02-10 05:30:00,46420.42,47310.0,43727.0,44807.58,97154.1822,3362.125714285715,10.710132600519547,-0.035362127092163576,34206.6114,26273.7686,18842.9924,39199.24583193901,2933.301571080956,1805.2082896438812,82.59352897444823,HOLD,0
2021-02-11 05:30:00,44807.58,48678.9,43994.02,47969.51,89561.081454,3415.1971428571437,10.778320879726408,0.06818827920686132,34701.346399999995,26613.228400000004,19033.18225,40295.528852946634,3347.4784058420846,2113.6623128835217,82.72083451889925,HOLD,0
2021-02-12 05:30:00,47968.66,48985.8,46125.0,47287.6,85870.035697,3146.932857142858,10.764003383662812,-0.01431749606359567,35172.5144,26944.664299999997,19214.47045,41169.5377463283,3579.4306449758224,2406.815979301982,79.4763567753064,HOLD,0
2021-02-13 05:30:00,47298.15,48150.0,46202.53,47153.69,63768.097399,3135.4664285714293,10.761167545868947,-0.0028358377938655366,35621.3388,27260.301,19395.707550000003,41917.556778037266,3709.6860956364326,2667.390002568872,78.98785015414992,HOLD,0
2021-02-14 05:30:00,47156.78,49707.43,47014.17,48577.79,73735.475533,3172.7692857142865,10.790921709549368,0.02975416368042083,36063.0268,27590.279700000003,19583.09385,42750.0859307826,3883.065880676666,2910.525178190431,84.42744357809691,HOLD,0
2021-02-15 05:30:00,48580.47,49010.92,45570.79,47911.1,79398.156784,3245.5564285714295,10.777102489329732,-0.013819220219636108,36495.6156,27921.2077,19767.151299999998,43395.212689434775,3921.470032709025,3112.71414909415,81.65326209657012,HOLD,0
2021-02-16 05:30:00,47911.1,50689.18,47003.62,49133.45,88813.266298,3325.501428571429,10.802295344557624,0.025192855227892608,36936.6964,28257.7912,19956.14125,44112.49235325543,4004.379040338834,3291.0471273430867,81.05502291996802,HOLD,0
2021-02-17 05:30:00,49133.45,52618.74,48947.0,52119.71,85743.637818,3423.4650000000006,10.861298467140417,0.0590031225827925,37431.3906,28625.7042,20157.73395,45113.3945590985,4261.922461811322,3485.222194236734,81.74653632512876,HOLD,0
2021-02-18 05:30:00,52117.67,52530.0,50901.9,51552.6,60758.046954,3357.877857142858,10.850357924642678,-0.010940542497738903,37884.9318,28988.2581,20360.1402,45918.295239211184,4369.893034625253,3662.1563623144384,82.16060476971715,HOLD,0
2021-02-19 05:30:00,51552.61,56368.0,50710.2,55906.0,79659.77802,3637.7121428571436,10.931426987909191,0.0810690632665132,38424.5792,29390.475700000003,20583.57115,47166.75833430979,4751.965785010812,3880.1182468537136,84.24102307724007,HOLD,0
2021-02-20 05:30:00,55906.0,57700.46,53863.93,55841.19,80948.205314,3716.0664285714292,10.930267048097432,-0.001159939811758548,38954.7692,29785.968999999997,20806.81725,48251.06229252106,4991.987047734408,4102.492007029853,83.45397124857732,HOLD,0
2021-02-21 05:30:00,55841.19,58352.8,55477.59,57408.57,58166.708511,3753.652857142858,10.957948874298943,0.027681826201510162,39459.374,30196.8477,21035.135550000003,49395.75075595593,5248.182315706072,4331.630068765096,85.70142346269789,HOLD,0
2021-02-22 05:30:00,57412.35,57508.47,47622.0,54087.67,134019.434944,3830.8607142857154,10.898361527583436,-0.059587346715506584,39881.1264,30577.0199,21246.7616,49982.24066146144,5124.181658809721,4490.140386774021,67.68249458713181,HOLD,0
2021-02-23 05:30:00,54087.67,54183.59,44892.56,48891.0,169375.025051,4267.284285714287,10.797348609444098,-0.10101291813933777,40219.1722,30906.359899999996,21433.24545,49845.83557877876,4554.085740628136,4502.929457544844,54.58189201439452,HOLD,0
2021-02-24 05:30:00,48891.0,51374.99,46988.69,49676.2,91881.209252,4324.662857142857,10.813281224148875,0.015932614704777137,40533.7056,31235.9862,21622.819400000004,49824.631131431415,4118.168018512901,4425.977169738456,59.315216002069434,HOLD,0
2021-02-25 05:30:00,49676.21,52041.73,46674.34,47073.73,83310.673121,4373.413571428572,10.7594703749352,-0.05381084921367574,40739.793,31530.1297,21799.779649999997,49480.76849000248,3522.1019055335855,4245.202116897482,48.24859344719229,HOLD,0
2021-02-26 05:30:00,47073.73,48424.11,44106.78,46276.87,109423.200663,4477.4514285714295,10.742397547214082,-0.01707282772111718,40876.6848,31815.1372,21971.699399999998,49080.28117875217,2951.393447723196,3986.4403830626247,48.0326890534181,HOLD,0
2021-02-27 05:30:00,46276.88,48394.0,45000.0,46106.43,66060.834292,4580.775000000001,10.738707698651018,-0.003689848563064757,40987.1572,32098.173299999995,22145.271149999997,48708.54978140815,2457.0267249632234,3680.5576514427444,47.9644807468637,HOLD,0
2021-02-28 05:30:00,46103.67,46638.46,43000.0,45135.66,83055.369042,4648.289285714286,10.717427900423615,-0.021279798227402225,41088.106,32362.973199999997,22313.1278,48261.93855873213,1964.2617230861724,3337.29846577143,43.18964865691569,HOLD,0
2021-03-01 05:30:00,45134.11,49790.0,44950.53,49587.03,85086.111648,4748.242142857144,10.811484586582557,0.09405668615894136,41316.8462,32671.805500000002,22502.162949999998,48427.574988890614,1910.9025709251,3052.019286802164,52.88396643858978,HOLD,0
2021-03-02 05:30:00,49595.76,50200.0,47047.6,48440.65,64221.06214,4710.159285714287,10.788094616239261,-0.023389970343295374,41577.5698,32972.0677,22685.563499999997,48429.20936527929,1755.8711830960601,2792.7896660609435,48.80469371656749,HOLD,0
2021-03-03 05:30:00,48436.61,52640.0,48100.71,50349.37,81035.913705,4772.127142857144,10.82674138565532,0.038646769416057936,41903.5324,33291.8814,22878.04835,48669.22944461938,1766.6604811434372,2587.5638290774423,46.827629658725684,HOLD,0
2021-03-04 05:30:00,50349.37,51773.88,47500.0,48374.09,82649.716829,4961.111428571429,10.786719618785638,-0.04002176686968184,42123.5866,33584.0222,23060.3638,48632.33701404196,1597.4085581760737,2389.5327748971686,44.57789233606214,HOLD,0
2021-03-05 05:30:00,48374.09,49448.93,46300.0,48751.71,78192.496372,4781.9064285714285,10.794495552733888,0.007775933948250824,42315.7308,33884.3482,23242.7167,48647.258637286715,1476.7232218549034,2206.970864288716,35.88054724575258,HOLD,0
2021-03-06 05:30:00,48746.81,49200.0,47070.0,48882.2,44399.234242,4660.011428571429,10.797168601015946,0.0026730482820571666,42558.5304,34201.675500000005,23427.402649999996,48676.62630762588,1375.7498874510857,2040.72666892119,36.30149740852067,HOLD,0
2021-03-07 05:30:00,48882.2,51450.03,48882.2,50971.75,55235.028032,4638.055714285715,10.839026836666607,0.04185823565066116,42858.065800000004,34539.997800000005,23623.488449999997,48963.51676917264,1447.6494130611973,1922.1112177491914,37.58459760395514,HOLD,0
2021-03-08 05:30:00,50959.11,52402.78,49274.67,52375.17,66987.359664,4155.315714285714,10.86618790304256,0.02716106637595317,43188.997,34886.551,23826.09655,49389.97342302606,1599.4372532051639,1857.576424840386,46.433070446285896,HOLD,0
2021-03-09 05:30:00,52375.18,54895.0,51789.41,54884.5,71656.737076,3713.4985714285717,10.912986256122737,0.046798353080177435,43554.0616,35253.54610000001,24042.86235,50076.789245147804,1900.3066179537927,1866.1224634630673,64.05743530085046,HOLD,0
2021-03-10 05:30:00,54874.67,57387.69,53005.0,55851.59,84749.238943,3713.240714285715,10.930453273205806,0.01746701708306908,43953.263600000006,35615.1033,24263.805500000002,50798.63933950433,2191.521343976754,1931.2022395658046,64.36151236826035,HOLD,0
2021-03-11 05:30:00,55851.59,58150.0,54272.82,57773.16,81914.812859,3606.797142857143,10.964279586950449,0.03382631374464218,44399.362199999996,36005.185300000005,24494.43065,51670.454422066294,2547.9940627243486,2054.5606041975134,75.69644683266014,HOLD,0
2021-03-12 05:30:00,57773.15,58081.51,54962.84,57221.72,73405.406047,3521.178571428572,10.95468882557211,-0.009590761378339252,44926.794,36385.3616,24721.798250000003,52364.36261930801,2754.2553202875715,2194.499547415525,76.5994263485936,HOLD,0
2021-03-13 05:30:00,57221.72,61844.0,56078.23,61188.39,83245.091346,3690.5907142857145,11.021712744621627,0.0670239190495181,45491.65840000001,36803.0265,24971.148100000002,53467.366041894515,3200.8980113096113,2395.7792401943425,80.94408220043742,HOLD,0
2021-03-14 05:30:00,61188.38,61724.79,58966.78,58968.31,52601.05275,3627.701428571429,10.984755459943896,-0.036957284677731295,46029.4646,37206.2044,25208.6825,54154.9840366577,3337.2538745170823,2584.0741670588905,76.99684726302849,HOLD,0
2021-03-15 05:30:00,58976.08,60633.43,54600.0,55605.2,102771.427298,3712.984285714286,10.926032001045323,-0.058723458898573,46496.370599999995,37570.7798,25430.056599999996,54336.26103207548,3137.771728887412,2694.8136794245947,62.26658377750373,HOLD,0
2021-03-16 05:30:00,55605.2,56938.29,53271.34,56900.75,77986.694355,3749.7378571428576,10.949063801046886,0.02303180000156324,46989.3016,37946.1933,25656.9258,54656.822153066045,3049.072934119009,2765.665530363478,67.13964226788416,HOLD,0
2021-03-17 05:30:00,56900.74,58974.73,54123.69,58912.97,70421.620841,3772.005714285715,10.983816549133538,0.03475274808665141,47518.20560000001,38343.654,25894.16145,55188.84063393279,3105.3512808489686,2833.6026804605763,67.27687300622753,HOLD,0
2021-03-18 05:30:00,58912.97,60129.97,57023.0,57648.16,66580.406675,3688.655000000001,10.962113608448913,-0.02170294068462475,48063.8458,38736.8945,26123.84645,55496.25555469119,3013.1588598442468,2869.5139163373105,69.26242940728079,HOLD,0
2021-03-19 05:30:00,57641.0,59468.0,56270.74,58030.01,52392.652961,3692.107142857144,10.968715569509298,0.006601961060384909,48557.148799999995,39131.7818,26355.74895,55812.97486035479,2937.05130652323,2883.021394374495,69.26782953817681,HOLD,0
2021-03-20 05:30:00,58030.01,59880.0,57820.17,58102.28,44476.941776,3687.095000000001,10.969960184755054,0.0012446152457563642,49034.1504,39530.2583,26586.6505,56099.13800281045,2849.7173396019425,2876.360583419985,69.19333726356179,HOLD,0
2021-03-21 05:30:00,58100.02,58589.1,55450.11,57351.56,48564.470274,3727.892142857144,10.956955323582509,-0.01300486117254529,49495.924000000006,39923.4086,26816.4656,56255.690752459144,2688.9313844402204,2838.874743624032,64.06475624257885,HOLD,0
2021-03-22 05:30:00,57351.56,58430.73,53650.0,54083.25,62581.626169,3845.9364285714296,10.898279805064991,-0.058675518517517844,49915.7294,40276.154200000004,27036.177600000003,55984.13565840175,2271.5965035079353,2725.419095600813,53.479483821972856,HOLD,0
2021-03-23 05:30:00,54083.25,55830.9,53000.0,54340.89,59789.365427,3826.315714285716,10.903032261204698,0.004752456139707206,50332.0198,40627.8132,27255.6508,55778.72995110153,1939.2900696891083,2568.1932904184723,48.78077882487721,HOLD,0
2021-03-24 05:30:00,54342.8,57200.0,51700.0,52303.65,83537.465021,3906.1235714285726,10.86482143729278,-0.03821082391191766,50668.768,40958.118299999995,27466.335600000002,55344.34495721384,1494.3209825696322,2353.4188288487044,42.40708147930019,HOLD,0
2021-03-25 05:30:00,52303.66,53287.0,50427.56,51293.78,87400.534538,3833.4278571428586,10.845324776244428,-0.019496661048352237,50942.26619999999,41276.7918,27671.523499999996,54838.02433756211,1048.1097492701083,2092.357012932985,35.57045365668111,HOLD,0
2021-03-26 05:30:00,51293.78,55073.46,51214.6,55025.59,63813.774692,3886.2985714285724,10.915553628736088,0.07022885249165967,51304.0448,41613.6925,27894.784250000004,54861.47004536685,984.264028032354,1870.738415952859,45.716063615420474,HOLD,0
2021-03-27 05:30:00,55025.59,56700.36,53950.0,55817.14,50105.475055,3670.9121428571443,10.92983626966161,0.014282640925522117,51654.5828,41943.89229999999,28123.236699999998,54980.928789695994,986.1693572274817,1693.8246042077835,38.041049951841366,HOLD,0
2021-03-28 05:30:00,55817.14,56559.75,54691.84,55777.63,39050.387511,3607.3335714285727,10.929128171931747,-0.0007080977298628,51986.3966,42270.594699999994,28351.02885,55080.51644098399,973.2719444062532,1549.7140722474776,42.132058554599766,HOLD,0
2021-03-29 05:30:00,55777.65,58405.82,54800.01,57635.47,67857.937398,3433.9321428571443,10.961893455768932,0.032765283837184356,52363.1922,42608.7333,28587.52185,55399.88563586099,1100.2794763052225,1459.8271530590266,55.407941638223264,HOLD,0
2021-03-30 05:30:00,57635.46,59368.0,57071.35,58746.57,55122.443122,3336.0535714285725,10.98098804732333,0.01909459155439741,52610.6262,42961.6438,28829.31525,55818.22118137837,1275.8827622510726,1423.038274897436,54.965421585495896,HOLD,0
2021-03-31 05:30:00,58746.57,59800.0,56769.0,58740.55,60975.542666,3206.0507142857155,10.980885568004656,-0.0001024793186736872,52857.0288,43321.852199999994,29070.8134,56183.51228370608,1398.44348186961,1418.119316291871,49.48005312251592,HOLD,0
2021-04-01 05:30:00,58739.46,59490.0,57935.45,58720.44,47415.61722,3095.1635714285726,10.980543156448334,-0.00034241155632130926,53135.28599999999,43670.9487,29312.75145,56500.628248242814,1476.925943315815,1429.88064169666,53.49599369842147,HOLD,0
2021-04-02 05:30:00,58720.45,60200.0,58428.57,58950.01,47382.418781,2993.3185714285723,10.984445075600787,0.0039019191524527486,53354.89600000001,44028.1212,29554.14265,56806.80096721246,1539.8972627586772,1451.8839659090634,53.02959253297646,HOLD,0
2021-04-03 05:30:00,58950.01,59791.72,56880.0,57051.94,47409.852113,3054.167857142858,10.951717359970601,-0.03272771563018573,53550.1828,44361.348600000005,29785.4758,56837.4433463109,1420.2720883876027,1445.5615904047713,46.91246466651304,HOLD,0
2021-04-04 05:30:00,57051.95,58492.85,56388.0,58202.01,41314.081973,2980.3007142857155,10.971675169205646,0.019957809235044977,53771.1492,44696.244000000006,30021.7158,57008.014178022044,1402.1067000525727,1436.8706123343316,52.44259913572,HOLD,0
2021-04-05 05:30:00,58202.01,59272.0,56777.77,59129.99,54258.01579,2816.9792857142866,10.98749351969597,0.015818350490324207,53982.1932,45022.61,30262.665800000002,57273.26115576929,1445.9230288493054,1438.6810956373263,66.74612665727835,HOLD,0
2021-04-06 05:30:00,59129.99,59495.24,57413.02,57991.15,54201.000727,2763.502142857144,10.968045691679201,-0.019447828016769364,54183.7942,45339.704900000004,30497.9546,57362.99726129813,1372.926670740213,1425.5302106579038,61.443122640220004,HOLD,0
2021-04-07 05:30:00,57990.03,58655.0,55473.0,55953.45,71228.405659,2597.930714285715,10.932275374037427,-0.03577031764177363,54320.194200000005,45628.4453,30722.3186,57186.803853635865,1137.538336942598,1367.9318359148426,61.44135061730252,HOLD,0
2021-04-08 05:30:00,55953.44,58153.31,55700.0,58077.52,44283.147019,2568.9214285714293,10.9695339488625,0.037258574825072444,54439.3504,45935.3705,30958.1048,57298.143371931386,1109.5953593297381,1316.264540597822,69.87706455136589,HOLD,0
2021-04-09 05:30:00,58077.52,58894.9,57654.0,58142.54,40831.884911,2381.9242857142863,10.970652860809087,0.0011189119465875308,54571.1492,46228.040499999996,31196.731399999997,57403.69295043996,1080.2445323187494,1269.0605389420075,61.63262411876888,HOLD,0
2021-04-10 05:30:00,58142.55,61500.0,57900.01,59769.13,69906.424117,2442.612142857143,10.99824458591514,0.027591725106052678,54648.41180000001,46536.495500000005,31442.929000000004,57699.37258163496,1174.6948583663398,1250.187402826874,63.883691469307195,HOLD,0
2021-04-11 05:30:00,59769.13,60699.0,59232.52,60002.43,41156.715391,2413.938571428572,11.002140340384134,0.0038957544689939283,54731.6366,46843.202900000004,31691.733850000004,57987.25475893059,1253.9183917840637,1250.933600618312,64.64272147774756,HOLD,0
2021-04-12 05:30:00,59998.8,61300.0,59350.59,59860.0,56375.037117,2295.6242857142865,10.99976378140669,-0.002376558977443821,54780.665199999996,47120.0196,31937.35225,58221.34791406427,1290.3365060938668,1258.814181713423,58.750502522644005,HOLD,0
2021-04-13 05:30:00,59860.01,63777.77,59805.15,63575.0,82848.688746,2415.336428571429,11.059975590290321,0.06021180888363098,54970.411799999994,47425.769100000005,32201.7939,58890.554424806236,1600.5178035605786,1327.1549060828543,65.76396511341666,HOLD,0
2021-04-14 05:30:00,63575.01,64854.0,61301.0,62959.53,82616.343993,2452.6221428571434,11.050247418006242,-0.009728172284079406,55251.782400000004,47735.477300000006,32462.94855,59399.17637170546,1776.2004975466334,1416.96402437561,63.24705385883891,HOLD,0
2021-04-15 05:30:00,62959.53,63800.0,62020.0,63159.98,51649.70034,2468.7257142857147,11.053426151713417,0.003178733707175141,55521.458,48027.5818,32724.8772,59869.27682524227,1909.5923461391576,1515.4896887283196,63.78348740977711,HOLD,0
2021-04-16 05:30:00,63158.74,63520.61,60000.0,61334.8,91764.139884,2593.667142857143,11.02410266068058,-0.029323491032837268,55806.67939999999,48273.2362,32978.0706,60052.46722208698,1846.7414885277321,1581.7400486882023,56.73663021315615,HOLD,0
2021-04-17 05:30:00,61334.81,62506.05,59580.91,60006.66,58912.256128,2594.6257142857144,11.002210835044194,-0.02189182563638603,56081.275200000004,48478.98,33223.9015,60046.741319326116,1670.5053865412556,1599.4931162588132,58.62428080400509,HOLD,0
2021-04-18 05:30:00,60006.67,60499.0,50931.3,56150.01,124882.131824,3127.6864285714287,10.935782138260963,-0.06642869678323038,56282.146799999995,48634.651999999995,33450.768599999996,59559.649904410355,1205.7385785855658,1520.742208724164,44.82780002036617,HOLD,0
2021-04-19 05:30:00,56150.01,57526.81,54221.58,55633.14,78229.042267,3185.6149999999993,10.926534345840967,-0.009247792419996514,56492.096399999995,48790.101200000005,33675.838650000005,59068.83616635906,786.6326341349777,1373.9202938063268,40.999428077532315,HOLD,0
2021-04-20 05:30:00,55633.14,57076.24,53329.96,56425.0,72744.482151,3304.4764285714277,10.940667601685737,0.014133255844770432,56628.8558,48972.851,33905.11165,58738.35664556418,512.4771205724392,1201.6316591595494,45.89556013424374,HOLD,0
2021-04-21 05:30:00,56425.0,56757.91,53536.02,53787.63,66984.756909,3307.325714285714,10.892798794062363,-0.047868807623373755,56735.7954,49156.6826,34121.3395,58119.51581486865,81.45422965510079,977.5961732586597,44.496961135051635,HOLD,0
2021-04-22 05:30:00,53787.62,55521.48,50500.0,51690.96,104656.631337,3490.7664285714286,10.853038190275313,-0.03976060378704993,56762.627199999995,49333.07980000001,34326.46115,57315.94633801007,-424.425747327492,697.1917891414294,33.750038165996656,HOLD,0
2021-04-23 05:30:00,51690.95,52131.85,47500.0,51125.14,132230.780719,3732.977142857143,10.84203163172766,-0.011006558547652645,56817.6482,49470.617399999996,34528.1258,56542.09554575881,-861.0703361619744,385.53936408074867,32.5886521303308,HOLD,0
2021-04-24 05:30:00,51110.56,51166.22,48657.14,50047.84,55361.512573,3655.0550000000003,10.820734626968926,-0.021297004758734417,56843.570799999994,49579.6508,34725.3667,55730.313602538954,-1279.2964916743222,52.57219292973451,25.203966226774043,HOLD,0
2021-04-25 05:30:00,50047.84,50567.91,46930.0,49066.77,58255.645004,3810.1571428571433,10.800937302584847,-0.019797324384079218,56847.2622,49702.8963,34917.3686,54897.37065222159,-1670.6496734384127,-292.07218034389496,23.131426201506812,HOLD,0
2021-04-26 05:30:00,49066.76,54356.62,48753.44,54001.39,86310.802124,4071.1407142857142,10.896765065955865,0.09582776337101784,56907.855,49882.9604,35132.7477,54785.37307069389,-1564.581771134639,-546.5740985020439,38.349175717421566,HOLD,0
2021-04-27 05:30:00,54001.38,55460.0,53222.0,55011.97,54064.034675,3947.2392857142863,10.915306076898887,0.01854101094302152,56960.59100000001,50074.794,35352.55435,54813.69768685715,-1383.0340782056373,-713.8660944427626,30.918506732982607,HOLD,0
2021-04-28 05:30:00,55011.97,56428.0,53813.16,54846.22,55130.459015,3880.2278571428574,10.912288548105277,-0.003017528793609614,56959.8254,50256.94350000001,35570.31935,54817.76297600001,-1238.2570073557945,-818.744277025369,31.55087266745589,HOLD,0
2021-04-29 05:30:00,54846.23,55195.84,52330.94,53555.0,52486.019455,3957.720714285714,10.88846444219873,-0.023824105906546933,56913.893599999996,50433.5786,35781.24925,54659.91760400001,-1213.7197922186679,-897.7393800640289,29.19117296601688,HOLD,0
2021-04-30 05:30:00,53555.0,57963.0,53013.01,57694.27,68578.910045,4059.8192857142853,10.962913140805849,0.07444869860711911,56912.315800000004,50655.83899999999,36012.07935,55039.21165350001,-850.4657371429275,-888.2846514798086,42.831680462360175,HOLD,0
2021-05-01 05:30:00,57697.25,58458.07,56956.14,57800.37,42600.351836,3958.161428571428,10.964750456024063,0.001837315218214286,56923.8888,50925.3414,36243.9784,55384.35644681251,-547.7092468454939,-820.1695705529457,45.436108749480276,HOLD,0
2021-05-02 05:30:00,57797.35,57911.02,56035.25,56578.21,36812.878863,3408.7378571428567,10.943379207734395,-0.021371248289668188,56831.68519999999,51161.6718,36469.78,55533.58814096095,-401.75941260282707,-736.4875389629221,50.99411886522793,HOLD,0
2021-05-03 05:30:00,56578.21,58981.44,56435.0,57169.39,57649.931286,3354.5385714285717,10.953773894269311,0.01039468653491582,56795.70680000001,51412.5857,36698.101350000004,55738.06337334083,-235.673138907252,-636.3246589517881,53.554329120812255,HOLD,0
2021-05-04 05:30:00,57169.39,57200.0,53046.69,53200.01,85324.625903,3383.6121428571428,10.881813863299643,-0.07196003096966841,56747.602999999996,51621.9868,36907.5048,55420.80670167323,-419.5085297280166,-592.9614331070338,43.49498497084737,HOLD,0
2021-05-05 05:30:00,53205.05,58069.82,52900.0,57436.11,77263.923439,3522.7499999999995,10.958428478587585,0.07661461528794256,56758.31020000001,51873.8059,37137.88434999999,55672.71961396407,-220.83587547388743,-518.5363215804045,56.91334668828319,HOLD,0
2021-05-06 05:30:00,57436.11,58360.0,55200.0,56393.68,70181.671908,3389.787142857142,10.940112374469736,-0.018316104117849008,56707.924399999996,52113.065,37362.33705,55762.83966221856,-145.8208229901793,-443.9932218623595,59.28181366740115,HOLD,0
2021-05-07 05:30:00,56393.68,58650.0,55241.63,57314.75,74542.747829,3302.395714285714,10.9563132866797,0.016200912209964002,56701.2562,52382.55100000001,37590.153450000005,55956.82845444124,-11.910900696784665,-357.5767576292446,62.047560302909154,HOLD,0
2021-05-08 05:30:00,57315.49,59500.0,56900.0,58862.05,69709.906028,3308.8899999999994,10.982951849587357,0.02663856290765665,56717.897000000004,52637.5229,37824.91375,56319.981147636085,216.57135637863394,-242.74713482766887,66.84787158764183,HOLD,0
2021-05-09 05:30:00,58866.53,59300.0,56235.66,58240.84,69806.11991,3267.920714285713,10.97234210584348,-0.010609743743877686,56720.6682,52877.4093,38052.213149999996,56560.08850418158,343.55840843055194,-125.48602617602471,67.78032875720442,HOLD,0
2021-05-10 05:30:00,58240.83,59500.0,53400.0,55816.14,89586.34925,3303.407857142856,10.929818353857291,-0.042523751986188074,56689.959800000004,53092.941900000005,38266.451250000006,56467.09494115888,245.71113116717606,-51.24659470738455,53.896244704993244,HOLD,0
2021-05-11 05:30:00,55816.14,56862.43,54370.0,56670.02,64329.54055,3321.5814285714273,10.945000602084018,0.015182248226727424,56741.6952,53328.71230000001,38485.186,56492.46057351402,234.36581557715544,5.875887349523445,53.58392685378321,HOLD,0
2021-05-12 05:30:00,56670.02,58000.01,48600.0,49631.32,99842.789836,3806.236428571428,10.81237736504424,-0.13262323703977863,56647.5038,53489.76180000001,38667.78395,55634.81800182477,-338.6855378403998,-63.03639768846121,41.309861455038714,HOLD,0
2021-05-13 05:30:00,49537.15,51367.19,46000.0,49670.97,147332.002121,3984.9714285714285,10.813175936801388,0.0007985717571479256,56594.85019999999,53631.8091,38850.99465,54889.33700159668,-780.6347687192247,-206.55607189461392,43.24590053326368,HOLD,0
2021-05-14 05:30:00,49671.92,51483.0,48799.75,49841.45,80082.204306,3823.0614285714287,10.816602246136052,0.003426309334663813,56565.80360000001,53754.0349,39034.940950000004,54258.351126397094,-1104.3956217585437,-386.1239818673999,34.157697965731586,HOLD,0
2021-05-15 05:30:00,49844.16,50700.0,46555.0,46762.99,89437.449359,4011.852142857143,10.752847357083192,-0.0637548890528592,56400.5516,53852.298200000005,39200.57505000001,53321.43098559746,-1591.0438613562,-627.10795776516,30.117629257080253,HOLD,0
2021-05-16 05:30:00,46762.99,49795.89,43825.39,46431.5,114269.812775,4304.332857142857,10.745733387190374,-0.007113969892818872,56212.838800000005,53933.7108,39366.40055,52460.18961239778,-1980.6330649001611,-897.8129791921602,31.11609716805944,HOLD,0
2021-05-17 05:30:00,46426.83,46686.0,42001.0,43538.04,166657.172736,4457.087142857143,10.681390317698114,-0.06434306949225999,55968.04699999999,53977.2218,39516.812249999995,51344.92091084805,-2494.112776338872,-1217.0729386215028,26.63328797588889,HOLD,0
2021-05-18 05:30:00,43538.02,45799.29,42250.02,42849.78,116979.860784,4413.941428571429,10.665455789823714,-0.015934527874399862,55672.3332,54017.76269999999,39663.26065,50283.02829699204,-2922.8926895590776,-1558.2368888090177,30.00897355023855,HOLD,0
2021-05-19 05:30:00,42849.78,43584.9,30000.0,36690.09,354347.243161,5015.018571428572,10.510261970330783,-0.15519381949293098,55231.20359999999,53920.914899999996,39777.7561,48583.911009868025,-3716.893331659703,-1989.968177379155,12.701477628459187,HOLD,0
2021-05-20 05:30:00,36671.23,42451.67,34850.0,40526.64,203017.596923,5332.280714285715,10.609714814631426,0.09945284430064305,54866.9254,53861.9771,39911.5818,47576.75213363452,-3990.566275394842,-2390.0877969822923,24.077615022431047,HOLD,0
2021-05-21 05:30:00,40525.39,42200.0,33488.0,37252.01,202100.888258,5711.111428571428,10.525461182083475,-0.08425363254795037,54437.5568,53786.4214,40030.095,46286.15936693021,-4420.729906236957,-2796.216218833225,19.56359611462429,HOLD,0
2021-05-22 05:30:00,37263.35,38829.0,35200.62,37449.73,126542.243689,5784.567142857143,10.530754779306559,0.005293597223083424,54007.551199999994,53681.2236,40147.225999999995,45181.60569606393,-4691.601469931076,-3175.2932690527955,16.129264940738167,HOLD,0
2021-05-23 05:30:00,37458.51,38270.64,31111.01,34655.25,217136.046593,6077.087857142857,10.453204508292304,-0.07755027101425505,53559.6174,53554.9001,40249.782199999994,43865.81123405594,-5073.278718182235,-3554.8903588786834,15.09163863164423,HOLD,0
2021-05-24 05:30:00,34681.44,39920.0,34031.0,38796.29,161630.893971,6062.016428571429,10.566079902482919,0.1128753941906151,53171.503,53471.32609999999,40365.81355,43232.12107979894,-4984.159083983766,-3840.7441038997,26.02736060040864,HOLD,0
2021-05-25 05:30:00,38810.99,39791.77,36419.62,38324.72,111996.228404,6124.853571428571,10.553850397777254,-0.012229504705665306,52755.3976,53368.7954,40479.53755,42618.69594482407,-4895.154594694563,-4051.626202058673,23.87913491729455,HOLD,0
2021-05-26 05:30:00,38324.72,40841.0,37800.44,39241.91,104780.773396,5670.607142857143,10.57750058731633,0.02365018953907594,52380.412800000006,53282.103500000005,40601.6556,42196.59770172105,-4696.470341323315,-4180.595029911601,32.083931288060896,HOLD,0
2021-05-27 05:30:00,39241.92,40411.14,37134.27,38529.98,86547.158794,5521.298571428572,10.559191918544023,-0.01830866877230619,52031.9434,53176.0688,40716.93,41738.27048900592,-4544.077147470358,-4253.291453423352,31.223229890501045,HOLD,0
2021-05-28 05:30:00,38529.99,38877.83,34684.0,35663.49,135377.62972,5629.197142857142,10.481882755388813,-0.07730916315520986,51583.66279999999,53011.5066,40818.6054,40978.92292788018,-4601.562284508975,-4322.945619640477,28.0953905328808,HOLD,0
2021-05-29 05:30:00,35661.79,37338.58,33632.76,34605.15,112663.092689,5597.827142857143,10.451757793900292,-0.030124961488521507,51112.915,52842.0321,40915.145099999994,40182.20131189516,-4678.587023960783,-4394.073900504538,29.96588321989637,HOLD,0
2021-05-30 05:30:00,34605.15,36488.0,33379.0,35641.27,73535.386967,5393.434285714285,10.481259515068833,0.02950172116854155,50630.35779999999,52639.38480000001,41014.93025,39614.584897908266,-4602.963363714072,-4435.851793146445,32.62301243869469,HOLD,0
2021-05-31 05:30:00,35641.26,37499.0,34153.84,37253.81,94160.735289,5297.731428571428,10.525509500456465,0.044249985387631696,50175.3854,52453.511,41119.74,39319.48803566973,-4362.6229647889995,-4421.2060274749565,39.44414115844799,HOLD,0
2021-06-01 05:30:00,37253.82,37894.81,35666.0,36693.09,81234.66377,5203.412857142857,10.510343732936374,-0.015165767520091578,49712.04720000001,52246.3562,41221.601950000004,38991.18828121101,-4169.335381986857,-4370.831898377337,39.61387374274646,HOLD,0
2021-06-02 05:30:00,36694.85,38225.0,35920.0,37568.68,67587.372495,4397.705714285714,10.53392600353503,0.023582270598655697,49191.9208,52081.1663,41329.0931,38813.374746059635,-3900.5378127602526,-4276.77308125392,51.80372253479894,HOLD,0
2021-06-03 05:30:00,37568.68,39476.0,37170.0,39246.79,75889.106011,4019.443571428571,10.577624936426616,0.043698932891587106,48717.666,51984.7242,41445.542050000004,38867.551652802176,-3511.6245284629404,-4123.7433706957245,47.11699653143045,HOLD,0
2021-06-04 05:30:00,39246.78,39289.07,35555.15,36829.0,91317.799245,3663.866428571428,10.514040857292054,-0.06358407913456254,48191.0464,51856.252199999995,41546.1192,38612.73269620191,-3359.7740119512237,-3970.9494989468244,49.00886285282359,HOLD,0
2021-06-05 05:30:00,36829.15,37925.0,34800.0,35513.2,70459.62149,3627.910714285714,10.477659737337413,-0.03638111995464044,47674.614400000006,51740.64690000001,41635.3883,38225.29110917667,-3307.478889191887,-3838.255376995837,45.688496289247645,HOLD,0
2021-06-06 05:30:00,35516.07,36480.0,35222.0,35796.31,47650.206637,3206.365714285714,10.485600094450746,0.007940357113332297,47190.407400000004,51635.8413,41725.48925,37921.668470529585,-3206.2305862984867,-3711.850418856367,52.860324249962645,HOLD,0
2021-06-07 05:30:00,35796.31,36900.0,33300.0,33552.79,77574.952573,3042.865714285714,10.42087529840576,-0.06472479604498638,46738.46300000001,51510.3049,41804.2391,37375.55866171338,-3269.3370089740492,-3623.347736879904,35.474119637738085,HOLD,0
2021-06-08 05:30:00,33556.96,34068.01,31000.0,33380.81,123251.189037,3021.141428571428,10.415736462948972,-0.00513883545678695,46293.416399999995,51392.7564,41877.8648,36876.21507899921,-3295.2411633896627,-3557.726422181856,36.0728887957393,HOLD,0
2021-06-09 05:30:00,33380.8,37534.79,32396.82,37388.05,136607.597517,3170.9564285714287,10.529106413629064,0.11336995068009159,45912.6774,51270.7666,41971.286049999995,36940.19444412431,-2958.317966269249,-3437.844730999335,45.55200563551141,HOLD,0
2021-06-10 05:30:00,37388.05,38491.0,35782.0,36675.72,109527.284943,3130.394285714286,10.509870234720319,-0.01923617890874496,45570.4392,51153.117300000005,42062.5925,36907.13513860878,-2717.457820761585,-3293.767348951785,45.551131303359746,HOLD,0
2021-06-11 05:30:00,36677.83,37680.4,35936.77,37331.98,78466.0053,2955.3800000000006,10.527605610952074,0.01773537623175514,45283.2596,51022.9434,42157.4124,36960.24074628268,-2445.4303241870657,-3124.0999439988414,54.47809785044648,HOLD,0
2021-06-12 05:30:00,37331.98,37463.63,34600.36,35546.11,87717.54999,2895.1978571428576,10.478586005896817,-0.04901960505525693,44971.679000000004,50894.6636,42239.3429,36783.474402997344,-2346.8977804413735,-2968.6595112873483,52.43054443410077,HOLD,0
2021-06-13 05:30:00,35546.12,39380.0,34757.0,39020.57,86921.025555,3003.3407142857145,10.571844221963795,0.09325821606697815,44751.1336,50797.35220000001,42340.85020000001,37063.111352622676,-1965.7897443962647,-2768.0855579091317,57.75235233986011,HOLD,0
2021-06-14 05:30:00,39020.56,41064.05,38730.0,40516.29,108522.391949,2931.1185714285716,10.609459394447178,0.037615172483382864,44580.124,50713.693100000004,42457.68429999999,37494.75868354484,-1525.481969780907,-2519.5648402834872,57.524690361417996,HOLD,0
2021-06-15 05:30:00,40516.28,41330.0,39506.4,40144.04,80679.622838,2902.1749999999997,10.600229265018621,-0.009230129428557277,44302.977,50605.416000000005,42572.706900000005,37825.91884810173,-1192.8222378767823,-2254.2163198021462,58.02918841900174,HOLD,0
2021-06-16 05:30:00,40143.8,40527.14,38116.01,38349.01,87771.976937,2909.7557142857145,10.55448399159909,-0.04574527341953072,43969.71779999999,50465.15440000001,42675.8527,37891.305242089016,-1061.7912543293787,-2015.731306707593,51.7410719664499,HOLD,0
2021-06-17 05:30:00,38349.0,39559.88,37365.0,38092.97,79541.307119,2901.818571428571,10.547785029654214,-0.0066989619448758475,43634.6528,50297.2391,42775.39260000001,37916.51333682789,-967.4563099052975,-1806.076307347134,47.2511602199415,HOLD,0
2021-06-18 05:30:00,38092.97,38202.84,35129.29,35819.84,95228.042935,2854.6492857142853,10.486257208826391,-0.061527820827823376,43279.9496,50096.921599999994,42856.01245,37654.429169724404,-1063.8543299729718,-1657.6319118723018,47.57910908066789,HOLD,0
2021-06-19 05:30:00,35820.48,36457.0,34803.52,35483.72,68712.449461,2749.540714285714,10.476829278728948,-0.009427930097443138,42835.738600000004,49874.027200000004,42939.60625,37383.09052350886,-1154.0691396559268,-1556.9193574290268,49.92579189711959,HOLD,0
2021-06-20 05:30:00,35483.72,36137.72,33336.0,35600.16,89878.17085,2859.806428571428,10.480105411212044,0.003276132483096106,42391.7344,49657.81159999999,43021.5866,37160.224208070256,-1202.309812317435,-1485.9974484067086,49.502066114653516,HOLD,0
2021-06-21 05:30:00,35600.17,35750.0,31251.23,31608.93,168778.873159,2924.0042857142857,10.361194954589283,-0.11891045662276056,41892.3488,49362.017,43082.52175,36466.31243206147,-1544.7923927523225,-1497.7564372758316,45.46761113779549,HOLD,0
2021-06-22 05:30:00,31614.12,33298.78,28805.0,32509.56,204208.179762,3025.8450000000003,10.389289478909223,0.02809452431993975,41399.1522,49097.4295,43151.81695,35971.71837805379,-1723.66960086795,-1542.9390699942555,48.03531361693972,HOLD,0
2021-06-23 05:30:00,32509.56,34881.0,31683.0,33678.07,126966.100563,2887.2757142857145,10.424602162676319,0.03531268376709562,41008.7134,48878.158200000005,43224.469000000005,35685.012330797064,-1750.9581302933802,-1584.5428820540806,40.40556490579817,HOLD,0
2021-06-24 05:30:00,33675.07,35298.0,32286.57,34663.09,86625.80426,2908.877857142857,10.453430711055768,0.02882854837944926,40553.253,48655.7816,43300.98745,35557.27203944743,-1673.8069994410107,-1602.3957055314668,44.86749689264541,HOLD,0
2021-06-25 05:30:00,34663.08,35500.0,31275.0,31584.45,116061.130356,3086.1185714285707,10.360420189852075,-0.09301052120369313,40057.068400000004,48382.496399999996,43363.07519999999,35060.6692845165,-1839.8757487795738,-1649.8917141810882,36.954681287334154,HOLD,0
2021-06-26 05:30:00,31576.09,32730.0,30151.0,32283.65,107820.375287,3065.8135714285713,10.382316189101887,0.021895999249812448,39556.4464,48128.8513,43432.8729,34713.54187395194,-1893.242709101476,-1698.561913165166,42.210881072961,HOLD,0
2021-06-27 05:30:00,32283.65,34749.0,31973.45,34700.34,96613.244211,2933.8528571428574,10.454504764157841,0.07218857505595366,39073.2122,47895.5546,43513.66819999999,34711.891639707945,-1720.6946271986744,-1702.988455971868,39.136771328637906,HOLD,0
2021-06-28 05:30:00,34702.49,35297.71,33862.72,34494.89,82222.267819,2869.634285714285,10.448566476107173,-0.005938288050668206,38598.2932,47659.4807,43594.8695,34684.76643474445,-1582.2875017511906,-1678.8482651277327,33.8085486044708,HOLD,0
2021-06-29 05:30:00,34494.89,36600.0,34225.43,35911.73,90788.79622,2908.989285714285,10.488819262055246,0.040252785948073466,38200.205,47445.0824,43684.2455,34838.13688040139,-1342.7928307966067,-1611.6371782615076,39.22471494177139,HOLD,0
2021-06-30 05:30:00,35911.72,36100.0,34017.55,35045.0,77152.197634,2885.512142857143,10.464388228934425,-0.02443103312082151,37767.7046,47254.6999,43765.42705,34863.994770351215,-1208.9929281307996,-1531.1083282353661,41.17078650844679,HOLD,0
2021-07-01 05:30:00,35045.0,35057.57,32711.0,33504.69,71708.266112,2896.347142857142,10.419440708014072,-0.0449475209203527,37445.172,47046.3379,43837.075549999994,34694.081674057314,-1213.2599795677743,-1467.5386585018477,38.526397178486164,HOLD,0
2021-07-02 05:30:00,33502.33,33977.04,32699.0,33786.55,56172.181378,2768.096428571429,10.427818073282275,0.008377365268202652,37127.4836,46861.1669,43909.64260000001,34580.64021480015,-1180.292228077451,-1410.0893724169684,44.353123557585775,HOLD,0
2021-07-03 05:30:00,33786.54,34945.61,33316.73,34669.13,43044.578641,2766.339285714285,10.45360494462323,0.02578687134095503,36824.0372,46694.9204,43985.8561,34591.701437950134,-1070.6069273021058,-1342.192883393996,47.80435500991097,HOLD,0
2021-07-04 05:30:00,34669.12,35967.85,34357.15,35286.51,43703.475789,2681.2664285714272,10.471256016907827,0.017651072284596836,36594.507600000004,46497.5296,44055.61104999999,34678.55250820637,-923.2208149874932,-1258.3984697126955,49.17681789001877,HOLD,0
2021-07-05 05:30:00,35288.13,35293.78,33125.55,33690.14,64123.874245,2514.799285714285,10.424960491927731,-0.04629552498009559,36339.6804,46276.2596,44110.07595,34555.00094468057,-924.5720852254817,-1191.6331928152526,56.24754971268975,HOLD,0
2021-07-06 05:30:00,33690.15,35118.88,33532.0,34220.01,58210.596349,2307.1635714285703,10.44056583967291,0.015605347745179188,36153.3198,46060.6834,44165.639050000005,34513.1270765955,-872.8255068053695,-1127.871655613276,55.251466800119125,HOLD,0
2021-07-07 05:30:00,34220.02,35059.09,33777.77,33862.12,53807.521675,2170.2578571428558,10.430052264477302,-0.010513575195608027,35973.5666,45822.9499,44215.8416,34431.75119202106,-850.8862159428245,-1072.4745676791858,50.59467535346108,HOLD,0
2021-07-08 05:30:00,33862.11,33929.64,32077.0,32875.71,70136.48032,2087.4871428571414,10.40048936620503,-0.029562898272272875,35897.279,45564.2413,44262.94255,34237.24604301843,-902.6885810397798,-1038.5173703513046,44.225398708470166,HOLD,0
2021-07-09 05:30:00,32875.71,34100.0,32261.07,33815.81,47153.939899,1917.0535714285702,10.428683723588778,0.028194357383748425,35763.0624,45314.99390000001,44318.423050000005,34184.56653764113,-857.9936980697021,-1002.4126358949842,58.36487305138523,HOLD,0
2021-07-10 05:30:00,33815.81,34262.0,33004.78,33502.87,34761.175468,1822.640714285713,10.419386385785343,-0.009297337803435113,35688.0796,45062.818199999994,44366.883449999994,34099.35447043599,-838.162508300331,-969.5626103760536,54.706897004343936,HOLD,0
2021-07-11 05:30:00,33502.87,34666.0,33306.47,34258.99,31572.647448,1721.4964285714273,10.441704290999889,0.02231790521454613,35624.2648,44815.907999999996,44422.0146,34119.30891163149,-752.7562769049473,-926.2013436818324,48.04554130114208,HOLD,0
2021-07-12 05:30:00,34259.0,34678.43,32658.34,33086.63,48181.403762,1763.2892857142847,10.406884552272023,-0.03481973872786526,35592.892400000004,44576.25489999999,44468.801750000006,33990.22404767755,-770.7857391803045,-895.1182227815268,44.25563887692367,HOLD,0
2021-07-13 05:30:00,33086.94,33340.0,32202.25,32729.77,41126.361008,1674.944999999999,10.396040340278358,-0.010844211993665809,35471.562000000005,44321.5325,44508.88825,33832.66729171786,-804.594967582023,-877.0135717416262,35.79200520103089,HOLD,0
2021-07-14 05:30:00,32729.12,33114.03,31550.0,32820.02,46777.823484,1637.914999999999,10.398793974028418,0.002753633750060658,35361.468,44058.432799999995,44540.5214,33706.086380253124,-814.715075673601,-864.5538725280212,39.32484430925121,HOLD,0
2021-07-15 05:30:00,32820.03,33185.25,31133.0,31880.0,51639.576353,1616.8921428571418,10.369734132904151,-0.029059841124267294,35214.2298,43797.321299999996,44568.5131,33477.82558272148,-888.3467834299736,-869.3124547084117,41.72849839273148,HOLD,0
2021-07-16 05:30:00,31874.49,32249.18,31020.0,31383.87,48499.864154,1613.4021428571418,10.354049345642727,-0.015684787261424304,35071.3076,43551.625499999995,44590.0354,33216.0811348813,-975.4891552228073,-890.5477948112909,38.028834272685934,HOLD,0
2021-07-17 05:30:00,31383.86,31955.92,31164.31,31520.07,34012.242132,1553.5971428571418,10.358379764781532,0.004330419138804942,34988.4392,43286.05100000001,44610.71074999999,33004.07974302114,-1021.7814504425696,-916.7945259375467,33.04933845772912,HOLD,0
2021-07-18 05:30:00,31520.07,32435.0,31108.97,31778.56,35923.716186,1533.2635714285705,10.366547127547433,0.008167362765901132,34931.9074,43022.4112,44625.22585,32850.8897751435,-1025.7858247550066,-938.5927857010388,30.358644615179585,HOLD,0
2021-07-19 05:30:00,31778.57,31899.0,30407.44,30839.65,47340.468499,1484.9299999999996,10.33655647871533,-0.02999064883210245,34835.875,42733.1164,44634.805949999994,32599.48480325056,-1092.1320915268007,-969.3006468661912,32.77139455186126,HOLD,0
2021-07-20 05:30:00,30839.65,31063.07,29278.0,29790.35,61034.049017,1499.0864285714283,10.30193979454734,-0.034616684167989575,34686.6058,42430.995599999995,44637.09925,32248.342952844243,-1215.3716784103817,-1018.5148531750293,24.808518672699392,HOLD,0
2021-07-21 05:30:00,29790.34,32858.0,29482.61,32144.51,82796.265128,1648.6628571428569,10.377996953031388,0.0760571584840477,34595.6342,42153.8407,44636.93015,32235.363833738713,-1110.2802814854367,-1036.8679388371108,42.03944105855905,SHORT,-1
2021-07-22 05:30:00,32144.51,32591.35,31708.0,32287.83,46148.092433,1579.4278571428567,10.382445658025501,0.004448704994112873,34490.0172,41840.969,44633.369049999994,32241.92210452137,-1003.8580157295946,-1030.2659542156077,47.044391442671625,HOLD,0
2021-07-23 05:30:00,32287.58,33650.0,31924.32,33634.09,50112.863626,1571.338571428571,10.423295414942825,0.04084975691732318,34377.7632,41547.7146,44641.595949999995,32415.9430914562,-801.6448101860697,-984.5417254097002,49.12223755038005,HOLD,0
2021-07-24 05:30:00,33634.1,34500.0,33401.14,34258.14,47977.550138,1560.0271428571425,10.441679479686279,0.01838406474345433,34326.346,41258.6962,44643.139,32646.217705024173,-584.2983407695137,-904.493048481663,53.54173485781382,HOLD,0
2021-07-25 05:30:00,34261.51,35398.0,33851.12,35381.02,47852.928313,1573.4092857142853,10.473930797145576,0.03225131745929666,34323.7024,40999.1584,44636.19729999999,32988.067991896154,-317.7795018731267,-787.1503391599558,55.08663827534025,HOLD,0
2021-07-26 05:30:00,35381.02,40550.0,35205.78,37237.6,152452.512724,1810.8471428571424,10.525074282482853,0.05114348533727764,34352.5282,40771.467800000006,44625.2239,33519.259492909136,42.75622093029233,-621.1690271419062,67.7188794723313,CLOSE_STOP,1
2021-07-27 05:30:00,37241.33,39542.61,36383.0,39457.87,88397.267015,1955.2657142857138,10.582988799407083,0.057914516924229886,34470.6298,40604.5464,44619.5992,34261.585806295494,501.8555339992963,-396.5641149136657,74.77789349788831,HOLD,0
2021-07-28 05:30:00,39456.61,40900.0,38772.0,40019.56,101344.528441,1995.5492857142854,10.597123613574535,0.014134814167451992,34603.4048,40448.410599999996,44619.25590000001,34981.332580508555,900.6367561017978,-137.12394071057304,75.62431219239963,HOLD,0
2021-07-29 05:30:00,40019.57,40640.0,39200.0,40016.48,53998.439283,1951.8171428571425,10.597046648247378,-7.696532715684157e-05,34655.973399999995,40284.325399999994,44628.58819999999,35610.726007944984,1202.562821782085,130.81341178795856,81.02845480088962,HOLD,0
2021-07-30 05:30:00,40018.49,42316.71,38313.23,42206.37,73602.784805,2149.981428571428,10.650326436499919,0.05327978825254043,34766.5864,40168.5128,44662.597700000006,36435.18150695186,1600.1022427933422,424.6711779890353,86.5499544750856,HOLD,0
2021-07-31 05:30:00,42206.36,42448.0,41000.15,41461.83,44849.791012,2196.855714285714,10.632528523944766,-0.01779791255515306,34849.1834,40066.2215,44699.65065,37063.51256858288,1833.9364644654852,706.5242352843253,82.2503376927379,HOLD,0
2021-08-01 05:30:00,41461.84,42599.0,39422.01,39845.44,53953.186326,2329.0671428571422,10.592763248561692,-0.03976527538307373,34935.17,39953.424499999994,44712.02095,37411.25349751002,1867.2975616221156,938.6789005518834,74.04962757850903,HOLD,0
2021-08-02 05:30:00,39850.27,40480.01,38690.0,39147.82,50837.351954,2350.3849999999993,10.575100016599102,-0.01766323196259023,34937.715,39844.4243,44712.03755,37628.324310321266,1816.5048307719262,1114.244086595892,75.13053515329372,HOLD,0
2021-08-03 05:30:00,39146.86,39780.0,37642.03,38207.05,57117.435853,2375.5921428571423,10.550775332540315,-0.024324684058786517,34891.5302,39735.8271,44719.3617,37700.66502153111,1680.9618669346382,1227.5876426636414,75.62707426239993,HOLD,0
2021-08-04 05:30:00,38207.04,39969.66,37508.56,39723.18,52329.35243,2310.285714285714,10.589690175377404,0.038914842837089125,34883.113,39593.045,44738.002700000005,37953.47939383972,1676.5558198605795,1317.3812781030292,74.31637497938523,HOLD,0
2021-08-05 05:30:00,39723.17,41350.0,37332.7,40862.46,84343.755621,2534.139285714286,10.61796707213936,0.028276896761955328,34933.382,39451.549900000005,44763.17195,38317.10196960976,1744.8804744907538,1402.8811173805743,75.85924244681513,HOLD,0
2021-08-06 05:30:00,40862.46,43392.43,39853.86,42836.87,75753.941347,2663.631428571429,10.66515445933413,0.04718738719476967,35028.26,39331.456399999995,44794.19995,38882.07297340854,1936.0293010586538,1509.5107541161904,76.74048297320138,HOLD,0
2021-08-07 05:30:00,42836.87,44700.0,42446.41,44572.54,73396.740808,2746.1121428571428,10.704873253322848,0.039718793988718915,35203.314,39241.631799999996,44837.6052,39593.38135173247,2202.1847714345495,1648.0455575798621,78.15188436176254,HOLD,0
2021-08-08 05:30:00,44572.54,45310.0,43261.0,43794.37,69329.092698,2781.9778571428574,10.687260549289931,-0.017612704032917037,35369.526999999995,39102.6328,44879.23590000001,40118.50493276591,2323.538775046043,1783.1442010730984,73.40358474704988,HOLD,0
2021-08-09 05:30:00,43794.36,46454.15,42779.0,46253.4,74587.884845,2662.7585714285715,10.741890253752098,0.054629704462167084,35582.5918,38987.1631,44956.25225,40885.36681617017,2588.29956106592,1944.1752730716628,74.26610625861959,HOLD,0
2021-08-10 05:30:00,46248.87,46700.0,44589.46,45584.99,53814.643421,2587.8250000000003,10.727333774648573,-0.014556479103525533,35862.113000000005,38877.2309,45019.451349999996,41472.8197141489,2712.9164781918516,2097.9235140957007,67.9943941526266,HOLD,0
2021-08-11 05:30:00,45585.0,46743.47,45341.14,45511.0,52734.901977,2535.991428571429,10.725709333961985,-0.0016244406865872918,36122.141800000005,38760.647000000004,45086.61635,41977.59224988029,2773.7320516871987,2233.085221614,66.60311367338721,HOLD,0
2021-08-12 05:30:00,45510.67,46218.12,43770.0,44399.0,55266.108781,2608.0000000000005,10.700972225644158,-0.024737108317827605,36336.5604,38672.6369,45147.31185,42280.26821864525,2701.0635460019257,2326.680886491585,62.41767395998027,HOLD,0
2021-08-13 05:30:00,44400.06,47886.0,44217.39,47800.0,48239.370431,2584.080714285715,10.774780918479548,0.07380869283539049,36599.2986,38576.2758,45225.04085,42970.234691314596,2884.653023929408,2438.27531397915,64.83138458568806,HOLD,0
2021-08-14 05:30:00,47799.99,48144.0,45971.03,47068.51,46114.359022,2635.875000000001,10.759359478912216,-0.015421439567331774,36908.9798,38483.024099999995,45298.04455,43482.519104900275,2937.2649166198244,2538.0732345072847,64.87628128522275,HOLD,0
2021-08-15 05:30:00,47068.5,47372.27,45500.0,46973.82,42110.711334,2542.680714285715,10.757345704221615,-0.0020137746906012666,37202.7832,38379.6148,45381.0829,43918.93171678774,2937.4583377690724,2617.9502551596424,70.57530425465835,HOLD,0
2021-08-16 05:30:00,46973.82,48053.83,45660.0,45901.29,52480.574014,2585.810714285715,10.734248500228874,-0.023097203992740845,37426.8022,38250.0072,45443.76505,44166.72650218927,2818.5766211450464,2658.075528356723,69.08021835766155,HOLD,0
2021-08-17 05:30:00,45901.3,47160.0,44376.0,44695.95,57039.341629,2631.955714285715,10.707638172470022,-0.026610327758852748,37630.8234,38114.558300000004,45495.9838,44232.87943941561,2597.162665144504,2645.892955714279,68.0627141309443,HOLD,0
2021-08-18 05:30:00,44695.95,46000.0,44203.28,44705.29,54099.415985,2584.5000000000005,10.707847118118515,0.00020894564849349706,37806.6946,38003.4498,45548.19585000001,44291.930759488656,2394.837968390304,2595.6819582494845,65.13826810125582,HOLD,0
2021-08-19 05:30:00,44699.37,47033.0,43927.7,46760.62,53411.75392,2519.3571428571436,10.752796674693997,0.04494955657548161,38041.007000000005,37904.3558,45616.53405,44600.51691455257,2372.9878160228836,2551.1431298041643,66.97663976421015,HOLD,0
2021-08-20 05:30:00,46760.62,49382.99,46622.99,49322.47,56850.352228,2463.7450000000003,10.806135037127264,0.053338362433267505,38357.3626,37901.2673,45695.51455,45190.7610502335,2533.190257147864,2547.5525552729046,68.05684554236242,HOLD,0
2021-08-21 05:30:00,49322.47,49757.04,48222.0,48821.87,46745.136584,2412.420000000001,10.795933647187153,-0.010201389940110772,38658.069,37892.7763,45762.2927,45644.64966895431,2589.902822050368,2556.0226086283974,62.7044619723902,HOLD,0
2021-08-22 05:30:00,48821.88,49500.0,48050.0,49239.22,37007.887795,2369.6342857142868,10.804445739393069,0.008512092205915422,38949.4708,37886.754,45820.39445,46093.97096033502,2638.1140586885012,2572.4408986404183,66.63773952740794,HOLD,0
2021-08-23 05:30:00,49239.22,50500.0,49029.0,49488.85,52462.541954,2212.1950000000006,10.809502670658368,0.005056931265299269,39233.5176,37914.0126,45883.1554,46518.33084029314,2665.7359214826065,2591.0999032088557,61.42981796086494,HOLD,0
2021-08-24 05:30:00,49488.85,49860.0,47600.0,47674.01,51014.594748,2222.870714285715,10.772141664652592,-0.037361006005776076,39513.195,37926.4377,45930.07425,46662.7907352565,2512.224663882749,2575.324855343634,56.82687166911331,HOLD,0
2021-08-25 05:30:00,47674.01,49264.3,47126.28,48973.32,44655.830342,2275.420000000001,10.799030939008446,0.026889274355854198,39808.2612,37980.790499999996,45979.00615,46951.60689334944,2466.971631132059,2553.6542105013195,60.475815870211136,HOLD,0
2021-08-26 05:30:00,48973.32,49352.84,46250.0,46843.87,49371.277774,2322.1857142857148,10.754575435989532,-0.044455503018914655,40067.896199999996,38020.731400000004,46019.24705,46938.13978168076,2233.5326837503817,2489.6299051511323,56.96832024625559,HOLD,0
2021-08-27 05:30:00,46843.86,49149.93,46348.0,49069.9,42068.104965,2260.28,10.80100109117684,0.046425655187308124,40391.78,38144.5295,46032.7222,47204.609808970665,2202.760600374422,2432.2560441957903,53.87926768321667,HOLD,0
2021-08-28 05:30:00,49069.9,49299.0,48346.88,48895.35,26681.063786,2173.076428571429,10.79743757891689,-0.003563512259949775,40693.3708,38228.2166,46045.096849999994,47415.95233284933,2139.624516813492,2373.7297387193307,55.777175659231254,HOLD,0
2021-08-29 05:30:00,48895.35,49632.27,47762.54,48767.83,32652.283473,2172.8950000000004,10.794826153147854,-0.0026114257690359466,40998.67,38343.3748,46064.8981,47584.93704124317,2055.6032032906805,2310.104431633601,55.66159860688844,HOLD,0
2021-08-30 05:30:00,48767.84,48888.61,46853.0,46982.91,40288.35083,2147.3078571428573,10.75753919754622,-0.03728695560163331,41253.148400000005,38438.706600000005,46059.9651,47509.683661087765,1823.9620806925668,2212.8759614453943,53.26653805313584,HOLD,0
2021-08-31 05:30:00,46982.91,48246.11,46700.0,47100.89,48645.52737,2058.8871428571433,10.760047175792012,0.00250797824579152,41533.4336,38563.163,46059.03155,47458.5844534518,1631.1024879938414,2096.5212667550836,57.77356856102971,HOLD,0
2021-09-01 05:30:00,47100.89,49156.0,46512.0,48810.52,49904.65528,2119.4071428571433,10.795701142379043,0.035653966587030794,41855.0486,38663.3053,46067.31570000001,47627.576396770324,1597.794345702896,1996.7758825446463,61.95536254607872,HOLD,0
2021-09-02 05:30:00,48810.51,50450.13,48584.06,49246.64,54410.770538,2030.8907142857145,10.804596420922662,0.008895278543619156,42183.581000000006,38772.5245,46070.65995,47829.95934717404,1588.2799396834453,1915.0766939724062,57.99374653532076,HOLD,0
2021-09-03 05:30:00,49246.63,51000.0,48316.84,49999.14,59025.644157,2025.4021428571432,10.819761084262362,0.015164663339700013,42545.9638,38880.0968,46081.10015,48101.106928777284,1622.7540667088615,1856.6121685196974,52.462331964865726,HOLD,0
2021-09-04 05:30:00,49998.0,50535.69,49370.0,49915.64,34664.65959,1999.0200000000004,10.818089659485382,-0.0016714247769797907,42916.5992,38993.953400000006,46085.0111,48327.923562680124,1624.6098178916363,1810.2116983940853,54.10471706397724,HOLD,0
2021-09-05 05:30:00,49917.54,51900.0,49450.0,51756.88,40544.835873,2070.448571428572,10.854312649150868,0.03622298966548598,43321.3354,39154.8873,46083.196950000005,48756.54311734511,1754.429226164284,1799.0552039481252,58.536049506279824,HOLD,0
2021-09-06 05:30:00,51756.88,52780.0,50969.33,52663.9,49249.667081,2094.7107142857144,10.87168549031559,0.01737284116472182,43739.0422,39335.474799999996,46088.75345,49244.962727676975,1908.5009651110595,1820.944356180712,60.305518932319636,HOLD,0
2021-09-07 05:30:00,52666.2,52920.0,42843.05,46863.73,123048.802719,2653.0642857142857,10.75499930769892,-0.11668618261666985,44059.52380000001,39447.6994,46043.5421,48947.30863671735,1544.7715188145376,1765.7097887074772,47.91056599453118,HOLD,0
2021-09-08 05:30:00,46868.57,47340.99,44412.02,46048.31,65069.3152,2709.5607142857143,10.737446341770063,-0.017552965928857134,44384.683,39535.6444,45994.5777,48584.93380712768,1177.146322783752,1647.9970955227323,42.264354532014885,HOLD,0
2021-09-09 05:30:00,46048.31,47399.97,45513.08,46395.14,50651.66002,2622.707142857143,10.744949991349275,0.007503649579211569,44669.6956,39632.6649,45939.510550000006,48311.20958123672,903.3734618162343,1499.072368781433,48.689719291053244,HOLD,0
2021-09-10 05:30:00,46395.14,47033.0,44132.29,44850.91,49048.26618,2629.7628571428572,10.711099157136179,-0.03385083421309609,44920.9572,39705.487199999996,45893.32675000001,47878.672133582135,555.3977620631413,1310.3374474377747,37.169793992444795,HOLD,0
2021-09-11 05:30:00,44842.2,45987.93,44722.22,45173.69,30440.4081,2652.1621428571425,10.718270116700179,0.007170959564000157,45151.7492,39764.756199999996,45874.74020000001,47540.54936688437,302.1867407516038,1108.7073061005406,38.78332909379585,HOLD,0
2021-09-12 05:30:00,45173.68,46460.0,44742.06,46025.24,32094.28052,2641.32,10.736945220644989,0.01867510394481009,45387.091199999995,39856.7186,45856.4854,47351.13569602382,168.2882284334337,920.6234905671192,42.079798358427816,HOLD,0
2021-09-13 05:30:00,46025.23,46880.0,43370.0,44940.73,65429.15056,2746.6335714285715,10.713099789488119,-0.02384543115686988,45578.2854,39950.9939,45845.82039999999,47049.83498402084,-25.049446213961346,731.4889032109031,43.85384639461449,HOLD,0
2021-09-14 05:30:00,44940.72,47250.0,44594.44,47111.52,44855.85099,2825.88,10.760272836085495,0.047173046597375645,45775.76380000001,40064.146,45849.993650000004,47057.545611018235,-3.0709355107537704,584.5769354665719,50.028473788846085,HOLD,0
2021-09-15 05:30:00,47103.28,48500.0,46682.32,48121.41,43204.71174,2766.8571428571427,10.781482471404964,0.021209635319468845,45949.0346,40209.832200000004,45860.06855,47190.52865964096,94.74471743918548,486.6104918610946,48.08224172142122,HOLD,0
2021-09-16 05:30:00,48121.4,48557.0,47021.1,47737.82,40725.08895,2743.2735714285714,10.773479234836783,-0.008003236568180583,46103.39980000001,40353.4023,45873.07934999999,47258.94007718584,139.70142881089123,417.22867925105396,45.788717440306534,HOLD,0
2021-09-17 05:30:00,47737.81,48150.0,46699.56,47299.98,34461.92776,2655.222142857143,10.764265151646955,-0.009214083189828415,46249.069800000005,40452.5216,45861.644100000005,47264.07006753761,138.40447699316428,361.46383879947604,42.331652969198885,HOLD,0
2021-09-18 05:30:00,47299.98,48843.2,47035.56,48292.74,30906.47038,2701.075714285714,10.785036517783894,0.020771366136939307,46370.7972,40568.6918,45860.90455,47392.653809095405,215.0056175691061,332.17219455340205,45.61582657161906,HOLD,0
2021-09-19 05:30:00,48292.75,48372.83,46829.18,47241.75,29847.24349,2636.3364285714283,10.763033314502376,-0.022003203281517614,46486.395599999996,40667.7895,45845.366449999994,47373.79083295848,188.73089160928794,303.48393396457925,37.258619161920656,HOLD,0
2021-09-20 05:30:00,47241.75,47347.25,42500.0,43015.62,78003.524443,2853.235,10.669318584528233,-0.09371472997414365,46549.7992,40742.484599999996,45818.5741,46829.01947883867,-171.13267877642647,208.5606114163781,27.068831437985892,HOLD,0
2021-09-21 05:30:00,43016.64,43639.0,39600.0,40734.38,84534.080485,2421.9528571428573,10.61482773230241,-0.05449085222582184,46581.5304,40759.6227,45778.48745,46067.18954398384,-633.1061008304605,40.227268967010374,32.50611494672786,HOLD,0
2021-09-22 05:30:00,40734.09,44000.55,40565.39,43543.61,58349.05542,2458.109285714286,10.681518243616091,0.06669051131368064,46688.26159999999,40789.8959,45751.79449999999,45751.74210098586,-763.7380856211676,-120.56580195062523,43.58176048412391,HOLD,0
2021-09-23 05:30:00,43546.37,44978.0,43069.09,44865.26,48699.57655,2459.6821428571434,10.711419054878634,0.02990081126254296,46791.103200000005,40837.1081,45721.26205,45640.93183836263,-751.9507450939855,-246.8427905792973,46.26625040635168,HOLD,0
2021-09-24 05:30:00,44865.26,45200.0,40675.0,42810.57,84113.426292,2575.7028571428577,10.664540313696463,-0.04687874118217117,46830.0654,40881.7237,45673.43904999999,45287.1366085673,-898.0533045659249,-377.08489337662286,45.14150161637212,HOLD,0
2021-09-25 05:30:00,42810.58,42966.84,41646.28,42670.64,33594.57189,2579.620714285715,10.661266374897782,-0.0032739387986815416,46826.7408,40927.5004,45612.36975,44960.07453249639,-1013.4494032454531,-504.3577953503889,43.98732824112084,HOLD,0
2021-09-26 05:30:00,42670.63,43950.0,40750.0,43160.9,49879.99765,2685.4821428571436,10.672690271795993,0.011423896898211439,46798.508,41000.911,45548.9163,44735.17771593434,-1053.2011112907276,-614.1264585384567,42.997922116019275,HOLD,0
2021-09-27 05:30:00,43160.9,44350.0,42098.0,42147.35,39776.84383,2595.6250000000005,10.648927090753675,-0.023763181042317782,46765.567599999995,41067.5473,45470.787249999994,44411.699251442544,-1153.196311482432,-721.9404291272518,43.147615557236726,HOLD,0
2021-09-28 05:30:00,42147.35,42787.38,40888.0,41026.54,43372.2624,2541.612142857143,10.621974453340288,-0.026952637413387492,46661.0304,41121.8111,45389.81135,43988.55434501222,-1307.8076357183018,-839.1138704454618,34.26235325275083,HOLD,0
2021-09-29 05:30:00,41025.01,42590.0,40753.88,41524.28,33511.53487,2542.9292857142864,10.634033595378735,0.01205914203844749,46579.8162,41220.9646,45291.4908,43680.52005188569,-1374.3323184020337,-946.1575600367762,32.47346896268465,HOLD,0
2021-09-30 05:30:00,41524.29,44141.37,41410.17,43824.1,46381.22781,2628.307857142858,10.687939173354948,0.05390557797621298,46546.0782,41334.11000000001,45215.76975,43698.46754539997,-1227.3294650243115,-1002.3919410342834,40.56327351007685,HOLD,0
2021-10-01 05:30:00,43820.01,48495.0,43283.03,48141.61,66244.87492,2896.9885714285724,10.781902154899134,0.09396298154418581,46620.9304,41478.7454,45178.451799999995,44253.860352224976,-753.7528765941897,-952.6641281462647,51.70949667110952,HOLD,0
2021-10-02 05:30:00,48141.6,48336.59,47430.18,47634.9,30508.98131,2832.6150000000007,10.77132096484194,-0.010581190057193268,46617.62840000001,41608.4635,45132.12255,44676.49030819686,-414.5486221079773,-845.0410269386073,48.63689823483047,HOLD,0
2021-10-03 05:30:00,47634.89,49228.08,47088.0,48200.01,30825.05601,2875.2171428571432,10.78311450750755,0.01179354266560928,46640.2584,41774.6191,45078.55774999999,45116.93026967225,-98.98610224432923,-695.8300419997516,52.0264011997777,HOLD,0
2021-10-04 05:30:00,48200.01,49536.12,46891.0,49224.94,46796.49372,2717.9221428571436,10.804155684613745,0.021041177106194908,46685.2808,41944.032,45036.44165,45630.43148596322,231.13833471146063,-510.4363666575092,65.18677622561654,HOLD,0
2021-10-05 05:30:00,49224.93,51886.3,49022.4,51471.99,52125.66793,2633.9864285714293,10.848793055198403,0.04463737058465789,46796.694800000005,42111.74850000001,45003.65155,46360.62630021782,666.4006333553261,-275.0689666549422,76.30607884074615,HOLD,0
2021-10-06 05:30:00,51471.99,55750.0,50382.41,55315.0,79877.545181,2772.0171428571434,10.920799398469011,0.0720063432706084,47009.0758,42319.9496,44989.71515,47479.92301269059,1306.38869487567,41.22256565118025,77.44838936387416,HOLD,0
2021-10-07 05:30:00,55315.0,55332.31,53357.0,53785.22,54917.37766,2776.7599999999998,10.892753987217507,-0.028045411251504504,47190.674399999996,42498.684499999996,44971.883449999994,48268.08513610426,1670.8824901423068,367.15455054940554,70.59951318420943,HOLD,0
2021-10-08 05:30:00,53785.22,56100.0,53617.61,53951.43,46160.25785,2630.8592857142858,10.895839476359098,0.0030854891415916796,47334.490600000005,42687.7488,44971.22435,48978.503244091225,1950.6720734407645,683.8580551276773,78.18698317311342,HOLD,0
2021-10-09 05:30:00,53955.67,55489.0,53661.67,54949.72,55177.08013,2667.057142857143,10.914173864277384,0.018334387918285344,47447.035599999996,42902.1991,44974.2685,49724.90533857982,2227.2862247607336,992.5436890542886,79.7735585171851,HOLD,0
2021-10-10 05:30:00,54949.72,56561.31,54080.0,54659.0,89237.836128,2615.722142857143,10.908869164400691,-0.005304699876692354,47563.77819999999,43110.9236,44986.04525,50341.667171257344,2395.4331954557492,1273.1215903345808,78.15230612832522,HOLD,0
2021-10-11 05:30:00,54659.01,57839.04,54415.06,57471.35,52933.165751,2699.4350000000004,10.95904184174268,0.0501726773419886,47728.4208,43338.9458,45016.933099999995,51232.87752485018,2724.2208996133268,1563.34145219033,84.48238617032193,HOLD,0
2021-10-12 05:30:00,57471.35,57680.0,53879.0,55996.93,53471.2855,2835.2650000000003,10.933052146785965,-0.025989694956715326,47858.5824,43546.05,45021.7898,51828.3840842439,2833.1553014505917,1817.3042220423827,83.15899289658519,HOLD,0
2021-10-13 05:30:00,55996.91,57777.0,54167.19,57367.0,55808.44492,2961.957142857143,10.957224504089886,0.024172357303921643,48052.4422,43782.818600000006,45029.5391,52520.71107371341,2995.509430508835,2052.945263735673,83.78557859385704,HOLD,0
2021-10-14 05:30:00,57370.83,58532.54,56818.05,57347.94,43053.336781,2889.3349999999996,10.956892202121628,-0.00033230196825861924,48219.9346,44014.0979,45037.39065,53124.114689499234,3087.0526435258726,2259.766739693713,81.94826229068256,HOLD,0
2021-10-15 05:30:00,57347.94,62933.0,56850.0,61672.42,82512.908022,2951.551428571428,11.029592108337727,0.07269990621609956,48516.5056,44292.200899999996,45057.5754,54192.652853311825,3468.56721049334,2501.526833853639,81.95420502083158,HOLD,0
2021-10-16 05:30:00,61672.42,62378.42,60150.0,60875.57,35467.88096,3045.980714285714,11.016587223790745,-0.013004884546981899,48752.619000000006,44572.1995,45068.22039999999,55028.017496647844,3664.380421530608,2734.097551389033,80.8463014034357,HOLD,0
2021-10-17 05:30:00,60875.57,61718.39,58963.0,61528.33,39099.24124,3089.931428571428,11.027252998134287,0.010665774343541656,49005.27859999999,44849.3247,45082.1593,55840.55655956687,3828.1080322118796,2952.899647553603,80.92420503406501,HOLD,0
2021-10-18 05:30:00,61528.32,62695.78,59844.45,62009.84,51798.44844,3104.6607142857138,11.035048361111599,0.0077953629773119815,49270.1188,45134.394400000005,45098.60630000001,56611.71698962101,3951.17054163781,3152.5538263704443,80.43073211415863,HOLD,0
2021-10-19 05:30:00,62005.6,64486.0,61322.22,64280.59,53628.107744,3126.0807142857134,11.071012998402978,0.035964637291378665,49616.072400000005,45434.6104,45125.2592,57570.32611591839,4183.701903249152,3358.7834417461863,80.45278565267384,HOLD,0
2021-10-20 05:30:00,64280.59,67000.0,63481.4,66001.41,51428.934856,2994.0099999999993,11.097431384416726,0.026418386013748574,49994.082800000004,45763.758200000004,45170.006550000006,58624.211601428586,4455.480469716735,3578.122847340296,78.25885984132702,HOLD,0
2021-10-21 05:30:00,66001.4,66639.74,62000.0,62193.15,68538.64537,3184.3264285714286,11.038000144045306,-0.05943124037142056,50261.7354,46058.392,45189.96225,59070.32890125002,4313.844868291424,3725.2672515305217,69.84261241211996,HOLD,0
2021-10-22 05:30:00,62193.15,63732.39,60000.0,60688.22,52119.35886,3273.6121428571428,11.013504889020975,-0.024495255024330476,50490.566999999995,46337.074,45197.7534,59272.56528859376,4033.664783205604,3786.9467578655385,64.95384960979379,HOLD,0
2021-10-23 05:30:00,60688.23,61747.64,59562.15,61286.75,27626.93678,3299.1949999999997,11.023318948478941,0.009814059457966096,50716.3192,46631.141500000005,45214.2314,59524.33837751954,3815.9287645975564,3792.7431592119424,64.3206416484863,HOLD,0
2021-10-24 05:30:00,61286.75,61500.0,59510.63,60852.22,31226.57676,3264.0564285714286,11.01620358090548,-0.007115367573462095,50935.0508,46925.825,45238.72525,59690.3235803296,3567.1881373166398,3747.6321548328824,63.90527416194119,HOLD,0
2021-10-25 05:30:00,60852.22,63710.63,60650.0,63078.78,36853.83806,3238.102857142857,11.05213970036997,0.035936119464491156,51161.4888,47241.4121,45263.731550000004,60113.880632788394,3509.2714847482057,3699.9600208159472,62.93015943437255,HOLD,0
2021-10-26 05:30:00,63078.78,63293.48,59817.55,60328.81,40217.50083,3214.883571428571,11.007565046393593,-0.04457465397637783,51314.78699999999,47526.9146,45274.6629,60140.74680368984,3204.5326659581333,3600.8745498443845,59.43391459936547,HOLD,0
2021-10-27 05:30:00,60328.81,61496.0,58000.0,58413.44,62124.49016,3206.7542857142857,10.975301279325166,-0.03226376706842693,51545.78119999999,47802.6525,45267.884450000005,59924.83345322861,2776.4652419379054,3435.992688263089,52.226053186682655,HOLD,0
2021-10-28 05:30:00,58413.44,62499.0,57820.0,60575.89,61056.35301,3418.505,11.011652238106715,0.036350958781548925,51836.332800000004,48110.5079,45270.75175000001,60006.21552157504,2581.9472858885856,3265.1836077881885,56.292847292376685,HOLD,0
2021-10-29 05:30:00,60575.9,62980.0,60174.81,62253.71,43973.90414,3184.3757142857144,11.038973410944614,0.027321172837899255,52153.504199999996,48411.599899999994,45282.7203,60287.15233137816,2533.9664680620335,3118.9401798429576,51.263612929984696,HOLD,0
2021-10-30 05:30:00,62253.7,62359.25,60673.0,61859.19,31478.12566,3145.649285714286,11.032615952069918,-0.006357458874695965,52493.669799999996,48707.313500000004,45274.14125,60483.65703995589,2436.025867564742,2982.3573173873147,52.17626792242768,HOLD,0
2021-10-31 05:30:00,61859.19,62405.3,59945.36,61299.8,39267.63794,3124.545714285715,11.02353185927624,-0.009084092793678167,52816.192,48983.97059999999,45265.842599999996,60585.6749099614,2286.907096604584,2843.2672732307688,49.49227763457765,HOLD,0
2021-11-01 05:30:00,61299.81,62437.74,59405.0,60911.11,44687.66672,3137.503571428572,11.017170867273085,-0.006360992003154209,53113.909400000004,49250.5003,45254.598249999995,60626.354296216225,2113.0079216745,2697.2154029195153,47.54885535317428,HOLD,0
2021-11-02 05:30:00,60911.12,64270.0,60624.68,63219.99,46368.2841,3171.899285714286,11.054375827591805,0.03720496031871967,53479.4946,49528.89000000001,45264.0242,60950.558759189196,2136.866426539251,2585.1456076434624,47.63793766970503,HOLD,0
2021-11-03 05:30:00,63220.57,63500.0,60382.76,62896.48,43336.09049,3143.2307142857144,11.049245479278412,-0.00513034831339354,53795.1938,49785.4788,45278.4733,61193.79891429054,2105.4001676550542,2489.196519645781,42.62606390128724,HOLD,0
2021-11-04 05:30:00,62896.49,63086.31,60677.01,61395.01,35930.93314,2983.913571428571,11.025083840474313,-0.02416163880409883,54060.6658,50004.85019999999,45304.698300000004,61218.950300004224,1936.97856690357,2378.752929097339,47.8712429227242,HOLD,0
2021-11-05 05:30:00,61395.01,62595.72,60721.0,60937.12,31604.48749,2851.222857142857,11.017597791823324,-0.007486048650989119,54324.6518,50214.0258,45331.2182,61183.7215125037,1746.423653871454,2252.287074052162,50.70312402893176,HOLD,0
2021-11-06 05:30:00,60940.18,61560.49,60050.0,61470.61,25590.57408,2803.008571428571,11.026314453391755,0.00871666156843176,54608.064399999996,50428.5671,45356.44625,61219.58257344073,1619.7838370642785,2125.7864266545857,50.52130648148463,HOLD,0
2021-11-07 05:30:00,61470.62,63286.35,61322.78,63273.59,25515.6883,2801.165714285714,11.0552233014827,0.028908848090944517,54907.68140000001,50639.239299999994,45403.876050000006,61476.333501760644,1645.9329966932492,2029.8157406623184,56.37102371784651,HOLD,0
2021-11-08 05:30:00,63273.58,67789.0,63273.58,67525.83,54442.094554,2905.079285714285,11.120265470329072,0.0650421688463716,55313.363,50899.8793,45483.0504,62232.52056404057,1986.8731873234356,2021.2272299945419,60.57377856041302,HOLD,0
2021-11-09 05:30:00,67525.82,68524.25,66222.4,66947.66,44661.378068,2821.2164285714284,11.111666399052192,-0.008599071276879755,55792.0038,51170.90150000001,45562.163,62821.9129935355,2185.2273174488146,2054.0272474853964,67.55023500718839,HOLD,0
2021-11-10 05:30:00,66947.67,69000.0,62822.9,64882.43,65171.504046,3012.723571428571,11.080332141848709,-0.03133425720348271,56274.9648,51428.247599999995,45636.33595,63079.47761934356,2150.982407234238,2073.4182794351645,67.01763007103273,HOLD,0
2021-11-11 05:30:00,64882.42,65600.07,64100.0,64774.26,37237.98058,2785.6571428571433,11.078663581204498,-0.001668560644210615,56699.5778,51693.9197,45714.8734,63291.32541692562,2091.0107834794035,2076.9367802440124,62.38278242967832,HOLD,0
2021-11-12 05:30:00,64774.25,65450.7,62278.0,64122.23,44490.10816,2811.907857142857,11.068546384658967,-0.010117196545531115,57084.7172,51937.910200000006,45765.4776,63395.188489809916,1968.1814966802704,2055.185723531264,55.86601333864101,HOLD,0
2021-11-13 05:30:00,64122.22,65000.0,63360.22,64380.0,22504.97383,2808.5885714285714,11.0725583048528,0.004011920193832452,57516.1058,52173.085600000006,45812.31775,63518.289928583676,1870.0811552088053,2018.1648098667724,57.98234442121583,HOLD,0
2021-11-14 05:30:00,64380.01,65550.51,63576.27,65519.1,25705.07347,2773.895714285714,11.090096982168872,0.017538677316071727,57973.075,52399.9079,45865.68215,63768.391187510715,1862.778823227367,1987.0876125388913,62.88759299238467,HOLD,0
2021-11-15 05:30:00,65519.11,66401.82,63400.0,63606.74,37829.37124,2771.687142857143,11.060474718556044,-0.029622263612827382,58381.9918,52590.2499,45915.94085,63748.18478907188,1683.2764397863284,1926.325377988379,57.532516379044885,HOLD,0
2021-11-16 05:30:00,63606.73,63617.31,58574.07,60058.87,77455.15609,2871.5385714285717,11.003080526841511,-0.05739419171453264,58740.2222,52752.8949,45927.763849999996,63287.02044043789,1240.437063132682,1789.1477150172398,41.738778650531984,HOLD,0
2021-11-17 05:30:00,60058.87,60840.23,58373.0,60344.87,46289.38491,2825.109285714286,11.007831218770118,0.004750691928606443,59126.5888,52893.8096,45940.48635,62919.25163538315,902.161915462355,1611.7505551062627,43.31856314582474,HOLD,0
2021-11-18 05:30:00,60344.86,60976.0,56474.26,56891.62,62146.99931,2974.5692857142863,10.948903333345587,-0.05892788542453076,59433.935600000004,53006.87590000001,45942.0534,62165.797680960255,351.37754716836207,1359.6759535186827,39.30135817984419,HOLD,0
2021-11-19 05:30:00,56891.62,58320.0,55600.0,58052.24,50715.88726,3034.946428571429,10.969098573806196,0.020195240460608943,59718.4984,53132.2883,45946.46765,61651.60297084022,8.432101386249997,1089.4271830921962,43.36787240773027,HOLD,0
2021-11-20 05:30:00,58057.1,59845.0,57353.0,59707.51,33811.5901,3105.0542857142864,10.997213087113977,0.028114513307780697,59949.8164,53285.37340000001,45979.00515,61408.59134948519,-128.30911227650358,845.8799240184563,46.1455656187339,HOLD,0
2021-11-21 05:30:00,59707.52,60029.76,58486.65,58622.02,31902.22785,3075.021428571429,10.97886567290011,-0.018347414213867097,60169.5588,53393.5936,45984.934700000005,61060.26993079954,-320.5721245504392,612.5895143046773,39.50153406426143,HOLD,0
2021-11-22 05:30:00,58617.7,59444.0,55610.0,56247.18,51724.32047,3026.348571428572,10.937511185476616,-0.04135448742349368,60330.502199999995,53485.38029999999,45984.20220000001,60458.6336894496,-656.9982210664894,358.671967230444,22.187424942679,HOLD,0
2021-11-23 05:30:00,56243.83,58009.99,55317.0,57541.27,49917.85017,3054.287142857143,10.960257708464328,0.022746522987711515,60496.828799999996,53591.054800000005,45985.334800000004,60093.9632282684,-809.8605106894101,124.96547164647316,27.595394265173184,HOLD,0
2021-11-24 05:30:00,57541.26,57735.0,55837.0,57138.29,39612.04964,2748.6371428571433,10.953229748840632,-0.007027959623695068,60610.1548,53703.42480000001,45976.71599999999,59724.50407473485,-952.5417859131849,-90.53597986545844,29.968432227064454,HOLD,0
2021-11-25 05:30:00,57138.29,59398.9,57000.0,58960.36,42153.51522,2812.839285714286,10.984620632679041,0.03139088383840871,60683.062000000005,53846.068900000006,45980.3136,59628.986065392986,-908.1236193687,-254.05350776610675,36.18615322181322,HOLD,0
2021-11-26 05:30:00,58960.37,59150.0,53500.0,53726.53,65927.87066,2989.789285714286,10.89166219946724,-0.09295843321180186,60681.8882,53936.2813,45969.865549999995,58891.17905721886,-1280.4875786928824,-459.3403219514619,29.71613476242841,HOLD,0
2021-11-27 05:30:00,53723.72,55280.0,53610.0,54721.03,29716.99957,2991.9478571428576,10.910003375218695,0.018341175751455552,60697.280199999994,54015.8854,45960.120599999995,58369.91042506651,-1478.2999390899786,-663.1322453791652,31.680314328014987,HOLD,0
2021-11-28 05:30:00,54716.47,57445.05,53256.64,57274.88,36163.7137,3150.102857142858,10.955617412164548,0.04561403694585309,60743.78340000001,54095.4095,45998.3384,58233.0316219332,-1412.7084842547702,-813.0474931542863,35.159999164777204,HOLD,0
2021-11-29 05:30:00,57274.89,58865.97,56666.67,57776.25,40125.28009,3092.78,10.964333070564095,0.00871565839954691,60806.12840000001,54184.9533,46038.8648,58175.93391919155,-1305.2245981672968,-911.4829141568885,38.94317802111278,HOLD,0
2021-11-30 05:30:00,57776.25,59176.99,55875.55,56950.56,49161.05194,2968.3657142857146,10.949938802013989,-0.014394268550105949,60795.712600000006,54262.066699999996,46074.41035,58022.76217929261,-1272.0062304558378,-983.5875774166783,43.4268107774326,HOLD,0
2021-12-01 05:30:00,56950.56,59053.55,56458.01,57184.07,44956.63656,2977.530714285714,10.95403064207704,0.004091840063050967,60819.4554,54339.018899999995,46126.51575,57917.92565688103,-1212.857067941659,-1029.4414755216744,43.30093729229684,HOLD,0
2021-12-02 05:30:00,57184.07,57375.47,55777.77,56480.34,37574.05976,2770.099285714286,10.941647891979033,-0.012382750098007378,60801.7222,54427.0822,46176.75995,57738.2274497709,-1208.8314042289421,-1065.319461263128,49.0133308767364,HOLD,0
2021-12-03 05:30:00,56484.26,57600.0,51680.0,53601.05,58927.69027,2998.670714285715,10.88932393641926,-0.05232395555977298,60726.784400000004,54473.3595,46227.075,57221.08026854954,-1421.5884893061084,-1136.5732668717242,40.134996948207295,HOLD,0
2021-12-04 05:30:00,53601.05,53859.1,42000.3,49152.47,114203.373748,3667.7278571428574,10.802682378636106,-0.08664155778315319,60476.3854,54496.4455,46258.588449999996,56212.50398498084,-1926.9505532348776,-1294.648724144355,29.18451736266961,HOLD,0
2021-12-05 05:30:00,49152.46,49699.05,47727.21,49396.33,45580.82012,3698.351428571429,10.807631408918288,0.004949030282181965,60246.800599999995,54499.709800000004,46322.11965,55360.48223685823,-2281.4767223729796,-1492.0143237900797,31.181424425969297,HOLD,0
2021-12-06 05:30:00,49396.32,50891.11,47100.0,50441.92,58571.21575,3695.287857142858,10.828577854382157,0.020946445463868812,60025.072400000005,54515.1755,46371.696050000006,54745.66195725095,-2449.8307668843263,-1683.577612408929,37.479456876478984,HOLD,0
2021-12-07 05:30:00,50441.91,51936.33,50039.74,50588.95,38253.46877,3638.4021428571436,10.831488451980654,0.002910597598496878,59796.6546,54533.3867,46438.380750000004,54226.07296259458,-2542.0848955825713,-1855.2790690436577,34.22500031766374,HOLD,0
2021-12-08 05:30:00,50588.95,51200.0,48600.0,50471.19,38425.92466,3688.545000000001,10.829157957419728,-0.002330494560926155,59520.4666,54568.2695,46503.48805000001,53756.71259227026,-2594.7881030175777,-2003.1808758384418,34.6737984042783,HOLD,0
2021-12-09 05:30:00,50471.19,50797.76,47320.0,47545.59,37692.68665,3765.6064285714297,10.769444319193006,-0.0597136382267216,59151.35019999999,54572.716499999995,46567.939750000005,52980.32226823647,-2839.8907515433675,-2170.522850979427,25.026964420966124,HOLD,0
2021-12-10 05:30:00,47535.9,50125.0,46852.0,47140.54,44233.57391,3595.820714285715,10.760888631664223,-0.008555687528783551,58850.297999999995,54556.0167,46609.66099999999,52250.34948470691,-3031.870994672783,-2342.792479718098,31.731372545756244,HOLD,0
2021-12-11 05:30:00,47140.54,49485.71,46751.0,49389.99,28889.19358,3671.8714285714295,10.807503051064515,0.046614419400292206,58624.33340000001,54557.45019999999,46664.98735,51892.80454911855,-2968.2883248206417,-2467.891648738607,36.174946940824746,HOLD,0
2021-12-12 05:30:00,49389.99,50777.0,48638.0,50053.9,26017.93421,3525.4850000000006,10.820855703785522,0.013352652721007274,58399.676400000004,54557.997800000005,46719.047300000006,51662.94148047873,-2831.684713684961,-2540.650261727878,29.238626784171984,HOLD,0
2021-12-13 05:30:00,50053.9,50189.97,45672.75,46702.75,50869.52093,3691.0507142857145,10.751558328432882,-0.06929737535264024,58116.687000000005,54525.86890000001,46759.91115,51042.91754541889,-2959.717386285949,-2624.463686639492,22.644786118714237,HOLD,0
2021-12-14 05:30:00,46702.76,48700.41,46290.0,48343.28,39955.98445,3627.4057142857155,10.786082504665554,0.03452417623267223,57821.977,54491.7329,46823.310099999995,50705.46285224153,-2895.430421670928,-2678.6570336457794,29.56004833047099,HOLD,0
2021-12-15 05:30:00,48336.95,49500.0,46547.0,48864.98,51629.181,3652.9385714285722,10.796816263481949,0.010733758816394712,57592.7004,54453.7437,46894.60925,50475.402495711336,-2770.4496896030832,-2697.01556483724,30.51117380077899,HOLD,0
2021-12-16 05:30:00,48864.98,49436.43,47511.0,47632.38,31949.86739,3676.3478571428577,10.771268061053766,-0.02554820242818323,57377.07920000001,54461.430199999995,46954.56480000001,50120.02468374742,-2739.285301919117,-2705.4695122536154,29.77340996063478,HOLD,0
2021-12-17 05:30:00,47632.38,47995.96,45456.0,46131.2,43104.4887,3434.916428571429,10.7392447896538,-0.03202327139996619,57088.1854,54462.2591,46998.95175,49621.42159827899,-2803.4040830565355,-2725.0564264141994,31.775510771694528,HOLD,0
2021-12-18 05:30:00,46133.83,47392.37,45500.0,46834.48,25020.05271,2723.0285714285724,10.754374962773865,0.015130173120065038,56779.8008,54466.6525,47049.6587,49273.053898494116,-2765.5898622034438,-2733.1631135720486,43.08008566640139,HOLD,0
2021-12-19 05:30:00,46834.47,48300.01,46406.91,46681.23,29305.70665,2717.4042857142863,10.751097435667743,-0.0032775271061211697,56476.2416,54484.955700000006,47095.22145,48949.07591118235,-2716.671713532749,-2729.8648335641888,41.85050137831012,HOLD,0
2021-12-20 05:30:00,46681.24,47537.57,45558.85,46914.16,35848.50609,2587.947857142858,10.756074827842554,0.004977392174810191,56188.5288,54502.3604,47133.558300000004,48694.711422284556,-2628.804996328843,-2709.6528661171196,38.86820292551415,HOLD,0
2021-12-21 05:30:00,46914.17,49328.96,46630.0,48889.88,37713.92924,2645.2600000000007,10.797325701080009,0.041250873237455465,55948.1042,54531.0068,47193.862700000005,48719.10749449899,-2372.3983660827216,-2642.2019661102404,45.193336467861755,HOLD,0
2021-12-22 05:30:00,48887.59,49576.13,48421.87,48588.16,27004.2022,2541.9928571428572,10.791135158808894,-0.0061905422711152625,55655.467599999996,54567.481100000005,47259.2375,48702.73905768662,-2168.5429336553207,-2547.4701596192567,44.72778973315706,HOLD,0
2021-12-23 05:30:00,48588.17,51375.0,47920.42,50838.81,35192.54046,2540.337142857143,10.836415318263121,0.045280159454227586,55414.3142,54604.754,47334.45,48969.747925475785,-1804.5753676947716,-2398.89120123436,59.582718388744304,HOLD,0
2021-12-24 05:30:00,50838.82,51810.0,50384.43,50820.0,31684.84269,2408.377857142857,10.836045256874154,-0.00037006138896700236,55202.814000000006,54631.7399,47420.78605,49201.029434791315,-1500.3511451593513,-2219.1831900193583,60.95280790241997,HOLD,0
2021-12-25 05:30:00,50819.99,51156.23,50142.32,50399.66,19135.51613,2285.463571428572,10.827739708004959,-0.008305548869195434,54992.06479999999,54658.3583,47505.88029999999,49350.85825544241,-1278.4322113192538,-2031.0329942793376,53.37281371907774,HOLD,0
2021-12-26 05:30:00,50399.67,51280.0,49412.0,50775.49,22569.88914,2266.1064285714288,10.835169036820533,0.00742932881557401,54778.1624,54693.1134,47572.8175,49528.937223512105,-1060.0143319708004,-1836.8292618176301,52.45778350905229,HOLD,0
2021-12-27 05:30:00,50775.48,52088.0,50449.0,50701.44,28792.21566,2060.519285714286,10.8337095915428,-0.001459445277733451,54526.7194,54717.2004,47642.9461,49675.50007057309,-882.7163999231998,-1646.0066894387442,67.53413040370657,HOLD,0
2021-12-28 05:30:00,50701.44,50704.05,47313.01,47543.74,45853.33924,2130.5642857142857,10.769405408413,-0.06430418312979924,54127.077600000004,54720.2203,47694.0049,49409.03006175146,-985.6446138468891,-1513.9342743203733,46.905747475185294,HOLD,0
2021-12-29 05:30:00,47543.74,48139.08,46096.99,46464.66,39498.87,2065.499285714286,10.746447302629038,-0.02295810578396207,53717.4176,54754.7107,47748.597649999996,49040.98380403253,-1141.1344154811595,-1439.3743025525305,41.09484653272131,HOLD,0
2021-12-30 05:30:00,46464.66,47900.0,45900.0,47120.87,30352.29569,2070.8257142857146,10.760471281652473,0.014023979023434663,53362.1864,54818.575600000004,47789.09915,48800.96957852846,-1197.6052923686148,-1391.0205005157472,48.0175183613356,HOLD,0
2021-12-31 05:30:00,47120.88,48548.26,45678.0,46216.93,34937.99796,2094.418571428572,10.741101460159799,-0.019369821492674077,52991.039800000006,54845.3088,47817.60235,48477.9646312124,-1300.310107111014,-1372.8784218348007,50.3483965144906,HOLD,0
2022-01-01 05:30:00,46216.93,47954.63,46208.37,47722.65,19604.46325,2083.9821428571427,10.773161406941577,0.03205994678177859,52663.048200000005,54873.8827,47855.4954,48383.550302310854,-1245.8440775546405,-1347.4715529787688,53.38842281559138,HOLD,0
2022-01-02 05:30:00,47722.66,47990.0,46654.0,47286.18,18340.4604,2044.189285714286,10.763973354197985,-0.009188052743592579,52321.171800000004,54918.6388,47900.18125,48246.379014522,-1223.7917287278033,-1322.735588128576,52.25910194582636,HOLD,0
2022-01-03 05:30:00,47286.18,47570.0,45696.0,46446.1,27662.0771,2036.7092857142857,10.746047779468388,-0.017925574729597216,51939.7118,54956.3934,47941.946899999995,48021.34413770674,-1259.5828317412233,-1310.1050368511055,48.32791762406116,HOLD,0
2022-01-04 05:30:00,46446.1,47557.54,45500.0,45832.01,35491.4136,1990.8935714285715,10.732738034276556,-0.013309745191831368,51584.2172,54983.1045,47992.00775,47747.6773704934,-1322.2573103786053,-1312.5354915566056,37.89891164721888,HOLD,0
2022-01-05 05:30:00,45832.01,47070.0,42500.0,43451.13,51784.11857,2234.8750000000005,10.679392137259851,-0.05334589701670467,51252.0624,54996.14230000001,48031.844800000006,47210.608949181726,-1546.2205365431873,-1359.272500553922,32.543555901412574,HOLD,0
2022-01-06 05:30:00,43451.14,43816.0,42430.58,43082.31,38880.37305,2087.0778571428573,10.670867751002678,-0.008524386257173333,50906.811200000004,55016.7,48069.25555000001,46694.57158053401,-1733.4910922385898,-1434.1162188908556,19.776777155895928,HOLD,0
2022-01-07 05:30:00,43082.3,43145.83,40610.0,41566.48,54836.50818,2166.382142857143,10.635049352212068,-0.03581839879061022,50600.3084,55017.122,48119.0433,46053.56013296726,-1981.3790650228693,-1543.5687881172585,17.710607270270714,HOLD,0
2022-01-08 05:30:00,41566.48,42300.0,40501.0,41679.74,32952.73111,2222.46,10.637770438403953,0.002721086191884936,50272.8584,54995.6784,48164.8942,45506.83261634635,-2143.978484554449,-1663.6507274046967,18.90620141549394,HOLD,0
2022-01-09 05:30:00,41679.74,42786.7,41200.02,41864.62,22724.39426,2202.3657142857146,10.642196357802879,0.004425919398926226,49916.0006,54932.9085,48205.82695,45051.556039303054,-2232.1901268136207,-1777.3586072864816,17.78662585017291,HOLD,0
2022-01-10 05:30:00,41864.62,42248.5,39650.0,41822.49,50729.17019,2270.901428571429,10.641189512099663,-0.001006845703216186,49580.01,54874.7844,48241.62395000001,44647.92278439017,-2279.2245459418773,-1877.7317950175607,17.827769802211577,HOLD,0
2022-01-11 05:30:00,41822.49,43100.0,41268.93,42729.29,37296.43729,2159.475,10.66263991253934,0.021450400439677608,49309.652200000004,54820.0772,48297.348150000005,44408.093686341395,-2217.7634834817654,-1945.7381327104017,29.15495848267132,HOLD,0
2022-01-12 05:30:00,42729.29,44322.0,42450.0,43902.66,33943.2928,2147.325714285714,10.689730189482752,0.027090276943411595,49036.88,54766.854400000004,48355.4432,44344.91447554872,-2050.734406243995,-1966.7373874171205,38.99718960221535,HOLD,0
2022-01-13 05:30:00,43902.65,44500.0,42311.22,42560.11,34910.87762,2160.81,10.658672708598653,-0.03105748088409932,48745.3164,54677.73560000001,48394.74205,44121.81391610513,-2003.5989821261464,-1974.109706358926,31.50366377317539,HOLD,0
2022-01-14 05:30:00,42558.35,43448.78,41725.95,43059.96,32640.88292,2078.850714285714,10.670348841981555,0.01167613338290252,48427.3084,54555.18520000001,48437.5674,43989.08217659199,-1903.9624078785346,-1960.0802466628477,36.762928804258046,HOLD,0
2022-01-15 05:30:00,43059.96,43800.0,42555.0,43084.29,21936.05616,2043.0464285714286,10.67091370848505,0.0005648665034954092,48214.4636,54448.17590000001,48473.430199999995,43875.98315451799,-1802.2611328084313,-1928.5164238919645,27.79273680642403,HOLD,0
2022-01-16 05:30:00,43084.29,43475.0,42581.79,43071.66,20602.35271,2011.4185714285716,10.670620519213957,-0.0002931892710940076,47981.476200000005,54339.37819999999,48513.5635,43775.44276020324,-1703.0495796018367,-1883.423055033939,28.968411597385128,HOLD,0
2022-01-17 05:30:00,43071.66,43176.18,41540.42,42201.62,27562.08613,1994.4014285714288,10.650213887912871,-0.020406631301085554,47680.011,54211.8972,48557.04815,43578.71491517783,-1675.3166580912439,-1841.8017756454,28.882049383748026,HOLD,0
2022-01-18 05:30:00,42201.63,42691.0,41250.0,42352.12,29324.08257,1950.3628571428574,10.653773757859167,0.003559869946295535,47371.528399999996,54088.8284,48599.876,43425.3905507806,-1622.4909599494276,-1797.9396125062058,31.848856702625866,HOLD,0
2022-01-19 05:30:00,42352.12,42559.13,41138.56,41660.01,31685.72159,1725.4035714285715,10.63729695485334,-0.016476803005826213,47065.717399999994,53930.715,48634.8304,43204.71798193303,-1617.8244333716575,-1761.9165766792962,38.65963454939159,HOLD,0
2022-01-20 05:30:00,41660.0,43505.0,40553.31,40680.91,42330.33953,1837.2800000000004,10.613514219627145,-0.02378273522619523,46735.6542,53777.5548,48661.8024,42889.241984191394,-1673.8364204304162,-1744.3005454295203,35.88637159736611,HOLD,0
2022-01-21 05:30:00,40680.92,41100.0,35440.45,36445.31,88860.891999,2060.4028571428576,10.503568059748035,-0.10994615987910983,46334.9536,53568.3379,48675.57825,42083.75048616747,-2036.5280180356494,-1802.7460399507463,27.1929207323319,HOLD,0
2022-01-22 05:30:00,36445.31,36835.22,34008.0,35071.42,90471.338961,2133.8471428571434,10.465141832762184,-0.03842622698585174,45964.361,53345.572700000004,48679.835300000006,41207.20917539653,-2407.0778678057322,-1923.6124055217435,23.5408535384192,HOLD,0
2022-01-23 05:30:00,35071.42,36499.0,34601.01,36244.55,44279.52354,2156.0835714285718,10.498044304152318,0.032902471390134025,45706.2026,53091.294,48691.747449999995,40586.87677847196,-2576.3805949155576,-2054.1660434005066,29.147901867241345,HOLD,0
2022-01-24 05:30:00,36244.55,37550.0,32917.17,36660.35,91904.753211,2301.392857142858,10.509451068538521,0.01140676438620325,45451.483,52849.1418,48710.67065000001,40096.06093116296,-2646.4954882931634,-2172.631932379038,31.36371184935416,HOLD,0
2022-01-25 05:30:00,36660.35,37545.14,35701.0,36958.32,49232.40183,2302.326428571429,10.517546070177076,0.008095001638555033,45181.81100000001,52603.441699999996,48726.383200000004,39703.84331476759,-2647.4996299617414,-2267.605471895579,28.2077386153629,HOLD,0
2022-01-26 05:30:00,36958.32,38919.98,36234.63,36809.34,69830.16036,2360.422857142858,10.513506896301973,-0.00403917387510333,44906.2188,52351.4367,48742.915550000005,39342.030400421645,-2629.9998591327167,-2340.0843493430066,20.96823307532121,HOLD,0
2022-01-27 05:30:00,36807.24,37234.47,35507.01,37160.1,53020.87934,2327.4714285714294,10.522990883989817,0.009483987687843864,44639.997,52080.23180000001,48757.42110000001,39069.28910036894,-2558.336849404761,-2383.7348493553577,25.94583903876189,HOLD,0
2022-01-28 05:30:00,37160.11,38000.0,36155.01,37716.56,42154.26956,2336.1971428571437,10.537854534285287,0.014863650295470876,44443.41640000001,51797.3833,48780.57075,38900.19796282282,-2428.6458093112888,-2392.7170413465437,26.317445684451286,HOLD,0
2022-01-29 05:30:00,37716.57,38720.74,37268.44,38166.84,26129.49682,2351.004285714286,10.549722354782725,0.01186782049743762,44263.9424,51557.1202,48807.756100000006,38808.52821746997,-2263.439372664703,-2366.861507610176,28.99827030259027,HOLD,0
2022-01-30 05:30:00,38166.83,38359.26,37351.63,37881.76,21430.66527,2359.1771428571437,10.542225008733865,-0.007497346048859654,44033.777799999996,51329.05559999999,48833.06480000001,38692.68219028622,-2130.9513738941387,-2319.679480866969,28.338773091145853,HOLD,0
2022-01-31 05:30:00,37881.75,38744.0,36632.61,38466.9,36855.2458,2393.150714285715,10.557553410227515,0.015328401493649224,43802.037800000006,51100.8571,48865.9993,38664.459416500446,-1956.1880543571533,-2246.9811955650057,34.03256148031605,SHORT,-1
2022-02-01 05:30:00,38466.9,39265.2,38000.0,38694.59,34574.44663,2380.593571428572,10.563455075964228,0.005901665736713468,43641.8746,50879.2808,48902.5529,38668.22573943788,-1778.8091794565844,-2153.346792343322,34.46511592347595,HOLD,0
2022-02-02 05:30:00,38694.59,38855.92,36586.95,36896.36,35794.6813,2441.193571428572,10.515868180176431,-0.047586895787796735,43412.936200000004,50617.456600000005,48929.43435,38446.74252200815,-1763.0143437999286,-2075.2803026346432,31.504855914415998,HOLD,0
2022-02-03 05:30:00,36896.37,37387.0,36250.0,37311.61,32081.10999,2311.5728571428576,10.527059817254166,0.01119163707773474,43181.86880000001,50387.2846,48957.0996,38304.85095675713,-1697.422784880342,-1999.708799083783,36.31951899667538,HOLD,0
2022-02-04 05:30:00,37311.98,41772.33,37026.73,41574.25,64703.95874,2246.2907142857143,10.6352362642111,0.10817644695693396,43060.70619999999,50218.8927,49010.7726,38713.52583716249,-1286.6498793464125,-1857.097015136309,70.779577516145,HOLD,0
2022-02-05 05:30:00,41571.7,41913.69,40843.01,41382.59,32532.34372,2120.8235714285715,10.630615539964312,-0.004620724246787944,42965.734000000004,50026.95970000001,49068.7338,39047.15885751718,-965.4456954739944,-1678.766751203846,78.27820777179461,HOLD,0
2022-02-06 05:30:00,41382.6,42656.0,41116.56,42380.87,22405.16704,2095.2128571428575,10.654452360162786,0.023836820198473774,42876.66180000001,49828.23130000001,49119.91560000001,39463.87275032753,-623.152893916129,-1467.6439797463026,77.93243398256774,CLOSE_STOP,1
2022-02-07 05:30:00,42380.87,44500.5,41645.85,43839.99,51060.62006,1968.2000000000003,10.688301693519682,0.03384933335689588,42819.837,49648.0393,49177.676400000004,40010.88740653659,-231.47627851990546,-1220.4104395010233,79.84666856231617,HOLD,0
2022-02-08 05:30:00,43839.99,45492.0,42666.0,44042.99,64880.29387,2038.3328571428574,10.692921481356708,0.004619787837025768,42762.4136,49475.4712,49229.72090000001,40514.90023071951,94.22450309844862,-957.483450981129,79.6862704346172,HOLD,0
2022-02-09 05:30:00,44043.0,44799.0,43117.92,44372.72,34428.16729,1966.5992857142858,10.700380145176014,0.007458663819306821,42672.0704,49310.08729999999,49280.2938,40997.127701879566,374.63264250772045,-691.0602322833591,81.21926936628442,HOLD,0
2022-02-10 05:30:00,44372.71,45821.0,43174.01,43495.44,62357.29091,2032.28,10.680411383995773,-0.019968761180241046,42570.21599999999,49112.841799999995,49320.8659,41309.41673914462,520.0738612186033,-448.83341358296667,75.06099760756469,HOLD,0
2022-02-11 05:30:00,43495.44,43920.0,41938.51,42373.73,44975.1687,2042.03,10.654283873732153,-0.02612751026362048,42400.914399999994,48907.614299999994,49346.54655,41442.45589675154,538.6156267474289,-251.34360551688758,67.63399567893899,HOLD,0
2022-02-12 05:30:00,42373.73,43079.49,41688.88,42217.87,26556.85681,2037.6235714285717,10.65059887010598,-0.0036850036261721897,42228.87179999999,48715.8429,49360.34655,41539.3826596576,534.5713048483885,-94.16062344383235,65.6886900524915,HOLD,0
2022-02-13 05:30:00,42217.87,42760.0,41870.0,42053.66,17732.08113,2029.2214285714285,10.6467017008524,-0.0038971692535803015,42061.951799999995,48527.0083,49370.51705,41603.6673272004,512.2113226785077,27.113765780635674,66.30948099266604,HOLD,0
2022-02-14 05:30:00,42053.65,42842.4,41550.56,42535.94,34010.1306,1970.6821428571432,10.65810464461331,0.011402943760909778,41897.1608,48337.6616,49383.11435,41720.201411300346,527.3281306915233,127.1566387628132,66.03633342634237,HOLD,0
2022-02-15 05:30:00,42535.94,44751.4,42427.03,44544.86,38095.19576,2046.3371428571434,10.704252050260592,0.04614740564728237,41774.0292,48150.374299999996,49394.8068,42073.2837348878,693.418072802102,240.408925570671,70.21772622245939,HOLD,0
2022-02-16 05:30:00,44544.85,44549.97,43307.0,43873.56,28471.8727,1973.0514285714291,10.689067139716741,-0.015184910543851515,41700.6256,47913.8516,49406.86545,42298.31826802683,762.092322913777,344.7456050392922,76.14899364676745,HOLD,0
2022-02-17 05:30:00,43873.56,44164.71,40073.21,40515.7,47245.99494,2184.0871428571436,10.609444832297095,-0.07962230741964582,41581.6464,47649.532,49410.21675,42075.49098452348,539.3486462444198,383.6662132803177,59.83824464116286,LONG,1
2022-02-18 05:30:00,40515.71,40959.88,39450.0,39974.44,43845.92241,1952.9642857142862,10.59599552884856,-0.013449303448535233,41438.717800000006,47400.4521,49414.349850000006,41812.85961145804,315.51051043516054,370.0350727112863,43.6325818091506,HOLD,0
2022-02-19 05:30:00,39974.45,40444.32,39639.03,40079.17,18042.0551,1934.0078571428578,10.598612026961487,0.002616498112926635,41315.9626,47153.5012,49423.710450000006,41596.14841002579,144.8977201522939,325.00760219948785,44.77609786830872,HOLD,0
2022-02-20 05:30:00,40079.17,40125.44,38000.0,38386.89,33439.29011,1975.8650000000005,10.555471274033437,-0.043140752928049864,41129.2474,46896.147800000006,49417.028999999995,41194.99110877256,-125.42122061237023,234.92183763711625,34.83629648415962,HOLD,0
2022-02-21 05:30:00,38386.89,39494.35,36800.0,37008.16,62347.68496,1964.4150000000004,10.518893707851412,-0.03657756618202512,40923.687000000005,46622.42939999999,49397.7575,40671.637220175995,-445.7644224010728,98.78458562947844,23.90269803615972,HOLD,0
2022-02-22 05:30:00,37008.16,38429.0,36350.0,38230.33,53785.94589,1911.0578571428575,10.55138445861763,0.03249075076621821,40759.3716,46349.5417,49374.724799999996,40366.473817654,-594.1705842309457,-39.80644834260639,29.399886024700308,HOLD,0
2022-02-23 05:30:00,38230.33,39249.93,37036.79,37250.01,43560.732,1949.062142857143,10.525407492264046,-0.02597696635358382,40587.7316,46085.97440000001,49338.11215,39976.91584044725,-781.8742086363491,-188.22000040135492,25.869796617771883,HOLD,0
2022-02-24 05:30:00,37250.02,39843.0,34322.28,38327.21,120476.29458,2154.3285714285716,10.553915366787189,0.028507874523143073,40485.25320000001,45868.6578,49310.77635,39770.702610391345,-834.0947211062521,-317.3949445423344,32.72515296985121,HOLD,0
2022-02-25 05:30:00,38328.68,39683.53,38014.37,39219.17,56574.57125,2132.019285714286,10.576920936854298,0.02300557006710946,40407.9904,45657.4008,49275.605200000005,39701.76103409242,-794.3493708065434,-412.7858297951762,39.29138819260942,HOLD,0
2022-02-26 05:30:00,39219.16,40348.45,38573.18,39116.72,29361.2568,2159.495,10.574305276052824,-0.002615660801474462,40358.9952,45479.6518,49243.263849999996,39628.630904830876,-762.3300864314733,-482.69468112243567,39.434383574991784,HOLD,0
2022-02-27 05:30:00,39116.73,39855.7,37000.0,37699.07,46229.44719,2299.9021428571427,10.537390704696818,-0.03691457135600551,40279.3818,45276.12010000001,49204.2042,39387.43579172702,-841.6451190557855,-554.4847687091057,36.331345567956994,HOLD,0
2022-02-28 05:30:00,37699.08,44225.84,37450.17,43160.0,73945.63858,2691.604285714285,10.67266941937207,0.13527871467525188,40305.2894,45110.645,49198.0092,39859.00631776114,-458.5653854246193,-535.3008920522084,51.492412386597124,HOLD,0
2022-03-01 05:30:00,43160.0,44949.0,42809.98,44421.2,61743.09873,2678.364999999999,10.701472111941696,0.02880269256962542,40357.2636,44968.6368,49181.11520000001,40429.280528040996,-52.597327617586416,-438.760179165284,49.693304179952015,HOLD,0
2022-03-02 05:30:00,44421.2,45400.0,43334.09,43892.98,57782.65081,2737.146428571428,10.689509677392648,-0.011962434549047885,40380.5374,44845.094800000006,49165.23755,40862.24296203587,223.9310063066514,-306.22194207089694,50.04850886448294,HOLD,0
2022-03-03 05:30:00,43892.99,44101.12,41832.28,42454.0,50940.61021,2606.956428571428,10.656176415804389,-0.03333326158825933,40351.5642,44694.2221,49142.63845,41061.21259178138,323.2419117309764,-180.32917131052227,55.35498793242157,HOLD,0
2022-03-04 05:30:00,42454.0,42527.3,38550.0,39148.66,61964.68498,2783.200714285714,10.575121473502401,-0.08105494230198751,40283.3352,44514.3258,49108.87529999999,40822.14351780871,133.6920865023858,-117.52491974794066,48.02086648745863,HOLD,0
2022-03-05 05:30:00,39148.65,39613.24,38407.59,39397.96,30363.13341,2811.797857142857,10.581469317295822,0.006347843793420793,40210.0952,44318.70180000001,49082.385350000004,40644.12057808263,3.5480116195612936,-93.31033347444027,48.37859105153444,HOLD,0
2022-03-06 05:30:00,39397.97,39693.87,38088.57,38420.81,39677.26158,2774.645,10.5563545188697,-0.025114798426121965,40116.825600000004,44165.6446,49050.96295,40366.2067558223,-176.40644034412253,-109.92955484837672,50.08358138342959,CLOSE_STOP,-1
2022-03-07 05:30:00,38420.8,39547.57,37155.0,37988.0,63994.11559,2753.089285714286,10.545025599362843,-0.011328919506857105,40015.1524,43998.3143,49007.099850000006,40068.93091134451,-349.9122196279932,-157.92608780430004,52.53245168947279,HOLD,0
2022-03-08 05:30:00,37988.01,39362.08,37867.65,38730.63,55583.06638,2711.3342857142857,10.56438603883661,0.019360439473766533,39945.7326,43812.87179999999,48954.140649999994,39901.643297426446,-422.62105274637725,-210.8650807927155,51.32592040555194,HOLD,0
2022-03-09 05:30:00,38730.63,42594.06,38656.45,41941.71,67392.58799,2834.5107142857146,10.644036076156922,0.07965003732031306,39937.5244,43654.526399999995,48919.739850000005,40156.65163524814,-218.61593849158817,-212.41525233249007,61.119406168678815,HOLD,0
2022-03-10 05:30:00,41941.7,42039.63,38539.73,39422.0,71962.93154,2690.1664285714282,10.582079315086874,-0.061956761070048216,39892.7642,43479.2408,48870.65375,40064.82018084212,-257.2940291638588,-221.39100769876381,52.42861281639583,HOLD,0
2022-03-11 05:30:00,39422.01,40236.26,38223.6,38729.57,59018.7642,2714.702142857143,10.564358669942646,-0.017720645144228442,39853.737400000005,43294.6958,48816.857350000006,39897.91390823686,-339.90183206477377,-245.0931725719658,48.90420181308047,HOLD,0
2022-03-12 05:30:00,38729.57,39486.71,38660.52,38807.36,24034.36432,2646.9107142857147,10.566365198344004,0.0020065284013579543,39900.9784,43117.96600000001,48772.5241,39761.59466970725,-394.5440499265678,-274.98334804288623,49.30684080192801,HOLD,0
2022-03-13 05:30:00,38807.35,39310.0,37578.51,37777.34,32791.82359,2566.6100000000006,10.539464730953686,-0.026900467390317928,39955.0968,42959.728899999995,48716.5442,39513.56283599384,-515.0255134943363,-322.9917811331763,50.17847378576487,HOLD,0
2022-03-14 05:30:00,37777.35,39947.12,37555.0,39671.37,46945.45375,2253.4992857142865,10.588385047825092,0.0489203168714063,40023.6332,42864.9179,48680.6817,39533.28873149461,-452.45987368567876,-348.8853996436768,40.49973067460973,HOLD,0
2022-03-15 05:30:00,39671.37,39887.61,38098.33,39280.33,46015.54926,2228.5178571428582,10.578479163655109,-0.009905884169983281,40076.0328,42763.7579,48631.73385,39501.66889005779,-429.47904621523776,-365.004128957989,35.30384728192915,HOLD,0
2022-03-16 05:30:00,39280.33,41718.0,38828.48,41114.0,88120.76167,2287.3471428571434,10.624103975085617,0.04562481143050867,40159.1464,42670.4787,48592.8271,39703.210278800565,-260.30410678722546,-344.0641245238363,42.60751501118856,HOLD,0
2022-03-17 05:30:00,41114.01,41478.82,40500.0,40917.9,37189.38087,2195.2028571428573,10.61932289910057,-0.0047810759850470674,40241.317599999995,42573.76819999999,48553.577450000004,39855.0464939505,-140.4365148503275,-303.33860258913455,45.624419618187105,HOLD,0
2022-03-18 05:30:00,40917.89,42325.02,40135.04,41757.51,45408.00969,2067.5371428571425,10.639634594342013,0.020311695241442607,40333.265799999994,42486.631400000006,48527.45045,40092.85443220669,22.054692676880222,-238.25994353593163,58.64580771864148,HOLD,0
2022-03-19 05:30:00,41757.51,42400.0,41499.29,42201.13,29067.18108,2045.7557142857138,10.650202276916783,0.010567682574770032,40422.957200000004,42433.1868,48502.95165,40356.38887818085,184.49977330158436,-153.70800016842844,59.171662296513006,HOLD,0
2022-03-20 05:30:00,42201.13,42296.26,40911.0,41262.11,30653.33468,2030.038571428571,10.627699924435472,-0.02250235248131105,40484.8626,42374.4025,48465.2096,40469.60401840824,234.76142024913133,-76.01411608491648,59.3196733571423,HOLD,0
2022-03-21 05:30:00,41262.11,41544.22,40467.94,41002.25,39426.24877,1936.0178571428567,10.62138222222948,-0.006317702205992148,40547.272399999994,42290.5251,48423.987649999995,40536.18476610721,250.73528700006864,-10.664235467919461,60.000424667614645,HOLD,0
2022-03-22 05:30:00,41002.26,43361.0,40875.51,42364.13,59454.94294,2006.8078571428564,10.654057292602038,0.03267507037255868,40625.217000000004,42213.627400000005,48385.812600000005,40764.677920343805,369.0330425798602,65.27522014163648,61.579134549320386,HOLD,0
2022-03-23 05:30:00,42364.13,43025.96,41751.47,42882.76,40828.87039,1816.5849999999991,10.666225159344945,0.012167866742906597,40708.9804,42175.4275,48350.6482,41029.43818030083,498.8831582896237,151.99680777123393,53.620144321060906,HOLD,0
2022-03-24 05:30:00,42882.76,44220.89,42560.46,43991.46,56195.12374,1685.1942857142853,10.69175080315323,0.025525643808284926,40850.8824,42131.9093,48311.821099999994,41399.69090776323,683.3756061159074,258.27256744016864,69.71906718221362,HOLD,0
2022-03-25 05:30:00,43991.46,45094.14,43579.0,44313.16,54614.43648,1649.6571428571422,10.699036977380773,0.007286174227543185,40990.9134,42086.3911,48270.0674,41763.874544292834,845.7958930895911,375.7772325700531,74.8919146158901,HOLD,0
2022-03-26 05:30:00,44313.16,44792.99,44071.97,44511.27,23041.61741,1642.1449999999988,10.703497694516797,0.004460717136023362,41049.6538,42055.18,48258.305100000005,42107.298976256236,979.2132017659533,496.46442640923317,75.15841139591689,HOLD,0
2022-03-27 05:30:00,44511.27,46999.0,44421.46,46827.76,41874.91071,1702.577142857142,10.754231468447625,0.05073377393082801,41158.557199999996,42062.145599999996,48262.20235000001,42697.35660422421,1257.3745324751726,648.6464476224211,85.85046021140097,HOLD,0
2022-03-28 05:30:00,46827.76,48189.84,46663.56,47122.21,58949.2614,1640.7314285714274,10.760499718753639,0.006268250306014522,41253.384,42065.0229,48265.8377,43250.46327869619,1484.4670333729955,815.810564772536,83.79715646001772,HOLD,0
2022-03-29 05:30:00,47122.21,48096.47,46950.85,47434.8,36772.28457,1594.7557142857133,10.767111415522105,0.006611696768466402,41325.2802,42072.558600000004,48278.75715,43773.505368859165,1670.4074596220235,986.7299437424335,87.25397302554819,HOLD,0
2022-03-30 05:30:00,47434.79,47700.22,46445.42,47067.99,40947.2085,1477.9899999999996,10.759348431125227,-0.007762984396878281,41385.7802,42074.096900000004,48288.228650000005,44185.31594775177,1767.790101730272,1142.9419753400014,81.41095238547433,HOLD,0
2022-03-31 05:30:00,47067.99,47600.0,45200.0,45510.34,48645.12667,1579.5028571428568,10.7256948318683,-0.03365359925692779,41408.532600000006,42040.301499999994,48285.65415,44350.943954282804,1699.6843073509153,1254.2904417421842,71.18456110828183,HOLD,0
2022-04-01 05:30:00,45510.35,46720.09,44200.0,46283.49,56271.06474,1603.0821428571423,10.742540589008893,0.016845757140593776,41464.2936,42017.2548,48292.36795000001,44592.512209997454,1688.6312284798987,1341.158599089727,71.00678940948659,HOLD,0
2022-04-02 05:30:00,46283.49,47213.0,45620.0,45811.0,37073.53582,1652.5314285714283,10.732279515937446,-0.010261073071447413,41533.039,41966.9767,48285.86535,44744.82318374777,1623.0362381566883,1397.5341269031194,66.70999386198066,HOLD,0
2022-04-03 05:30:00,45810.99,47444.11,45530.92,46407.35,33394.67794,1690.240714285714,10.745213130841986,0.012933614904540036,41616.8286,41922.8502,48277.29505,44952.6390357793,1600.7200920270334,1438.1713199279022,74.59751827637044,HOLD,0
2022-04-04 05:30:00,46407.36,46890.71,45118.0,46580.51,44641.87514,1739.985714285714,10.748937492283503,0.003724361441516777,41707.3656,41884.6587,48271.5085,45156.12290630689,1578.807440876706,1466.298544117663,76.89054160367752,HOLD,0
2022-04-05 05:30:00,46580.5,47200.0,45353.81,45497.55,42192.74852,1694.3214285714287,10.72541375733544,-0.02352373494806237,41766.597799999996,41831.8793,48262.49635000001,45198.80129301853,1457.257330250366,1464.4903013442035,65.52236942745839,HOLD,0
2022-04-06 05:30:00,45497.54,45507.14,43121.0,43170.47,60849.32936,1773.7250000000001,10.672911975680437,-0.0525017816550033,41739.11,41756.5696,48236.885,44945.25988139122,1159.7828295573563,1403.548806986834,51.20869389137173,HOLD,0
2022-04-07 05:30:00,43170.47,43900.99,42727.35,43444.19,37396.54156,1738.9542857142858,10.67923240483664,0.006320429156202678,41730.522600000004,41715.5741,48217.8972,44757.62614621732,935.3370773955176,1309.906461068571,47.52740426016406,HOLD,0
2022-04-08 05:30:00,43444.2,43970.62,42107.14,42252.01,42375.04203,1763.8357142857146,10.651407205618211,-0.02782519921842841,41765.2488,41673.4476,48214.07915,44444.424127940154,653.7274758169151,1178.67066401824,41.36668679982475,HOLD,0
2022-04-09 05:30:00,42252.02,42800.0,42125.48,42753.97,17891.66047,1760.514285714286,10.663217335550248,0.011810129932037228,41820.8394,41629.778600000005,48224.1771,44233.11736194763,465.68567998392245,1036.0736672113765,42.822096815303304,HOLD,0
2022-04-10 05:30:00,42753.96,43410.3,41868.0,42158.85,22771.09403,1686.5685714285719,10.649199905803371,-0.014017429746877141,41862.433,41589.1978,48217.253300000004,43973.83394170417,265.578567237455,881.9746472165922,27.808667001911672,HOLD,0
2022-04-11 05:30:00,42158.85,42414.71,39200.0,39530.45,63560.44721,1807.1707142857147,10.584826539985107,-0.06437336581826436,41885.304200000006,41507.2758,48190.579249999995,43418.41094899115,-103.89998055237083,684.7997216627997,20.468397229729874,HOLD,0
2022-04-12 05:30:00,39530.45,40699.0,39254.63,40074.94,57751.01778,1828.5100000000004,10.59850648028387,0.013679940298763071,41946.6398,41435.1634,48176.9011,43000.47708036726,-348.7583301819832,478.0881112938432,21.87784665798536,HOLD,0
2022-04-13 05:30:00,40074.95,41561.31,39588.54,41147.79,41342.27254,1879.7935714285716,10.624925498709173,0.02641901842530281,42004.989,41382.1803,48169.286850000004,42768.89119532135,-451.04098780994536,292.2622914730855,28.536873276119636,HOLD,0
2022-04-14 05:30:00,41147.78,41500.0,39551.94,39942.38,36807.01401,1847.5121428571426,10.595193194578506,-0.02973230413066652,42058.83640000001,41323.284,48153.19425,42415.57729590618,-622.1949675719152,109.37083966408537,29.28481500552114,HOLD,0
2022-04-15 05:30:00,39942.37,40870.36,39766.4,40551.9,24026.35739,1746.3600000000001,10.610337914179526,0.01514471960101993,42103.3302,41294.2917,48145.217000000004,42182.61763391791,-700.5767469572529,-52.6186776601823,28.41321242059739,HOLD,0
2022-04-16 05:30:00,40551.9,40709.35,39991.55,40378.71,15805.44718,1683.845714285714,10.606057944848356,-0.0042799693311703635,42126.52099999999,41267.2557,48141.977849999996,41957.12917967817,-767.8189188750257,-195.65872590315098,29.068562211832443,HOLD,0
2022-04-17 05:30:00,40378.7,40595.67,39546.17,39678.12,19988.49259,1622.153571428571,10.588555181244129,-0.01750276360422731,42137.749,41248.37210000001,48132.74705,41672.2530322184,-867.6389804188657,-330.05477680629394,24.27788264020927,HOLD,0
2022-04-18 05:30:00,39678.11,41116.73,38536.51,40801.13,54243.49575,1679.832857142857,10.616465056087154,0.02790987484302576,42199.790199999996,41239.586,48117.6322,41563.3626531911,-846.3731143301993,-433.31844431107504,29.404197147923654,HOLD,0
2022-04-19 05:30:00,40801.13,41760.0,40571.0,41493.18,35788.85843,1632.8907142857138,10.63328435536453,0.016819299277376132,42166.453799999996,41235.8716,48084.39005000001,41554.58982154221,-764.860277772641,-499.62681100338824,35.3207615782609,SHORT,-1
2022-04-20 05:30:00,41493.19,42199.0,40820.0,41358.19,40877.35041,1560.9521428571425,10.630025746135749,-0.0032586092287818502,42105.193600000006,41231.2286,48053.0065,41530.03984384944,-703.0490208939518,-540.311252981501,42.084371407506296,HOLD,0
2022-04-21 05:30:00,41358.19,42976.0,39751.0,40480.01,59316.27657,1707.4778571428567,10.60856355099689,-0.021462195138859386,42036.934199999996,41208.7358,48014.406500000005,41398.78611336826,-716.663688343484,-575.5817400538976,37.70247777536231,HOLD,0
2022-04-22 05:30:00,40480.01,40795.06,39177.0,39709.18,46664.0196,1689.9478571428565,10.589337674201689,-0.01922587679520049,41982.037800000006,41166.801,47966.827699999994,41187.58534919723,-780.6540552815059,-616.5962030994193,39.06835336814384,HOLD,0
2022-04-23 05:30:00,39709.19,39980.0,39285.0,39441.6,20291.42375,1691.4107142857138,10.582576375845033,-0.006761298356655843,41987.8966,41135.6159,47906.675749999995,40969.337180547576,-843.2380287482592,-661.9245682291873,35.467229894851016,HOLD,0
2022-04-24 05:30:00,39441.61,39940.0,38929.62,39450.13,26703.61186,1653.4164285714276,10.58279262157911,0.0002162457340766366,41988.94,41099.5176,47827.3514,40779.43628297913,-881.9810503675326,-705.9358646568564,37.47078990750832,HOLD,0
2022-04-25 05:30:00,39450.12,40616.0,38200.0,40426.08,63037.12784,1596.3657142857135,10.60723040022944,0.0244377786503307,42029.0454,41072.9355,47760.555700000004,40735.266747606736,-824.4306422303052,-729.6348201715463,54.890320917925536,HOLD,0
2022-04-26 05:30:00,40426.08,40797.31,37702.26,38112.65,66650.258,1714.2714285714271,10.548301527005394,-0.05892887322404583,42031.5384,41023.3454,47681.361800000006,40407.439654155896,-954.4931926386707,-774.6064946649713,41.02018010069458,HOLD,0
2022-04-27 05:30:00,38112.64,39474.72,37881.31,39235.72,57083.12272,1687.174285714285,10.577342835355347,0.029041308349953,42041.640199999994,40993.6864,47602.7918,40260.97469738641,-955.9270062903743,-810.8705969900519,41.290030456445834,HOLD,0
2022-04-28 05:30:00,39235.72,40372.63,38881.43,39742.07,56086.6715,1654.5414285714276,10.590165603324987,0.01282276796963977,41997.6474,40967.585900000005,47528.20715,40196.11161021311,-905.7640169144724,-829.849280974936,49.02547077190733,HOLD,0
2022-04-29 05:30:00,39742.06,39925.25,38175.0,38596.11,51453.65715,1700.7049999999992,10.560906773172487,-0.02925883015250008,41981.1296,40936.9469,47433.830949999996,39996.11140893647,-947.5560449884506,-853.390633777639,40.95689638431213,HOLD,0
2022-04-30 05:30:00,38596.11,38795.38,37578.2,37630.8,35321.18989,1736.3749999999995,10.53557814299477,-0.02532863017771625,41959.1542,40906.4458,47342.0003,39700.447482819414,-1046.5055137644958,-892.0136097750104,38.16151020650828,HOLD,0
2022-05-01 05:30:00,37630.8,38675.0,37386.38,38468.35,38812.24104,1753.4549999999997,10.557591104262439,0.022012961267668274,41952.374,40926.6762,47247.50705,39546.43529746698,-1045.2909321643674,-922.669074252882,44.84888173934813,HOLD,0
2022-05-02 05:30:00,38468.35,39167.34,38052.0,38525.16,53200.92628,1648.8207142857136,10.559066813327,0.0014757090645609594,41967.3304,40961.213599999995,47153.393149999996,39418.77588528361,-1027.8953376666686,-943.7143269356393,39.34130654075883,HOLD,0
2022-05-03 05:30:00,38525.16,38651.51,37517.8,37728.95,40316.45358,1644.871428571428,10.53818298325757,-0.02088383006942962,41928.482,40976.0576,47033.6758,39207.547649623164,-1066.0677312919288,-968.1850078068973,32.54189179788048,HOLD,0
2022-05-04 05:30:00,37728.95,40023.77,37670.0,39690.0,62574.61736,1714.4978571428562,10.588854545777112,0.050671562519541524,41936.6754,41006.3541,46927.74795,39267.854193420266,-927.3889202428618,-960.0257902940903,43.38377432514649,HOLD,0
2022-05-05 05:30:00,39690.0,39845.51,35571.9,36552.97,88722.43355,1789.3985714285704,10.50651772042656,-0.08233682535055209,41845.4548,41002.3006,46802.87115,38928.49366924273,-1058.4163028084877,-979.7038927969699,36.791571985367625,HOLD,0
2022-05-06 05:30:00,36552.97,36675.63,35258.0,36013.77,68437.80187,1775.082142857142,10.49165664430377,-0.01486107612278964,41747.372200000005,40994.344900000004,46672.890799999994,38564.15321058739,-1192.0244651854518,-1022.1680072746663,37.37391545596121,HOLD,0
2022-05-07 05:30:00,36013.77,36146.3,34785.0,35472.39,34281.70682,1822.6749999999993,10.476509926382933,-0.015146717920837105,41621.6698,40977.467800000006,46528.849799999996,38177.68280926397,-1326.3059090399329,-1082.9955876277197,36.68749911959019,HOLD,0
2022-05-08 05:30:00,35472.4,35514.22,33713.95,34038.4,72445.64344,1879.095714285714,10.435244578057345,-0.041265348325588036,41458.4152,40940.686200000004,46369.03475,37660.272458105974,-1530.7899358884315,-1172.5544572798622,33.433435639727236,HOLD,0
2022-05-09 05:30:00,34038.39,34243.15,30033.33,30076.31,191876.926428,2007.225714285714,10.311493097666503,-0.12375148039084216,41234.6992,40859.780900000005,46208.45055000001,36712.277150842725,-1989.617479021712,-1335.9670616282322,23.2140906848701,HOLD,0
2022-05-10 05:30:00,30074.23,32658.99,29730.4,31017.1,165532.00311,1995.3357142857144,10.342293944288036,0.03080084662153304,41034.9962,40791.134300000005,46060.09495,36000.38000698738,-2251.3752694649156,-1519.0487031955688,30.231701602347826,HOLD,0
2022-05-11 05:30:00,31017.11,32162.59,27785.0,29103.94,207063.739278,2194.2057142857143,10.278628839183487,-0.06366510510454937,40769.7924,40697.504700000005,45899.1809,35138.32500611396,-2583.4162133225254,-1731.9222052209602,22.963001310783866,HOLD,0
2022-05-12 05:30:00,29103.94,30243.0,26700.0,29029.75,204507.263138,2340.7628571428572,10.276076445200678,-0.0025523939828087094,40492.7322,40600.85630000001,45740.068549999996,34374.753130349716,-2820.039901948039,-1949.545744566376,20.738913242049037,HOLD,0
2022-05-13 05:30:00,29029.74,31083.37,28751.67,29287.05,97872.36957,2382.2950000000005,10.284900717781236,0.008824272580557846,40198.644,40524.7632,45571.1099,33738.790239056005,-2952.7662687976845,-2150.1898494126376,23.27449492020584,HOLD,0
2022-05-14 05:30:00,29287.05,30343.27,28630.0,30086.74,51095.87863,2417.73,10.31183982211297,0.026939104331734853,39914.1156,40452.514500000005,45419.89955,33282.283959174005,-2959.311470531189,-2312.014173636348,28.133717168953368,HOLD,0
2022-05-15 05:30:00,30086.74,31460.0,29480.0,31328.89,46275.66912,2467.1142857142854,10.352295954017615,0.040456131904644366,39650.468,40350.0609,45284.4768,33038.109714277256,-2831.626241455946,-2415.9365872002677,29.780674526933964,HOLD,0
2022-05-16 05:30:00,31328.89,31328.9,29087.04,29874.01,73082.19658,2547.5800000000004,10.30474415060942,-0.047551803408195426,39311.393000000004,40234.9751,45130.967399999994,32642.5972499926,-2815.3775150698566,-2495.8247727741855,27.297275877796324,HOLD,0
2022-05-17 05:30:00,29874.01,30788.37,29450.38,30444.93,56724.13307,2562.171428571429,10.323674756811915,0.018930606202495426,38977.8474,40115.615699999995,44971.923500000004,32367.888843743523,-2725.01948140475,-2541.6637145002983,30.656231045336114,HOLD,0
2022-05-18 05:30:00,30444.93,30709.99,28654.47,28715.32,59749.15799,2540.8678571428577,10.265186057237695,-0.05848869957421954,38603.457800000004,39964.369,44806.20415,31911.317738275582,-2761.146384015796,-2585.560248403398,20.492429171699,HOLD,0
2022-05-19 05:30:00,28715.33,30545.18,28691.38,30319.23,67877.36415,2368.024285714286,10.319537443655465,0.054351386417769376,38268.4826,39827.1314,44651.3013,31712.306770991137,-2630.0376452180026,-2594.4557277663193,31.73344366785713,HOLD,0
2022-05-20 05:30:00,30319.22,30777.33,28730.0,29201.01,60517.25325,2413.002857142858,10.281958576699282,-0.03757886695618318,37942.296,39675.4143,44492.7508,31398.394674617248,-2586.5479194337677,-2592.874166099809,30.69195138043382,HOLD,0
2022-05-21 05:30:00,29201.01,29656.18,28947.28,29445.06,20987.13124,2366.4028571428576,10.290281433073996,0.00832285637471486,37605.5274,39534.9105,44323.876150000004,31154.227840290092,-2503.530066817246,-2575.005346243296,32.62511566767273,HOLD,0
2022-05-22 05:30:00,29445.07,30487.99,29255.11,30293.94,36158.98748,2325.8750000000005,10.318702971494794,0.028421538420797532,37295.186200000004,39414.1126,44160.86345,31046.69186025383,-2342.240409447404,-2528.452358884118,38.82906996725505,HOLD,0
2022-05-23 05:30:00,30293.93,30670.51,28866.35,29109.15,63901.49932,2154.042142857143,10.278807836725582,-0.03989513476921225,36949.2222,39283.0254,43999.43415,30804.4991277221,-2283.694832767931,-2479.5008536608807,46.54154395410276,HOLD,0
2022-05-24 05:30:00,29109.14,29845.86,28669.0,29654.58,59442.96036,2028.9185714285718,10.297371861299492,0.018564024573910487,36610.7036,39159.0346,43843.02144999999,30660.759236756836,-2168.2906934006205,-2417.258821608829,44.98600887012611,HOLD,0
2022-05-25 05:30:00,29654.58,30223.74,29294.21,29542.15,59537.38659,1782.6285714285718,10.29357333610441,-0.0037985251950818366,36291.5956,39029.0967,43683.37915,30520.93308216223,-2062.133254370383,-2346.2337081611395,51.85895668331008,HOLD,0
2022-05-26 05:30:00,29542.14,29886.64,28019.56,29201.35,94581.65463,1662.9200000000003,10.281970220064379,-0.011603116040031836,36012.213200000006,38875.6616,43513.01795,30355.985196891954,-1982.6477023738116,-2273.5165070036737,50.711852425857,HOLD,0
2022-05-27 05:30:00,29201.35,29397.66,28282.9,28629.8,90998.5201,1575.9957142857145,10.262203412388404,-0.019766807675974718,35715.9254,38723.224,43318.537800000006,30140.21204728046,-1943.3721536314988,-2207.4876363292387,47.3427932185738,HOLD,0
2022-05-28 05:30:00,28629.81,29266.0,28450.0,29031.33,34479.35127,1511.9050000000002,10.27613087064369,0.013927458255286851,35451.5118,38608.380300000004,43128.956150000005,30001.601791370405,-1858.4231379088087,-2137.6747366451527,45.5911238475581,HOLD,0
2022-05-29 05:30:00,29031.33,29587.78,28839.21,29468.1,27567.34764,1423.9457142857143,10.291063601308553,0.014932730664861893,35185.7944,38503.3169,42951.8845,29934.914067449106,-1735.84697871971,-2057.309185060064,41.66594259824414,HOLD,0
2022-05-30 05:30:00,29468.1,32222.0,29299.62,31734.22,96785.9476,1472.554285714286,10.36515087289747,0.07408727158891715,34977.3018,38419.8674,42786.68429999999,30159.82730901797,-1439.2566889992522,-1933.6986858479017,57.76704988137797,HOLD,0
2022-05-31 05:30:00,31734.23,32399.0,31200.01,31801.04,62433.11632,1462.6257142857146,10.367254272636007,0.002103399738537348,34822.713599999995,38354.0089,42625.078349999996,30364.978895390723,-1185.153223389214,-1783.9895933561643,55.91108290449494,CLOSE_STOP,1
2022-06-01 05:30:00,31801.05,31982.97,29301.0,29805.83,103395.63382,1507.3721428571432,10.302459290942853,-0.06479498169315434,34617.3314,38281.9856,42452.2075,30295.085283466884,-1131.725343228769,-1653.5367433306853,54.64580186103024,SHORT,-1
2022-06-02 05:30:00,29805.84,30689.0,29594.55,30452.62,56961.42928,1453.1328571428578,10.323927312129522,0.021468021186668906,34403.428,38204.20849999999,42276.8751,30314.777123033524,-1025.3729545762399,-1527.9039855797964,50.618727033718976,HOLD,0
2022-06-03 05:30:00,30452.63,30699.0,29282.36,29700.21,54067.44727,1408.0835714285718,10.298909395472865,-0.025017916656656425,34198.5846,38128.7105,42107.342450000004,30237.95623265433,-990.3845822179719,-1420.4001049074316,52.39687024058969,HOLD,0
2022-06-04 05:30:00,29700.21,29988.88,29485.0,29864.04,25617.90113,1393.4392857142861,10.304410359998826,0.0055009645259609385,33984.8274,38044.078799999996,41956.3683,30191.21670357254,-938.6165459575896,-1324.0433931174632,52.02731734885845,HOLD,0
2022-06-05 05:30:00,29864.03,30189.0,29531.42,29919.21,23139.9281,1352.346428571429,10.306256027996513,0.0018456679976868173,33775.6374,37951.07920000001,41804.24,30157.21586562597,-882.9600326942418,-1235.826721032819,48.03593423238799,HOLD,0
2022-06-06 05:30:00,29919.2,31765.64,29890.23,31373.1,68836.92456,1357.4357142857148,10.353706116831464,0.04745008883495139,33609.537000000004,37873.643,41676.647399999994,30309.201382422725,-713.3124507050743,-1131.32386696727,61.54046132279851,HOLD,0
2022-06-07 05:30:00,31373.1,31589.6,29218.96,31125.33,110674.51658,1442.7057142857145,10.345777236120442,-0.007928880711022046,33416.02099999999,37807.9056,41542.01285,30411.217459619882,-592.0338898793125,-1023.4658715496786,57.73176365695204,HOLD,0
2022-06-08 05:30:00,31125.32,31327.22,29843.88,30204.77,68542.61276,1482.2635714285716,10.31575513791051,-0.030022098209931514,33190.252799999995,37678.3533,41394.49915,30385.411527167395,-563.703235216628,-931.5133442830685,53.21061087950445,HOLD,0
2022-06-09 05:30:00,30204.77,30700.0,29944.1,30109.93,46291.1865,1402.893571428572,10.312610296664044,-0.0031448412464669673,32965.2876,37535.2406,41251.9387,30350.97633627147,-542.6484689114877,-853.7403692087523,54.509860760071724,HOLD,0
2022-06-10 05:30:00,30109.93,30382.8,28850.0,29091.88,76204.2498,1432.7535714285718,10.278214376420605,-0.03439592024343874,32737.525,37387.2296,41116.1622,30193.589294237536,-601.1805070608934,-803.2283967791807,52.196247823144255,HOLD,0
2022-06-11 05:30:00,29091.87,29440.41,28099.99,28424.7,65901.39895,1470.2121428571431,10.255013764473333,-0.02320061194727252,32511.8354,37246.9366,40970.57935,29972.478132457843,-693.410217781242,-781.2647609795929,47.18772860744282,HOLD,0
2022-06-12 05:30:00,28424.71,28544.96,26560.0,26574.53,92474.598809,1558.5257142857147,10.187708517258834,-0.06730524721449882,32254.494,37121.1953,40817.76055,29547.734615900612,-905.3597607355769,-806.0837609307898,38.13994971640676,HOLD,0
2022-06-13 05:30:00,26574.53,26895.84,21925.77,22487.41,254611.034966,1704.7892857142858,10.020710876027323,-0.16699764123151084,31915.2396,36952.0898,40635.3958,28665.194038913036,-1387.1376674862877,-922.2945422418895,17.02234195755861,HOLD,0
2022-06-14 05:30:00,22485.27,23362.88,20846.0,22136.41,187201.64671,1798.9242857142858,10.00497904316007,-0.015731832867253104,31549.446200000002,36789.2458,40477.4452,27849.096034048907,-1776.791153772614,-1093.1938645480345,16.21701357453408,HOLD,0
2022-06-15 05:30:00,22136.42,22800.0,20111.62,22583.72,200774.493467,1799.382142857143,10.024984571698479,0.020005528538408868,31238.867599999998,36635.203,40316.758649999996,27190.924029792794,-2026.1440429852883,-1279.7839002354854,21.691521461513673,HOLD,0
2022-06-16 05:30:00,22583.72,22995.73,20232.0,20401.31,99673.59429,1918.6164285714287,9.923354393456844,-0.1016301782416349,30862.1794,36451.9098,40132.3908,26342.222276068693,-2372.511417234702,-1498.3294036353288,14.835173677607514,HOLD,0
2022-06-17 05:30:00,20400.6,21365.43,20246.66,20468.81,86694.33663,1897.3400000000001,9.926657543111077,0.00330314965423284,30476.714200000002,36237.1808,39945.8536,25608.045741560105,-2611.4600846126195,-1720.955539830787,16.077990416556432,HOLD,0
2022-06-18 05:30:00,20468.81,20792.06,17622.0,18970.79,196441.655524,2087.781428571429,9.850655706764105,-0.07600183634697188,30084.207799999996,36032.6687,39755.954750000004,24778.388773865092,-2888.4105210527305,-1954.446536075176,13.545755669470353,HOLD,0
2022-06-19 05:30:00,18970.79,20815.95,17960.41,20574.0,128320.87595,2244.7785714285715,9.931783421690975,0.0811277149268701,29743.071799999998,35851.113000000005,39572.9044,24252.840177131955,-2944.5867260009327,-2152.4745740603275,21.662341568909767,HOLD,0
2022-06-20 05:30:00,20574.0,21090.0,19637.03,20573.89,109028.94154,2214.604285714286,9.931778075122779,-5.346568196173962e-06,29385.182600000004,35668.7783,39393.37215,23792.971404990458,-2955.051653228147,-2312.9899898938916,14.087028815616634,HOLD,0
2022-06-21 05:30:00,20573.9,21723.0,20348.4,20723.52,104371.0749,2143.4585714285718,9.939024566114622,0.0072464909918430465,29029.1498,35498.240099999995,39228.9845,23409.289979366647,-2917.638571674219,-2433.919706249957,15.181316867854633,HOLD,0
2022-06-22 05:30:00,20723.51,20900.0,19770.51,19987.99,92133.97938,2118.1835714285717,9.90288687216379,-0.03613769395083111,28674.3306,35301.4063,39083.1621,22981.627481945816,-2913.7516437140257,-2529.8860937427708,15.371730630528035,HOLD,0
2022-06-23 05:30:00,19988.0,21233.0,19890.07,21110.13,83127.08716,2160.114285714286,9.957508299042258,0.054621426878467716,28302.7332,35119.704300000005,38941.7311,22747.69029670259,-2787.9857412527454,-2581.506023244766,21.48240298414767,HOLD,0
2022-06-24 05:30:00,21110.12,21558.41,20736.72,21237.69,77430.36622,2109.3207142857145,9.96353271237925,0.00602441333699133,27996.427600000003,34920.9412,38795.709950000004,22558.940259614767,-2647.503558512395,-2594.7055302982917,23.623990774329044,HOLD,0
2022-06-25 05:30:00,21237.68,21614.5,20906.62,21491.19,51431.67794,2064.139285714286,9.975398362696273,0.01186565031702358,27705.976000000002,34726.6741,38650.22115,22425.471477162922,-2487.0459673795012,-2573.173617714534,26.050399268818893,HOLD,0
2022-06-26 05:30:00,21491.18,21888.0,20964.73,21038.07,53278.10464,1988.3042857142862,9.954088932606165,-0.021309430090107995,27417.289600000004,34519.4797,38503.055550000005,22252.04629251756,-2369.135251051681,-2532.3659443819633,28.83318448466757,HOLD,0
2022-06-27 05:30:00,21038.08,21539.85,20510.0,20742.56,64475.0013,1706.8600000000004,9.939942907146044,-0.014146025460121336,27151.372799999997,34304.894,38369.0404,22063.360505952864,-2273.329815170324,-2480.5587185396353,40.60549935121224,HOLD,0
2022-06-28 05:30:00,20742.57,21212.1,20202.01,20281.29,63801.0832,1599.2321428571431,9.91745406514958,-0.022488841996464615,26955.4724,34095.0858,38234.74415,21840.60169270876,-2209.1581509878342,-2426.2786050292752,40.12900108760198,HOLD,0
2022-06-29 05:30:00,20281.28,20432.31,19854.92,20123.01,77309.04379,1448.4471428571433,9.909619215410041,-0.007834849739538186,26737.5906,33886.293399999995,38088.40925,21625.902731120164,-2146.3319394375867,-2370.2892719109377,36.49117952873308,HOLD,0
2022-06-30 05:30:00,20123.0,20179.08,18626.0,19942.21,93846.64806,1361.9721428571434,9.900593869871853,-0.009025345538187679,26554.356,33662.0742,37937.8508,21415.44113973014,-2087.0722929017793,-2313.645876109106,46.76971312294367,HOLD,0
2022-07-01 05:30:00,19942.21,20918.35,18975.0,19279.8,111844.59494,1420.8707142857147,9.866813194666749,-0.033780675205104416,26359.357000000004,33426.0446,37800.73605,21148.485997263873,-2069.7013186312615,-2264.8569646135375,42.280248640127546,HOLD,0
2022-07-02 05:30:00,19279.8,19467.39,18977.01,19252.81,46180.3021,1229.4650000000004,9.865412303088734,-0.001400891578015262,26158.6722,33178.6581,37655.2837,20911.52649760589,-2034.6582895745123,-2218.817229605733,52.263381091032834,HOLD,0
2022-07-03 05:30:00,19252.82,19647.63,18781.0,19315.83,51087.46631,1087.4000000000003,9.868680245960709,0.0032679428719752934,25943.254000000004,32928.6848,37507.53795,20712.064435405155,-1978.988699406691,-2170.8515235659243,36.586301965726136,HOLD,0
2022-07-04 05:30:00,19315.83,20354.01,19055.31,20236.71,74814.04601,1076.3807142857145,9.9152535607817,0.04657331482099103,25721.4104,32685.9392,37370.5596,20652.64513097951,-1839.359833042654,-2104.55318546127,46.9951734561476,HOLD,0
2022-07-05 05:30:00,20236.71,20750.0,19304.4,20175.83,96041.13756,1081.452142857143,9.912240632316704,-0.003012928464995568,25527.446799999998,32419.419899999997,37240.78275,20593.04323960707,-1713.8591561700596,-2026.414379603028,45.040737863304045,HOLD,0
2022-07-06 05:30:00,20175.84,20675.22,19761.25,20564.51,82439.5808,1066.0578571428573,9.931322053490312,0.019081421173607893,25329.838399999997,32153.8429,37109.4329,20589.476584656186,-1564.9954445898802,-1934.1305926003986,55.57019849121938,HOLD,0
2022-07-07 05:30:00,20564.51,21838.1,20251.68,21624.98,85014.58261,1083.45,9.981604406944161,0.05028235345384857,25188.0316,31895.744700000003,36984.15165,20718.914511574163,-1345.9337281713379,-1816.4912197145864,55.034351122645134,CLOSE_STOP,1
2022-07-08 05:30:00,21624.99,22527.37,21189.26,21594.75,403081.57349,1120.337142857143,9.980205508573912,-0.001398898370249313,25013.541999999998,31641.0123,36857.5546,20828.39394762739,-1161.3774121377573,-1685.4684581992205,53.55918214368308,HOLD,0
2022-07-09 05:30:00,21594.75,21980.0,21322.12,21591.83,178417.84468,1116.7657142857145,9.980070281380444,-0.00013522719346781287,24861.358399999997,31401.827199999996,36721.06435,20923.823454173966,-1003.7798720870924,-1549.1307409767949,51.05593164143654,HOLD,0
2022-07-10 05:30:00,21592.15,21607.65,20655.0,20862.47,192188.21556,1118.8642857142859,9.945707129982239,-0.034363151398205005,24689.7066,31147.617000000002,36582.4359,20916.15427240222,-927.0494931632093,-1424.7144914140779,48.25852391058573,HOLD,0
2022-07-11 05:30:00,20861.11,20868.48,19875.23,19963.61,137535.40724,1116.2500000000002,9.901666395235392,-0.04404073474684722,24483.1,30889.1431,36428.0599,20797.08623835194,-928.0723644546088,-1325.386066022184,43.10059255453891,HOLD,0
2022-07-12 05:30:00,19963.61,20059.42,19240.0,19328.75,139506.45862,1102.6307142857145,9.869348903789641,-0.03231749144575069,24287.492000000002,30618.3571,36270.603650000005,20613.54420855795,-968.9415386634828,-1254.0971605504437,41.81475396312538,HOLD,0
2022-07-13 05:30:00,19331.28,20366.61,18910.94,20234.87,209250.24888,1165.365,9.915162632777344,0.04581372898770297,24099.0978,30354.9007,36119.7797,20566.209932488204,-917.6364012070371,-1186.8050086817625,50.85175010051047,HOLD,0
2022-07-14 05:30:00,20234.87,20900.0,19616.07,20588.84,174809.21696,1146.1399999999999,9.93250446040662,0.017341827629275386,23920.031600000002,30105.813599999998,35968.84645,20569.038690927177,-838.7457504795384,-1117.1931570413176,54.79720757012606,LONG,1
2022-07-15 05:30:00,20588.84,21200.0,20382.29,20830.04,143343.3049,1065.7371428571428,9.944151454560423,0.011646994153803547,23752.6054,29882.409299999996,35819.48945,20601.66385456128,-748.1374543200509,-1043.3820164970643,62.26758503681292,HOLD,0
2022-07-16 05:30:00,20830.04,21588.94,20478.61,21195.6,121011.67393,1110.0192857142854,9.961548891949398,0.01739743738897559,23603.921399999996,29659.9234,35687.74875,20675.90587274112,-639.4607840603967,-962.5977700097308,64.59206160122937,HOLD,0
2022-07-17 05:30:00,21195.6,21684.54,20750.01,20798.16,118229.4525,1114.8692857142855,9.942619800237996,-0.01892909171140289,23439.258,29445.3849,35559.41625,20691.18763864848,-578.7325576853364,-885.824727544852,60.60105014281771,HOLD,0
2022-07-18 05:30:00,20799.58,22777.63,20762.45,22432.58,239942.73132,1166.0464285714286,10.018269645420173,0.07564984518217699,23298.547599999998,29242.171000000002,35435.974799999996,20908.86168381742,-394.1771375033313,-787.4952095365478,64.249698571182,HOLD,0
2022-07-19 05:30:00,22432.58,23800.0,21579.54,23396.62,263770.76574,1221.3935714285715,10.060346846468246,0.04207720104807322,23131.7956,29054.548699999996,35321.873250000004,21219.831473340244,-168.18691214702267,-663.6335500586428,68.7078378230812,HOLD,0
2022-07-20 05:30:00,23398.48,24276.74,22906.19,23223.3,238762.17094,1254.0064285714288,10.052911364017003,-0.007435482451242592,22960.2408,28891.4772,35199.3765,21470.26503917271,-3.0384801767322642,-531.5145360822606,65.83976446393743,HOLD,0
2022-07-21 05:30:00,23223.3,23442.77,22341.46,23152.19,184817.68191,1219.3557142857148,10.049844655472008,-0.0030667085449955778,22827.167999999998,28722.2497,35078.706549999995,21680.50565927612,120.71335091312358,-401.0689586831838,60.31423357614937,HOLD,0
2022-07-22 05:30:00,23152.19,23756.49,22500.0,22684.83,171598.43966,1213.525714285715,10.02945169813126,-0.020392957340748197,22671.8122,28537.620100000004,34959.900200000004,21806.046201866608,179.01198380787173,-285.0527701849727,56.951562009759556,HOLD,0
2022-07-23 05:30:00,22684.83,23000.77,21934.57,22451.07,122137.77375,1242.691428571429,10.019093553504561,-0.010358144626698262,22526.8294,28362.707000000002,34842.9955,21886.67417663328,204.00000691563037,-187.2422147648521,55.32275769447107,HOLD,0
2022-07-24 05:30:00,22448.58,23014.64,22257.15,22579.68,115189.67277,1228.751428571429,10.024805665769751,0.0057121122651899725,22381.142200000002,28182.9848,34738.638249999996,21973.299904554122,231.5122186733861,-103.49132807720446,61.49307354265972,HOLD,0
2022-07-25 05:30:00,22577.13,22666.0,21250.0,21310.9,180344.76643,1258.9478571428574,9.966973957893947,-0.05783170787580438,22208.976000000002,27992.3067,34629.7812,21890.499916484856,149.2158350799109,-52.94989544578139,58.59180797265499,HOLD,0
2022-07-26 05:30:00,21310.9,21347.82,20706.5,21254.67,177817.24326,1246.2264285714289,9.96433191491372,-0.0026420429802271883,22006.607399999997,27808.0722,34528.22215,21811.021176924245,78.55256206416743,-26.649403943791626,63.26040496177318,HOLD,0
2022-07-27 05:30:00,21254.67,23112.63,21042.53,22952.45,210971.19796,1290.114285714286,10.041179963603545,0.07684804868982553,21843.149800000003,27629.5854,34434.5857,21953.699779808718,157.72985457816685,10.22644776060007,66.87187561308139,HOLD,0
2022-07-28 05:30:00,22954.31,24199.72,22582.13,23842.93,236029.0741,1313.9471428571433,10.079243016311933,0.03806305270838806,21715.913000000004,27453.0829,34344.47725,22189.853557332626,289.00129623923567,65.9814174563272,68.9409540528679,HOLD,0
2022-07-29 05:30:00,23845.25,24442.66,23414.03,23773.75,198298.50623,1329.0128571428577,10.076337309795871,-0.0029057065160618123,21589.1894,27277.238499999996,34254.23355,22387.84061266605,383.03719729860677,129.3925734247831,67.48447090603904,HOLD,0
2022-07-30 05:30:00,23777.28,24668.0,23502.25,23643.51,151060.13211,1332.9714285714292,10.070843937655752,-0.005493372140119135,21480.222,27108.8735,34158.80465,22544.799286082794,441.9574366209199,191.90554606401048,64.95774647887323,HOLD,0
2022-07-31 05:30:00,23644.64,24194.82,23227.31,23293.32,127743.32483,1335.3271428571431,10.055921903169875,-0.014922034485877589,21377.594399999998,26944.7149,34055.75795,22638.364375322446,455.14808068688217,244.55405298858483,65.33501321369306,HOLD,0
2022-08-01 05:30:00,23296.36,23509.68,22850.0,23268.01,144210.16219,1238.5057142857147,10.054834734805357,-0.001087168364517055,21311.464,26782.979000000003,33959.29745,22717.07007840714,458.2767268275966,287.2985877563872,56.400398995463,HOLD,0
2022-08-02 05:30:00,23266.9,23459.89,22654.37,22987.79,158073.28225,1137.438571428572,10.042718484384931,-0.012116250420426411,21321.4716,26618.3556,33858.93659999999,22750.91006860625,433.151686318728,316.46920746885536,46.50128282587973,HOLD,0
2022-08-03 05:30:00,22985.93,23647.68,22681.22,22818.37,145948.80995,1108.5750000000003,10.035321192293496,-0.007397292091434693,21335.110800000002,26442.278499999997,33757.606999999996,22759.342560030465,395.0156382127061,332.1784936176255,46.532343838579685,HOLD,0
2022-08-04 05:30:00,22816.91,23223.32,22400.0,22622.98,154854.67016,1088.7185714285715,10.026721482814317,-0.008599709479179651,21335.896,26287.381799999996,33655.363600000004,22742.29724002666,345.04869866283116,334.75253462666666,45.56251519801442,HOLD,0
2022-08-05 05:30:00,22622.41,23472.86,22586.95,23312.42,175251.69749,1062.2485714285715,10.056741544744895,0.03002006193057838,21394.118199999997,26128.148800000003,33560.9176,22813.562585023326,356.96669532702435,339.1953667667382,55.073459627519966,HOLD,0
2022-08-06 05:30:00,23313.56,23354.36,22909.52,22954.21,83911.80307,1017.8657142857143,10.041256640931012,-0.015484903813883122,21443.826199999996,25960.2702,33463.92805,22831.14351189541,333.66100387786355,338.0884941889633,53.98717485434615,HOLD,0
2022-08-07 05:30:00,22954.21,23402.0,22844.62,23174.39,88890.00877,1003.572142857143,10.050803068620542,0.00954642768953029,21527.898200000003,25806.053,33371.49995,22874.049322908482,329.1633709319103,336.3034695375527,54.645409737464945,HOLD,0
2022-08-08 05:30:00,23174.39,24245.0,23154.25,23810.0,170958.44152,980.3400000000001,10.077860939480908,0.02705787086036615,21592.618200000004,25667.845,33287.1454,22991.043157544922,372.5923665334303,343.56124893672825,71.66393891689837,HOLD,0
2022-08-09 05:30:00,23810.98,23933.25,22865.0,23149.95,143182.50858,1010.8350000000002,10.049747899684833,-0.028113039796075157,21644.1394,25514.661,33220.6686,23010.90651285181,349.7183047792605,344.79266010523475,64.87263995480015,HOLD,0
2022-08-10 05:30:00,23151.32,24226.0,22664.69,23954.05,208916.54953,974.4928571428572,10.083892690839331,0.03414479115449787,21708.75,25368.949899999996,33165.08175,23128.799448745332,391.95636688320883,354.2254014608296,59.141989258892806,HOLD,0
2022-08-11 05:30:00,23954.05,24918.54,23852.13,23934.39,249759.79557,935.1228571428572,10.083071615811432,-0.0008210750278987433,21787.678,25231.0043,33103.53095,23229.49826765217,419.0138073705384,367.18308264277135,50.99257683625628,HOLD,0
2022-08-12 05:30:00,23933.09,24456.5,23583.0,24403.68,174207.5704,924.0421428571428,10.102489219581281,0.019417603769849023,21853.549000000003,25078.141100000004,33042.2476,23376.270984195646,472.8738099475595,388.32122810372897,56.290103868144776,HOLD,0
2022-08-13 05:30:00,24401.7,24888.0,24291.22,24441.38,152852.25435,883.4014285714285,10.104032876503238,0.001543656921956682,21917.622799999997,24957.0252,32979.6629,23509.40961117119,512.6903497449675,413.1950524319767,58.11706346380404,HOLD,0
2022-08-14 05:30:00,24443.06,25047.56,24144.0,24305.24,151206.14473,878.8335714285715,10.098447243942221,-0.005585632561016851,21973.9038,24839.939899999998,32917.142400000004,23608.88840977479,527.182848449549,435.99261163549124,60.76345751289167,HOLD,0
2022-08-15 05:30:00,24305.25,25211.32,23773.22,24094.82,242539.54758,934.4350000000001,10.08975215861698,-0.008695085325241436,22035.0388,24726.1642,32851.816,23669.629858552944,515.7439474522871,451.9428787988505,58.46130544861366,HOLD,0
2022-08-16 05:30:00,24093.04,24247.49,23671.22,23854.74,179324.94821,918.0600000000001,10.07973821870825,-0.010013939908729341,22097.282400000004,24624.327599999997,32782.5069,23692.768626233825,481.7527407170819,457.9048511824968,58.945578441873096,HOLD,0
2022-08-17 05:30:00,23856.15,24446.71,23180.4,23342.66,210668.68766,939.477857142857,10.058037866784627,-0.02170035192362363,22158.5098,24556.9911,32708.386000000002,23649.005047954597,408.7817070559722,448.08022235719193,55.052569699422754,HOLD,0
2022-08-18 05:30:00,23342.66,23600.0,23111.04,23191.2,144185.97011,915.5949999999999,10.051528175353209,-0.006509691431418219,22219.8736,24478.7321,32634.933200000003,23591.779416960275,334.86990909292945,425.43815970433945,55.52268282916249,HOLD,0
2022-08-19 05:30:00,23191.45,23208.67,20783.57,20834.39,283995.87747,1025.5371428571427,9.944360265770168,-0.10716790958304045,22237.717200000003,24396.036599999996,32546.77065,23247.10573984024,85.13798864788987,357.37812549304954,31.810728163962793,CLOSE_STOP,-1
2022-08-20 05:30:00,20834.39,21382.85,20761.9,21140.07,183041.68363,1038.116428571428,9.958925570677025,0.014565304906856369,22274.9226,24317.1398,32458.998050000002,22983.72627236021,-87.10642752583954,268.4812148892717,36.5803357172235,HOLD,0
2022-08-21 05:30:00,21140.07,21800.0,21069.11,21515.61,159200.6841,1050.5099999999995,9.976533997183122,0.017608426506097175,22320.1786,24239.4254,32382.094299999997,22800.211738315185,-191.10548375851795,176.5638751597138,38.00526999314497,HOLD,0
2022-08-22 05:30:00,21516.7,21548.71,20890.18,21399.83,222222.04526,1019.6371428571422,9.971138257053155,-0.005395740129966242,22361.8586,24152.5563,32302.5354,22625.16402102579,-279.6443969464199,85.32222073848708,31.15520603491281,HOLD,0
2022-08-23 05:30:00,21400.75,21684.87,20890.14,21529.12,200967.77164,1000.0999999999993,9.977161716322891,0.006023459269735909,22387.706799999996,24054.558600000004,32202.30975,22488.158518397566,-335.5119283962413,1.155390911541403,36.17989676041901,HOLD,0
2022-08-24 05:30:00,21529.11,21900.0,21145.0,21368.08,174383.22046,942.5064285714278,9.969653498698925,-0.007508217623966473,22411.5518,23969.499299999996,32102.237199999996,22348.14870359787,-388.30578433674236,-76.73684413811536,25.23477438100585,HOLD,0
2022-08-25 05:30:00,21368.05,21819.88,21310.15,21559.04,169915.78301,902.7435714285706,9.978550497129913,0.00889699843098768,22431.442400000004,23880.6404,31998.128049999996,22249.51011564814,-410.0100784857168,-143.39149100763564,27.97448940798587,HOLD,0
2022-08-26 05:30:00,21559.04,21886.77,20107.9,20241.05,273811.61955,967.4128571428563,9.915467999526168,-0.06308249760374451,22403.763800000004,23795.8977,31880.13335,21998.45260119212,-527.4811912407749,-220.20943105426352,16.650777042671223,HOLD,0
2022-08-27 05:30:00,20239.14,20402.93,19800.0,20037.6,162582.46032,967.8521428571421,9.9053657875479,-0.010102211978267661,22372.6208,23693.081400000003,31760.1064,21753.346026043106,-629.735411305388,-302.1146271044884,15.631555616602526,HOLD,0
2022-08-28 05:30:00,20037.6,20171.18,19520.0,19555.61,139307.95976,949.8249999999991,9.881017480771103,-0.024348306776797557,22331.8964,23596.6274,31636.02085,21478.629022787718,-741.1219892898516,-389.91609954156104,14.830945847284795,HOLD,0
2022-08-29 05:30:00,19555.61,20433.62,19550.79,20285.73,210509.49545,910.1628571428563,9.917672962175672,0.0366554814045692,22320.3616,23505.0341,31519.9723,21329.516644939253,-761.7016502259467,-464.2732096784382,23.810859607797823,HOLD,0
2022-08-30 05:30:00,20287.2,20576.25,19540.0,19811.66,256634.35529,943.0185714285706,9.894025932244498,-0.0236470299311744,22317.3226,23400.211300000003,31407.16195,21139.784564321846,-806.9625053727286,-532.8110688172964,23.068612065129614,HOLD,0
2022-08-31 05:30:00,19813.03,20490.0,19797.94,20050.02,276946.60765,902.0007142857137,9.905985430240452,0.011959497995954749,22331.748,23309.620000000006,31296.3227,21003.563993781612,-814.2126624777848,-589.0913875493941,27.23731911610581,SHORT,-1
2022-09-01 05:30:00,20048.44,20208.37,19565.66,20131.46,245289.97263,912.9828571428565,9.9100390445681,0.004053614327647281,22329.679799999998,23214.388800000004,31186.7117,20894.55099455891,-804.1175700389795,-632.0966240473113,28.640618106476467,HOLD,0
2022-09-02 05:30:00,20132.64,20441.26,19755.29,19951.86,245986.6033,788.759285714285,9.901077651054782,-0.008961393513317262,22316.9402,23118.4859,31073.791299999997,20776.71462023905,-801.3716421163917,-665.9516276611273,41.14869486551488,HOLD,0
2022-09-03 05:30:00,19950.98,20055.93,19652.72,19831.9,146639.03204,773.206428571428,9.895047031346525,-0.0060306197082571344,22296.977399999996,23024.791400000002,30950.226500000004,20658.61279270917,-799.657292409338,-692.6927606107695,36.37206511389514,HOLD,0
2022-09-04 05:30:00,19832.45,20029.23,19583.1,20000.3,145588.77893,752.8664285714282,9.90350255242363,0.008455521077104677,22273.0714,22938.496399999996,30830.8602,20576.32369362052,-775.7676190786333,-709.3077323043423,33.502161155810015,HOLD,0
2022-09-05 05:30:00,20000.3,20057.27,19633.83,19796.84,222543.01057,736.0742857142852,9.89327760798624,-0.010224944437389638,22253.045,22846.1515,30727.2659,20478.888231917957,-764.4404092716286,-720.3342676977995,32.87451416947813,HOLD,0
2022-09-06 05:30:00,19795.34,20180.0,18649.51,18790.61,356315.05718,788.6285714285711,9.841112555957201,-0.052165052029039316,22180.2056,22739.376600000003,30621.346750000004,20267.85345292821,-827.1233029069226,-741.6920747396241,25.36012682942625,HOLD,0
2022-09-07 05:30:00,18790.61,19464.06,18510.77,19292.84,287394.7788,802.7921428571426,9.86748932160526,0.026376765648059575,22098.13,22614.962799999998,30517.415100000002,20145.976771312184,-826.7439938985954,-758.7024585714184,32.40803219932654,HOLD,0
2022-09-08 05:30:00,19292.85,19458.25,19012.0,19319.77,262813.28273,798.2578571428569,9.868884202933742,0.0013948813284816453,22020.0594,22490.1501,30422.079499999996,20042.70092489816,-814.8769683918035,-769.9373605354956,30.474536249853912,HOLD,0
2022-09-09 05:30:00,19320.54,21597.22,19291.75,21360.11,428919.74652,835.8721428571428,9.969280442873606,0.10039623993986346,21984.2178,22405.692900000002,30343.839250000005,20207.377059285893,-633.5309288250355,-742.6560741934037,58.66604301348395,CLOSE_STOP,1
2022-09-10 05:30:00,21361.62,21810.8,21111.13,21648.34,307997.33504,842.7821428571426,9.98268405612611,0.013403613252505053,21963.487999999998,22317.650100000003,30260.929300000003,20387.497426875158,-461.2382661579104,-686.372512586305,62.31196570743701,HOLD,0
2022-09-11 05:30:00,21647.21,21860.0,21350.0,21826.87,280702.55149,832.697857142857,9.990897058595195,0.008213002469084074,21951.004000000004,22238.916699999998,30183.813599999998,20567.41899851576,-306.7531513485337,-610.4486403387507,68.20532551018773,HOLD,0
2022-09-12 05:30:00,21826.87,22488.0,21538.51,22395.74,395395.61828,837.4592857142858,10.016626041185464,0.025728982590269567,21947.3252,22164.2337,30104.15625,20795.95912370129,-136.84209955943516,-515.7273321828876,67.36162194630268,HOLD,0
2022-09-13 05:30:00,22395.44,22799.0,19860.0,20173.57,431915.03333,973.37,9.912128610824324,-0.10449743036114079,21924.578599999997,22066.7773,30008.928249999997,20718.16048323863,-179.42857351886414,-448.4675804500829,52.31259784657656,LONG,1
2022-09-14 05:30:00,20173.62,20541.48,19617.62,20226.71,340826.40151,989.9271428571428,9.914759287178352,0.0026306763540286937,21904.0194,21955.313400000003,29914.478199999998,20656.7291728338,-206.51018618202215,-400.0761015964708,51.15641930851766,HOLD,0
2022-09-15 05:30:00,20227.17,20330.24,19497.0,19701.88,333069.76076,1003.5364285714287,9.888469341644868,-0.026289945533484627,21839.007999999998,21841.0789,29824.492249999996,20537.373026229576,-267.2413620727348,-373.5091536917236,47.34266824365453,HOLD,0
2022-09-16 05:30:00,19701.88,19890.0,19320.01,19803.3,283791.07064,995.2521428571433,9.893603869461947,0.005134527817078904,21758.2154,21737.0642,29707.70875,20445.613897950876,-303.6867977469701,-359.54468250277296,49.07204981048728,HOLD,0
2022-09-17 05:30:00,19803.3,20189.0,19748.08,20113.62,179350.24338,997.9457142857146,9.909152476512153,0.015548607050206442,21685.012799999997,21637.1011,29586.170850000006,20404.114660707015,-304.02522401313763,-348.4407908048459,51.718831984966606,HOLD,0
2022-09-18 05:30:00,20112.61,20117.26,19335.62,19416.18,254217.46904,1021.9107142857146,9.873862018068039,-0.03529045844411449,21600.466200000003,21540.344100000002,29463.78685,20280.622828118638,-356.461937195887,-350.0450200830541,46.65227747376819,HOLD,0
2022-09-19 05:30:00,19417.45,19686.2,18232.56,19537.02,380512.40306,1095.4964285714289,9.880066406289735,0.006204388221696888,21525.340199999995,21451.4673,29349.20195,20187.672474603805,-383.84292972144976,-356.8046020107333,48.49667651061388,HOLD,0
2022-09-20 05:30:00,19537.02,19634.62,18711.87,18875.0,324098.3286,1052.0864285714288,9.845593574117226,-0.034472832172509627,21437.48,21374.472,29247.833649999997,20023.58841527833,-453.7317081420915,-376.19002323700494,50.50853830940388,HOLD,0
2022-09-21 05:30:00,18874.31,19956.0,18125.98,18461.36,385034.10021,1114.7100000000003,9.823435178149202,-0.022158395968023825,21346.9514,21334.211499999998,29143.15065,19828.309863368537,-536.3140649315719,-408.2148315759183,44.93538578487268,HOLD,0
2022-09-22 05:30:00,18461.36,19550.17,18356.39,19401.63,379321.72111,1168.105,9.873112362140441,0.049677183991239104,21278.6166,21306.8637,29048.05475,19774.97488044747,-519.8962069753907,-430.5511066558128,50.448692510244406,HOLD,0
2022-09-23 05:30:00,19401.63,19500.0,18531.42,19289.91,385886.91829,1072.6128571428574,9.86733744025903,-0.005774921881410933,21211.9552,21273.925600000002,28954.564300000002,19714.341770391537,-510.0206065028797,-446.4450066252262,35.610500678395866,HOLD,0
2022-09-24 05:30:00,19288.57,19316.14,18805.34,18920.5,239496.56746,1059.122142857143,9.848001269317992,-0.019336170941038233,21124.116800000003,21259.1175,28855.51365,19615.111549092595,-525.9397160300832,-462.34394850619765,31.250979432602662,HOLD,0
2022-09-25 05:30:00,18921.99,19180.21,18629.2,18807.38,191191.4492,1062.0514285714287,9.842004624980683,-0.00599664433730851,21041.1802,21242.5032,28739.842,19514.14510545602,-541.4421555054687,-478.16358990605187,29.058107615120107,HOLD,0
2022-09-26 05:30:00,18809.13,19318.96,18680.72,19227.82,439239.21943,1039.8192857142856,9.864113467622,0.022108842641316073,20962.248799999998,21245.073499999995,28638.871100000004,19478.354467274017,-513.8782872254378,-485.3065293699291,27.56678440625538,HOLD,0
2022-09-27 05:30:00,19226.68,20385.86,18816.32,19079.13,593260.74161,942.0007142857141,9.856350346478404,-0.007763121143595342,20867.6314,21230.1248,28540.6189,19428.451408864767,-498.2878116530446,-487.9027858265522,39.02773043530567,HOLD,0
2022-09-28 05:30:00,19078.1,19790.0,18471.28,19412.82,521385.45547,970.2049999999999,9.873688951545162,0.017338605066758106,20792.8888,21218.5141,28443.646200000003,19426.497482756673,-453.77541270996517,-481.0773112032348,42.274931898212735,HOLD,0
2022-09-29 05:30:00,19412.82,19645.52,18843.01,19591.51,406424.93256,968.01,9.882851588110995,0.009162636565832827,20705.638,21207.194000000003,28352.71705,19447.12404741209,-399.4753233647061,-464.75691363552903,48.87874336358701,HOLD,0
2022-09-30 05:30:00,19590.54,20185.0,19155.36,19422.61,444322.9534,1000.8421428571427,9.874193130343098,-0.008658457767896977,20615.402400000003,21201.5402,28251.473249999995,19444.059791485575,-365.8535972581376,-444.97625036005076,46.18485164926572,HOLD,0
2022-10-01 05:30:00,19422.61,19484.0,19159.42,19310.95,165625.13959,992.532142857143,9.868427571519508,-0.005765558823590311,20513.5478,21183.5484,28151.62635,19427.42106754988,-344.24986771871045,-424.83097383178267,41.62232571343881,HOLD,0
2022-10-02 05:30:00,19312.24,19395.91,18920.35,19056.8,206812.47032,970.6692857142859,9.85517927224201,-0.013248299277497821,20405.856200000002,21161.739500000003,28041.34035,19381.093434106144,-343.67486745028145,-408.59975255548244,45.86657281401531,HOLD,0
2022-10-03 05:30:00,19057.74,19719.1,18959.68,19629.08,293585.75212,921.0821428571429,9.884767419131968,0.029588146889958367,20312.333,21143.1184,27934.89625,19412.091754842877,-293.6558801465253,-385.61097807369106,50.95922211941619,HOLD,0
2022-10-04 05:30:00,19629.08,20475.0,19490.6,20337.82,327012.00127,925.4857142857145,9.920237485884147,0.03547006675217901,20237.193,21136.115900000004,27827.797799999997,19527.80778548752,-194.5830453057315,-347.40539152009916,65.09493540264995,HOLD,0
2022-10-05 05:30:00,20337.82,20365.6,19730.0,20158.26,312239.75224,840.1700000000001,9.911369408936615,-0.008868076947532444,20163.2634,21130.2729,27717.58345,19606.61431230158,-129.06828244977441,-303.7379697060342,68.39928697206005,HOLD,0
2022-10-06 05:30:00,20158.26,20456.6,19853.0,19960.67,320122.1702,798.0142857142857,9.90151911643636,-0.009850292500255264,20095.623600000003,21127.0667,27611.07625,19650.87127326388,-92.0303539164779,-261.396446548123,57.22527813391783,HOLD,0
2022-10-07 05:30:00,19960.67,20068.82,19320.0,19530.09,220874.83913,782.3171428571428,9.879711632155038,-0.02180748428132162,20022.4014,21121.1375,27503.71545,19635.773614105896,-96.3115169867815,-228.3794606358547,52.8678208955224,HOLD,0
2022-10-08 05:30:00,19530.09,19627.38,19237.14,19417.96,102480.09842,773.7057142857144,9.873953689983587,-0.0057579421714510914,19994.0728,21115.895,27388.984600000003,19608.54691234266,-107.51298073717044,-204.2061646561179,56.32865335782729,HOLD,0
2022-10-09 05:30:00,19416.52,19558.0,19316.04,19439.02,113900.82681,751.6307142857144,9.875037665221093,0.0010839752375062517,19960.0518,21117.487200000003,27271.7659,19587.356048299825,-113.38383717137913,-186.04169915917015,58.22842195218542,HOLD,0
2022-10-10 05:30:00,19439.96,19525.0,19020.25,19131.87,212509.09849,742.0957142857145,9.859110809878503,-0.015926855342589974,19912.377,21116.277799999996,27147.46795,19530.420292262348,-141.19338181730927,-177.07203569079797,48.71203558781916,HOLD,0
2022-10-11 05:30:00,19131.87,19268.09,18860.0,19060.0,243473.84286,659.1350000000002,9.855347177208193,-0.003763632670310102,19865.5804,21113.719500000003,27021.202149999997,19471.617755729556,-167.10566458187895,-175.07876146901418,49.737805128767405,HOLD,0
2022-10-12 05:30:00,19060.0,19238.31,18965.88,19155.53,213826.26731,584.4000000000002,9.860346725767892,0.004999548559698752,19818.1086,21102.9077,26894.423450000002,19432.10678626336,-177.8823457839535,-175.63947833200206,46.22729765476304,HOLD,0
2022-10-13 05:30:00,19155.1,19513.79,18190.0,19375.13,399756.68337,621.6342857142857,9.871745563876457,0.011398838108565457,19778.2496,21094.9007,26757.160300000003,19424.984687980443,-166.78051657436663,-173.867685980475,46.86478497739659,HOLD,0
2022-10-14 05:30:00,19375.58,19951.87,19070.37,19176.93,351634.32601,611.0528571428573,9.861463273060878,-0.010282290815579742,19730.6074,21081.024900000004,26617.4339,19393.977851982887,-171.99269577968153,-173.4926879403163,46.47021637309273,HOLD,0
2022-10-15 05:30:00,19176.93,19227.68,18975.18,19069.39,113847.64232,605.9042857142857,9.855839710668068,-0.005623562392809589,19707.1742,21055.468999999997,26475.606849999996,19353.404370485026,-182.69497070373836,-175.3331444930007,46.5252964631557,HOLD,0
2022-10-16 05:30:00,19068.4,19425.84,19063.74,19262.98,131894.61885,597.7999999999998,9.865940398201742,0.010100687533673991,19691.681800000002,21032.151299999998,26336.5818,19342.1013241744,-173.55487304362396,-174.97749020312537,53.01836962950383,HOLD,0
2022-10-17 05:30:00,19262.98,19676.96,19152.03,19549.86,222813.87634,581.0507142857142,9.880723404262552,0.014783006060810067,19691.5668,21011.731600000003,26206.779400000003,19368.0711586526,-141.5309803122691,-168.28818822495413,48.734512878511936,HOLD,0
2022-10-18 05:30:00,19548.48,19706.66,19091.0,19327.44,260313.07848,554.7121428571427,9.869281126804868,-0.011442277457684114,19672.400999999998,20996.381299999997,26071.99915,19362.992263821026,-132.57105318300455,-161.14476121656423,30.89079698906839,HOLD,0
2022-10-19 05:30:00,19327.44,19360.16,19065.97,19123.97,186137.29538,530.3257142857141,9.858697801035289,-0.010583325769578877,19658.647200000003,20987.984899999996,25938.564,19333.1144808434,-140.27161109388544,-156.97013119202848,30.613920325684873,HOLD,0
2022-10-20 05:30:00,19123.35,19347.82,18900.0,19041.92,223530.13068,519.1985714285713,9.854398143597447,-0.004299657437842441,19638.4852,20985.116599999998,25801.736849999998,19296.715170737974,-151.25157400305397,-155.8264197542336,31.99990595869241,HOLD,0
2022-10-21 05:30:00,19041.92,19250.0,18650.0,19164.37,269310.75769,508.5685714285714,9.860808104850657,0.006409961253210028,19619.143399999997,20974.411600000003,25664.65615,19280.172024395728,-148.36235321675122,-154.33360644673712,41.8509407559917,HOLD,0
2022-10-22 05:30:00,19164.37,19257.0,19112.72,19204.35,110403.90837,490.9999999999997,9.862892094854466,0.0020839900038094328,19604.193199999998,20960.5667,25533.190150000002,19270.694271346263,-141.21869188028722,-151.71062353344715,45.082167244531014,HOLD,0
2022-10-23 05:30:00,19204.29,19695.0,19070.11,19570.4,167057.20184,518.3521428571427,9.881773499629373,0.018881404774907296,19598.9632,20947.970299999997,25415.1898,19308.15748742798,-104.81190659524873,-142.33088014580747,52.61008113541908,HOLD,0
2022-10-24 05:30:00,19570.4,19601.15,19157.0,19329.72,256168.14467,514.0235714285712,9.869399086841385,-0.01237441278798812,19585.551600000003,20929.3115,25294.61745,19310.85280149948,-94.29317844776233,-132.72333980619845,54.037244267051946,HOLD,0
2022-10-25 05:30:00,19330.6,20415.87,19237.0,20080.07,326370.67061,569.0792857142854,9.907483059855366,0.03808397301398081,19591.216200000003,20922.130599999997,25183.75775,19407.004951312047,-25.120463478106103,-111.20276454057999,66.30134972305584,HOLD,0
2022-10-26 05:30:00,20079.02,21020.0,20050.41,20771.59,380492.69576,618.8764285714284,9.941341466660418,0.033858406805052255,19630.835799999997,20905.5207,25073.845849999998,19577.578082398042,84.52494526994997,-72.05722257847401,71.69336175559359,HOLD,0
2022-10-27 05:30:00,20771.61,20872.21,20200.0,20295.11,328643.57791,572.3349999999997,9.91813524931251,-0.02320621734790862,19650.8812,20874.5056,24964.527149999998,19667.26957209829,131.4564199840097,-31.354494065977274,61.552719217612726,HOLD,0
2022-10-28 05:30:00,20295.11,20750.0,20000.09,20591.84,287039.94569,562.935714285714,9.932650159797952,0.014514910485441845,19676.3226,20848.191,24869.834099999996,19782.840875586004,190.39878427583608,12.9961616023854,67.33877589033841,HOLD,0
2022-10-29 05:30:00,20591.84,21085.0,20554.01,20809.67,254881.77755,582.8278571428569,9.943173061501252,0.010522901703300391,19665.3138,20824.7658,24773.50775,19911.19451613775,251.78566474064428,60.75406223003718,70.76468566846754,HOLD,0
2022-10-30 05:30:00,20809.68,20931.21,20515.0,20627.48,192795.60886,586.692857142857,9.934379446398584,-0.008793615102668184,19644.8966,20804.1923,24670.9062,20000.730201620532,282.47777148953537,105.09880408193682,66.32536347712893,HOLD,0
2022-10-31 05:30:00,20627.48,20845.92,20237.95,20490.74,303567.61628,592.6242857142853,9.927728355758944,-0.006651090639639534,19618.174,20784.589,24573.648,20061.981426417966,292.39713978009604,142.55847122156865,61.67652037508626,HOLD,0
2022-11-01 05:30:00,20490.74,20700.0,20330.74,20483.62,279932.43771,575.0242857142852,9.927380821346123,-0.00034753441282120434,19579.9316,20763.628399999998,24473.3066,20114.68624811572,296.2685862780527,173.30049423286545,65.15848375829916,HOLD,0
2022-11-02 05:30:00,20482.81,20800.0,20048.04,20151.84,373716.27299,607.7221428571423,9.911050878342332,-0.016329943003791314,19579.497,20752.037800000002,24372.17225,20119.330467101252,269.45871004394576,192.53213739508152,63.0375829221578,HOLD,0
2022-11-03 05:30:00,20151.84,20393.32,20031.24,20207.82,319185.1544,601.5978571428566,9.913824937187181,0.002774058844849492,19579.1192,20741.569300000003,24274.82075,20130.391658713597,249.84870775176387,203.99545146641802,64.88681982083213,HOLD,0
2022-11-04 05:30:00,20207.12,21302.05,20180.96,21148.52,453694.39165,638.8185714285709,9.959325205666627,0.04550026847944544,19608.052,20723.53,24176.5577,20257.657701374395,306.6790625627109,224.5321736856766,70.95580391750968,HOLD,0
2022-11-05 05:30:00,21148.52,21480.65,21080.65,21299.37,245621.98525,657.0842857142852,9.966432773795306,0.007107568128679631,19637.9734,20698.094399999998,24075.58865,20387.871738702597,359.74296946515824,251.57433284157298,71.62043343653252,HOLD,0
2022-11-06 05:30:00,21299.37,21365.27,20886.13,20905.58,230036.97217,646.6735714285709,9.94777138796451,-0.018661385830796462,19653.812599999997,20669.4127,23973.3256,20452.585271364776,365.80417322673384,274.42030091860516,63.70050525987435,HOLD,0
2022-11-07 05:30:00,20905.58,21069.77,20384.89,20591.13,386977.60337,663.8685714285709,9.932615679526126,-0.015155708438383542,19677.3116,20638.888899999998,23873.8812,20469.90336244418,341.2999405815099,287.79622885118613,62.75050490143558,HOLD,0
2022-11-08 05:30:00,20590.67,20700.88,17166.83,18547.23,760705.362783,832.0957142857138,9.82807573073977,-0.10453994878635697,19657.5158,20591.428,23768.07145,20229.569192138657,155.16585585283974,261.27015425151683,37.71774630372143,CLOSE_STOP,-1
2022-11-09 05:30:00,18545.38,18587.76,15588.0,15922.81,731926.929729,977.1078571428565,9.675507951360439,-0.1525677793793303,19598.471999999998,20517.976000000002,23650.4775,19691.224293121326,-201.789405468513,168.65824230751087,20.336450930874463,HOLD,0
2022-11-10 05:30:00,15922.68,18199.0,15754.26,17601.15,608448.36432,1103.7171428571423,9.77571951980071,0.10021156844027068,19581.2678,20464.1096,23541.2326,19429.96500648116,-345.2709417690785,65.872405492193,35.63193746653269,HOLD,0
2022-11-11 05:30:00,17602.45,17695.0,16361.6,17070.31,393552.86492,1145.3949999999993,9.74509597613911,-0.030623543661599584,19534.6414,20406.629,23424.45375,19135.008130671016,-496.09675007557234,-46.52142562136007,31.67574329295769,HOLD,0
2022-11-12 05:30:00,17069.98,17119.1,16631.39,16812.08,167819.96035,1142.3035714285706,9.729852954619515,-0.01524302151959489,19485.0848,20348.52,23317.950900000003,18844.64211433714,-629.2111383490301,-163.05936816689407,29.285660247913597,HOLD,0
2022-11-13 05:30:00,16813.16,16954.28,16229.0,16329.85,184960.78846,1164.3799999999992,9.700750000374253,-0.029102954245262325,19433.2718,20278.6943,23203.42155,18530.293100045,-764.8010307188415,-283.4077006772836,28.40250186695239,HOLD,0
2022-11-14 05:30:00,16331.78,17190.0,15815.21,16619.46,380210.7775,1219.1528571428566,9.718329576906866,0.017579576532613217,19389.5134,20215.346800000003,23087.8085,18291.438962539374,-839.2139545901373,-394.56895145985436,30.83949698284735,HOLD,0
2022-11-15 05:30:00,16617.72,17134.69,16527.72,16900.57,282461.84391,1236.1321428571423,9.735102628153046,0.01677305124617945,19342.9684,20152.6086,22979.3308,18117.580342221954,-865.5262572859901,-488.7604126250816,32.73433607389197,HOLD,0
2022-11-16 05:30:00,16900.57,17015.92,16378.61,16662.76,261493.40809,1227.9428571428564,9.7209315682662,-0.014171059886844972,19294.641,20081.136199999997,22874.4906,17935.727799444212,-895.2483604546942,-570.0580021910041,33.03349652702809,HOLD,0
2022-11-17 05:30:00,16661.61,16751.0,16410.74,16692.56,228038.97873,1226.384285714285,9.7227183901542,0.001786821887998613,19240.2358,20016.5623,22765.61165,17780.331824513687,-905.9554400261331,-637.2374897580299,32.862555674292736,HOLD,0
2022-11-18 05:30:00,16692.56,17011.0,16546.04,16700.45,214224.18184,1179.5178571428564,9.723190944149591,0.00047255399539203324,19182.414600000004,19944.026299999998,22656.488100000002,17645.346596449475,-903.3904973538847,-690.468091277201,26.14533312882712,HOLD,0
2022-11-19 05:30:00,16699.43,16822.41,16553.53,16700.68,104963.15558,1170.152142857142,9.723204716138742,1.377198915086808e-05,19127.976,19871.6892,22551.346750000004,17527.26327189329,-891.0675309029357,-730.5879792023479,24.932598540225584,HOLD,0
2022-11-20 05:30:00,16700.68,16753.33,16180.0,16280.23,154842.13478,1176.8799999999994,9.697706767220863,-0.025497948917879043,19067.3616,19790.454700000002,22434.2979,17371.38411290663,-904.7983403114195,-765.4300514241622,24.86034278657857,HOLD,0
2022-11-21 05:30:00,16279.5,16319.0,15476.0,15781.29,324096.997753,1188.1742857142851,9.666580340108023,-0.03112642711283975,19001.8514,19703.853799999997,22330.4395,17172.622348793302,-945.0464862546869,-801.3533383902671,24.371576546814737,HOLD,0
2022-11-22 05:30:00,15781.29,16315.0,15616.63,16226.94,239548.06623,985.6257142857138,9.694428102991566,0.027847762883542515,18933.8086,19623.0708,22231.505350000003,17054.412055194138,-930.2597460534889,-827.1346199229115,35.098740615627676,HOLD,0
2022-11-23 05:30:00,16227.96,16706.0,16160.2,16603.11,264927.70408,810.3428571428567,9.717345306194519,0.022917203202952763,18859.114400000002,19548.1537,22137.15895,16997.999298294868,-878.0655792741672,-837.3208117931628,56.14288552182473,SHORT,-1
2022-11-24 05:30:00,16603.11,16812.63,16458.05,16598.95,206565.92346,661.045714285714,9.71709471933203,-0.00025058686248868867,18787.928200000002,19475.5958,22049.9617,16948.11813600801,-827.4981200678667,-835.3562734481036,37.0286193543043,HOLD,0
2022-11-25 05:30:00,16599.55,16666.0,16342.81,16522.14,182089.49533,588.8878571428569,9.712456578636967,-0.004638140695062631,18719.1576,19407.3906,21982.19085,16894.870869007013,-784.5768557886549,-825.2003899162139,41.96017118937896,HOLD,0
2022-11-26 05:30:00,16521.35,16701.99,16385.0,16458.57,181804.81666,576.6935714285713,9.708601593178761,-0.0038549854582061727,18657.7272,19340.064300000002,21909.3982,16840.333260381136,-747.079148951223,-809.5761417232158,44.501202390470446,HOLD,0
2022-11-27 05:30:00,16457.61,16600.0,16401.0,16428.78,162025.47607,539.1021428571429,9.706789953861659,-0.001811639317102376,18597.9436,19296.008199999997,21846.0224,16788.889102833495,-711.5632914694615,-789.973571672465,51.79091886646944,HOLD,0
2022-11-28 05:30:00,16428.77,16487.04,15995.27,16212.91,252695.40367,476.0292857142857,9.693563117433694,-0.013226836427964628,18533.421400000003,19246.7366,21781.938200000004,16716.89171497931,-692.8488926849532,-770.5486358749627,42.43838928671071,HOLD,0
2022-11-29 05:30:00,16212.18,16548.71,16100.0,16442.53,248106.25009,464.7250000000001,9.707626549713906,0.014063432280211785,18479.6346,19196.0058,21717.715599999996,16682.596500606895,-651.9736356009671,-746.8336358201636,41.31434032676465,HOLD,0
2022-11-30 05:30:00,16442.91,17249.0,16428.3,17163.64,303019.80719,477.824285714286,9.75054847175955,0.042921922045644934,18441.707400000003,19153.6439,21653.100100000003,16742.72693803103,-554.994518106665,-708.465812277464,58.02676871598624,HOLD,0
2022-12-01 05:30:00,17165.53,17324.0,16855.01,16977.37,232818.18218,487.01928571428624,9.739636559765286,-0.010911911994265111,18398.144200000002,19108.1264,21581.3425,16772.057320777152,-487.54814949310094,-664.2822797205914,54.34621382987486,HOLD,0
2022-12-02 05:30:00,16978.0,17105.73,16787.85,17092.74,202372.2062,476.5135714285721,9.746409090935533,0.00677253117024712,18352.4964,19065.373,21517.436149999998,16812.142655680007,-419.9461438899598,-615.4150525544651,55.79622991657828,HOLD,0
2022-12-03 05:30:00,17092.13,17188.98,16858.74,16885.2,154542.57306,480.89642857142906,9.73419277758221,-0.012216313353322406,18306.661799999998,19018.6346,21449.6375,16821.274823720007,-378.75179597992246,-568.0824012395566,52.56897185435996,HOLD,0
2022-12-04 05:30:00,16885.2,17202.84,16878.25,17105.7,178619.13387,463.1292857142861,9.747167020280871,0.012974242698660987,18267.388,18987.2811,21391.5894,16856.827970755006,-324.5710186033393,-519.3801247123132,62.17015542391423,HOLD,0
2022-12-05 05:30:00,17106.65,17424.25,16867.0,16966.35,233703.29225,442.7185714285718,9.738987249649178,-0.008179770631693728,18221.4554,18956.568600000002,21324.825,16870.51822441063,-289.539115888314,-473.4119229475134,69.54396427181383,REVERSE_SHORT_TO_LONG,2
2022-12-06 05:30:00,16966.35,17107.01,16906.37,17088.96,218730.76883,407.1664285714288,9.746187919957178,0.007200670308000312,18172.237399999998,18931.9021,21264.264749999995,16897.8234463593,-249.01202269690475,-428.53194289739173,65.91182616271766,HOLD,0
2022-12-07 05:30:00,17088.96,17142.21,16678.83,16836.64,220657.41334,401.27928571428583,9.731312742947951,-0.014875177009226803,18122.421400000003,18897.4112,21201.22265,16890.175515564388,-234.5503739264641,-389.73562910320624,54.51721349844671,HOLD,0
2022-12-08 05:30:00,16836.64,17299.0,16733.49,17224.1,236417.97804,416.34571428571417,9.754064844879645,0.022752101931693858,18084.424,18871.5356,21135.87345,16931.91607611884,-189.63859356299872,-349.71622199516474,60.53082855208051,HOLD,0
2022-12-09 05:30:00,17224.1,17360.0,17058.21,17128.56,238422.06465,414.81714285714276,9.748502524737384,-0.005562320142260546,18046.1568,18842.321,21075.970500000003,16956.496566603986,-159.91160218349614,-311.75529803283104,60.151259491382454,HOLD,0
2022-12-10 05:30:00,17128.56,17227.72,17092.0,17127.49,140573.97937,401.8692857142856,9.748440054020513,-6.247071687148775e-05,18005.4192,18812.281300000002,21013.335049999998,16977.870745778488,-134.88422600657577,-276.38108362758,61.43679772399316,HOLD,0
2022-12-11 05:30:00,17127.49,17270.99,17071.0,17085.05,155286.47871,401.94,9.745959091088862,-0.0024809629316511206,17963.0332,18783.6132,20951.04955,16991.268152556175,-117.1242677368391,-244.52972044943184,61.17218860973691,HOLD,0
2022-12-12 05:30:00,17085.05,17241.89,16871.85,17209.83,226227.49694,393.245,9.753236011178878,0.007276920090015793,17915.8218,18757.3925,20891.09195,17018.588383486654,-91.92106091311871,-214.00798854216922,67.51452926584163,HOLD,0
2022-12-13 05:30:00,17208.93,18000.0,17080.14,17774.7,284462.9139,426.89857142857153,9.785531376891882,0.03229536571300429,17884.721400000002,18735.1365,20836.81645,17113.102335550822,-26.0665705422507,-176.41970494218552,70.93797053341002,HOLD,0
2022-12-14 05:30:00,17775.82,18387.95,17660.94,17803.15,266681.22209,420.2064285714288,9.787130686915624,0.0015993100237423619,17839.183,18715.1996,20780.67555,17199.35829360697,28.095398500932788,-135.51668425356186,62.848945378269455,HOLD,0
2022-12-15 05:30:00,17804.01,17854.82,17275.51,17356.34,223701.96882,428.08642857142877,9.761713136493592,-0.02541755042203242,17770.878,18700.8569,20720.11675,17218.9810069061,34.56685118718087,-101.49997716541333,56.89259433052879,HOLD,0
2022-12-16 05:30:00,17356.96,17531.73,16527.32,16632.12,253379.04116,477.1242857142858,9.719091044519036,-0.04262209197455569,17697.6182,18674.2497,20644.60625,17145.623381042835,-18.529382191827608,-84.90585817069619,43.14137154701066,CLOSE_STOP,-1
2022-12-17 05:30:00,16631.5,16796.82,16579.85,16776.52,144825.66684,469.03357142857175,9.727735568763267,0.008644524244230567,17621.3118,18648.8172,20569.48365,17099.48545841248,-48.39874586834776,-77.60443571022651,48.35074450197583,SHORT,-1
2022-12-18 05:30:00,16777.54,16863.26,16663.07,16738.21,112619.31646,460.1478571428574,9.725449408815944,-0.00228615994732273,17539.8826,18602.5982,20504.14555,17054.32602611092,-74.30518469333765,-76.94458550684874,44.09679274439942,HOLD,0
2022-12-19 05:30:00,16739.0,16815.99,16256.3,16438.88,179094.28305,460.32214285714326,9.707404539768772,-0.01804486904717173,17456.1106,18550.5036,20434.07685,16977.395272847054,-117.63364605543757,-85.08239761656651,41.94114177980271,HOLD,0
2022-12-20 05:30:00,16438.88,17061.27,16397.2,16895.56,248808.92324,493.42428571428616,9.734806144500231,0.027401604731458917,17384.207000000002,18501.1905,20370.0536,16967.16586374117,-113.80957850659252,-90.82783379457172,47.31886388590064,HOLD,0
2022-12-21 05:30:00,16896.15,16925.0,16723.0,16824.67,156810.96362,474.7542857142863,9.730601540650444,-0.004204603849787603,17311.028,18445.4798,20304.85675,16949.353880773524,-115.17158166910303,-95.69658336947799,49.825268228596435,HOLD,0
2022-12-22 05:30:00,16824.68,16868.52,16559.85,16821.43,176044.27235,456.4085714285723,9.730408947749037,-0.0001925929014063854,17244.4198,18411.9584,20239.36785,16933.36339567683,-115.1846430452133,-99.59419530462506,43.37938132803693,HOLD,0
2022-12-23 05:30:00,16821.9,16955.14,16731.13,16778.5,161612.00947,450.85285714285783,9.72785358389199,-0.0025553638570467996,17175.8334,18377.476300000002,20166.39485,16914.005471217228,-117.30684619691965,-103.13672548308398,44.14305887392,HOLD,0
2022-12-24 05:30:00,16778.52,16869.99,16776.62,16836.12,100224.29096,447.8278571428579,9.73128185744881,0.0034282735568194056,17089.5854,18348.8187,20094.948800000002,16904.269787315076,-113.03624358134402,-105.116629102736,45.21555220576882,HOLD,0
2022-12-25 05:30:00,16835.73,16857.96,16721.0,16832.11,125441.07202,443.3257142857149,9.731043650687186,-0.00023820676162422671,17000.2402,18319.106799999998,20028.0855,16895.249813900693,-108.72205357106213,-105.83771399640122,45.79350349571271,HOLD,0
2022-12-26 05:30:00,16832.11,16944.52,16791.0,16919.39,124564.00656,427.8600000000006,9.736215580500868,0.005171929813682752,16920.5164,18287.1645,19962.1328,16898.267337163106,-97.1404852886917,-104.09826825485932,45.10885673483682,HOLD,0
2022-12-27 05:30:00,16919.39,16972.83,16592.37,16706.36,173749.58616,389.3314285714293,9.723544764227693,-0.012670816273175234,16842.821,18260.066300000002,19900.2052,16874.278920017718,-103.95343908126233,-104.06930242013993,29.590019868561825,HOLD,0
2022-12-28 05:30:00,16706.06,16785.19,16465.33,16547.31,193037.56577,360.2492857142861,9.713978829830165,-0.009565934397528508,16802.8226,18230.1692,19840.81825,16833.407805015504,-120.79431810300593,-107.41430555671315,27.148264065798088,HOLD,0
2022-12-29 05:30:00,16547.32,16664.41,16488.91,16633.47,160998.47158,331.40571428571457,9.719172209470612,0.005193379640447304,16817.0358,18207.7539,19791.11295,16808.415579388566,-125.73900317015068,-111.07924507940065,34.85914165427393,HOLD,0
2022-12-30 05:30:00,16633.47,16677.35,16333.0,16607.48,164916.31174,284.2585714285716,9.717608475263495,-0.0015637342071173066,16797.1624,18189.2151,19761.7133,16783.298631964997,-130.25339741740027,-114.91407554700058,49.27053975321509,HOLD,0
2022-12-31 05:30:00,16607.48,16644.09,16470.0,16542.4,114490.42864,281.1957142857144,9.71368206083243,-0.003926414431065339,16786.6042,18160.6228,19733.743250000003,16753.186302969374,-137.49751373740946,-119.43076318508237,42.7273856858847,HOLD,0
